[32mINFO ESPHome 2026.2.2[0m
[32mINFO Reading configuration garage7160.yaml...[0m
[32mINFO Updating https://github.com/JohnMcLear/esphome_pn7160@None[0m
[33mWARNING GPIO2 is a strapping PIN and should only be used for I/O with care.
Attaching external pullup/down resistors to strapping pins can cause unexpected failures.
See https://esphome.io/guides/faq/#why-am-i-getting-a-warning-about-strapping-pins[0m
[32mINFO Generating C++ source...[0m
[32mINFO Setting CONFIG_LWIP_MAX_SOCKETS to 11 (registered: api=4, captive_portal=4, mdns=2, ota=1)[0m
[32mINFO Compiling app... Build path: /config/.esphome/build/johnhousegarage[0m
Processing [36m[1mjohnhousegarage[0m (board: esp32dev; framework: arduino, espidf; platform: https://github.com/pioarduino/platform-espressif32/releases/download/55.03.37/platform-espressif32.zip)
[1m--------------------------------------------------------------------------------[0m
Created pioarduino Python virtual environment using uv: /root/.platformio/penv
Installed esptool from tl-install path: /config/.esphome/platformio/packages/tool-esptoolpy
[0mHARDWARE: ESP32 240MHz, 320KB RAM, 4MB Flash
[0m - contrib-piohome @ 3.4.4 
[0m - framework-arduinoespressif32 @ 3.3.7 
[0m - framework-arduinoespressif32-libs @ 5.5.2 
[0m - framework-espidf @ 3.50502.0 (5.5.2) 
[0m - tool-cmake @ 4.0.3 
[0m - tool-esp-rom-elfs @ 2024.10.11 
[0m - tool-esptoolpy @ 5.1.2 
[0m - tool-ninja @ 1.13.1 
[0m - tool-scons @ 4.40801.0 (4.8.1) 
[0m - toolchain-xtensa-esp-elf @ 14.2.0+20251107
[0mCreating a new virtual environment for IDF Python dependencies using uv
[33mUsing Python 3.12.10 environment at: /root/.platformio/penv/.espidf-5.5.2
[0mInstalling ESP-IDF's Python dependencies with uv
[0m[33mUsing Python 3.12.10 environment at: /root/.platformio/penv/.espidf-5.5.2
[0m[33mResolved 27 packages in 570ms
[0m[33mDownloading cryptography (4.0MiB)
[0m[33mDownloading pydantic-core (2.0MiB)
[0m[33m Downloaded pydantic-core
[0m[33m Downloaded cryptography
[0m[33mPrepared 27 packages in 1.09s
[0m[33mInstalled 27 packages in 11ms
[0m[33m + annotated-types==0.7.0
[0m[33m + certifi==2026.2.25
[0m[33m + cffi==2.0.0
[0m[33m + charset-normalizer==3.4.5
[0m[33m + click==8.3.1
[0m[33m + colorama==0.4.6
[0m[33m + cryptography==44.0.3
[0m[33m + esp-idf-kconfig==2.5.3
[0m[33m + idf-component-manager==2.4.8
[0m[33m + idna==3.11
[0m[33m + jsonref==1.1.0
[0m[33m + psutil==7.2.2
[0m[33m + pycparser==3.0
[0m[33m + pydantic==2.12.5
[0m[33m + pydantic-core==2.41.5
[0m[33m + pydantic-settings==2.13.1
[0m[33m + pyparsing==3.3.2
[0m[33m + python-dotenv==1.2.2
[0m[33m + requests==2.32.5
[0m[33m + requests-file==3.0.1
[0m[33m + requests-toolbelt==1.0.0
[0m[33m + ruamel-yaml==0.19.1
[0m[33m + tqdm==4.67.3
[0m[33m + truststore==0.10.4
[0m[33m + typing-extensions==4.15.0
[0m[33m + typing-inspection==0.4.2
[0m[33m + urllib3==1.26.20
[0mReading CMake configuration...
[0mNo dependencies
[0mCompiling .pioenvs/johnhousegarage/src/esphome/components/pn7160/pn7160.cpp.o
[0mCompiling .pioenvs/johnhousegarage/src/esphome/components/pn7160/pn7160_mifare_classic.cpp.o
[0mCompiling .pioenvs/johnhousegarage/src/esphome/components/pn7160/pn7160_mifare_ultralight.cpp.o
[0mCompiling .pioenvs/johnhousegarage/src/esphome/components/pn7160_i2c/pn7160_i2c.cpp.o
[0mCompiling .pioenvs/johnhousegarage/src/main.cpp.o
[0m[33mIn file included from [01m[Ksrc/esphome/components/pn7160/automation.h:5[m[K,
[0m[33m                 from [01m[Ksrc/esphome/components/pn7160/pn7160.cpp:3[m[K:
[0m[33m[01m[Ksrc/esphome/components/pn7160/pn7160.h:20:7:[m[K [01;31m[Kerror: [m[Kconflicting declaration '[01m[Kusing esphome::nfc::NfcTagUid = class std::vector<unsigned char>[m[K'
[0m[33m   20 | using [01;31m[KNfcTagUid[m[K = std::vector<uint8_t>;
[0m      |       [01;31m[K^~~~~~~~~[m[K
[33mIn file included from [01m[Ksrc/esphome/components/nfc/nfc.h:7[m[K,
[0m[33m                 from [01m[Ksrc/esphome/components/nfc/automation.h:6[m[K,
[0m[33m                 from [01m[Ksrc/esphome/components/pn7160/pn7160.h:3[m[K:
[0m[33m[01m[Ksrc/esphome/components/nfc/nfc_tag.h:15:7:[m[K [01;36m[Knote: [m[Kprevious declaration as '[01m[Kusing esphome::nfc::NfcTagUid = class esphome::StaticVector<unsigned char, 10>[m[K'
[0m[33m   15 | using [01;36m[KNfcTagUid[m[K = StaticVector<uint8_t, NFC_UID_MAX_LENGTH>;
[0m      |       [01;36m[K^~~~~~~~~[m[K
[33m[01m[Ksrc/esphome/components/pn7160/pn7160.h:21:21:[m[K [01;31m[Kerror: [m[Kredefinition of '[01m[Kconst size_t esphome::nfc::FORMAT_BYTES_BUFFER_SIZE[m[K'
[0m[33m   21 | static const size_t [01;31m[KFORMAT_BYTES_BUFFER_SIZE[m[K = 128;
[0m      |                     [01;31m[K^~~~~~~~~~~~~~~~~~~~~~~~[m[K
[33m[01m[Ksrc/esphome/components/nfc/nfc.h:63:25:[m[K [01;36m[Knote: [m[K'[01m[Kconstexpr const size_t esphome::nfc::FORMAT_BYTES_BUFFER_SIZE[m[K' previously defined here
[0m[33m   63 | static constexpr size_t [01;36m[KFORMAT_BYTES_BUFFER_SIZE[m[K = 192;
[0m      |                         [01;36m[K^~~~~~~~~~~~~~~~~~~~~~~~[m[K
[33m[01m[Ksrc/esphome/components/pn7160/pn7160.h:22:21:[m[K [01;31m[Kerror: [m[Kredefinition of '[01m[Kconst size_t esphome::nfc::FORMAT_UID_BUFFER_SIZE[m[K'
[0m[33m   22 | static const size_t [01;31m[KFORMAT_UID_BUFFER_SIZE[m[K = 32;
[0m      |                     [01;31m[K^~~~~~~~~~~~~~~~~~~~~~[m[K
[33m[01m[Ksrc/esphome/components/nfc/nfc.h:58:25:[m[K [01;36m[Knote: [m[K'[01m[Kconstexpr const size_t esphome::nfc::FORMAT_UID_BUFFER_SIZE[m[K' previously defined here
[0m[33m   58 | static constexpr size_t [01;36m[KFORMAT_UID_BUFFER_SIZE[m[K = 30;
[0m      |                         [01;36m[K^~~~~~~~~~~~~~~~~~~~~~[m[K
[33mIn file included from [01m[Ksrc/esphome/components/pn7160/pn7160_mifare_ultralight.cpp:4[m[K:
[0m[33m[01m[Ksrc/esphome/components/pn7160/pn7160.h:20:7:[m[K [01;31m[Kerror: [m[Kconflicting declaration '[01m[Kusing esphome::nfc::NfcTagUid = class std::vector<unsigned char>[m[K'
[0m[33m   20 | using [01;31m[KNfcTagUid[m[K = std::vector<uint8_t>;
[0m      |       [01;31m[K^~~~~~~~~[m[K
[33mIn file included from [01m[Ksrc/esphome/components/nfc/nfc.h:7[m[K,
[0m[33m                 from [01m[Ksrc/esphome/components/nfc/automation.h:6[m[K,
[0m[33m                 from [01m[Ksrc/esphome/components/pn7160/pn7160.h:3[m[K:
[0m[33m[01m[Ksrc/esphome/components/nfc/nfc_tag.h:15:7:[m[K [01;36m[Knote: [m[Kprevious declaration as '[01m[Kusing esphome::nfc::NfcTagUid = class esphome::StaticVector<unsigned char, 10>[m[K'
[0m[33m   15 | using [01;36m[KNfcTagUid[m[K = StaticVector<uint8_t, NFC_UID_MAX_LENGTH>;
[0m      |       [01;36m[K^~~~~~~~~[m[K
[33m[01m[Ksrc/esphome/components/pn7160/pn7160.h:21:21:[m[K [01;31m[Kerror: [m[Kredefinition of '[01m[Kconst size_t esphome::nfc::FORMAT_BYTES_BUFFER_SIZE[m[K'
[0m[33m   21 | static const size_t [01;31m[KFORMAT_BYTES_BUFFER_SIZE[m[K = 128;
[0m      |                     [01;31m[K^~~~~~~~~~~~~~~~~~~~~~~~[m[K
[33m[01m[Ksrc/esphome/components/nfc/nfc.h:63:25:[m[K [01;36m[Knote: [m[K'[01m[Kconstexpr const size_t esphome::nfc::FORMAT_BYTES_BUFFER_SIZE[m[K' previously defined here
[0m[33m   63 | static constexpr size_t [01;36m[KFORMAT_BYTES_BUFFER_SIZE[m[K = 192;
[0m      |                         [01;36m[K^~~~~~~~~~~~~~~~~~~~~~~~[m[K
[33m[01m[Ksrc/esphome/components/pn7160/pn7160.h:22:21:[m[K [01;31m[Kerror: [m[Kredefinition of '[01m[Kconst size_t esphome::nfc::FORMAT_UID_BUFFER_SIZE[m[K'
[0m[33m   22 | static const size_t [01;31m[KFORMAT_UID_BUFFER_SIZE[m[K = 32;
[0m      |                     [01;31m[K^~~~~~~~~~~~~~~~~~~~~~[m[K
[33m[01m[Ksrc/esphome/components/nfc/nfc.h:58:25:[m[K [01;36m[Knote: [m[K'[01m[Kconstexpr const size_t esphome::nfc::FORMAT_UID_BUFFER_SIZE[m[K' previously defined here
[0m[33m   58 | static constexpr size_t [01;36m[KFORMAT_UID_BUFFER_SIZE[m[K = 30;
[0m      |                         [01;36m[K^~~~~~~~~~~~~~~~~~~~~~[m[K
[33mIn file included from [01m[Ksrc/esphome/components/pn7160/pn7160_mifare_classic.cpp:3[m[K:
[0m[33m[01m[Ksrc/esphome/components/pn7160/pn7160.h:20:7:[m[K [01;31m[Kerror: [m[Kconflicting declaration '[01m[Kusing esphome::nfc::NfcTagUid = class std::vector<unsigned char>[m[K'
[0m[33m   20 | using [01;31m[KNfcTagUid[m[K = std::vector<uint8_t>;
[0m      |       [01;31m[K^~~~~~~~~[m[K
[33mIn file included from [01m[Ksrc/esphome/components/nfc/nfc.h:7[m[K,
[0m[33m                 from [01m[Ksrc/esphome/components/nfc/automation.h:6[m[K,
[0m[33m                 from [01m[Ksrc/esphome/components/pn7160/pn7160.h:3[m[K:
[0m[33m[01m[Ksrc/esphome/components/nfc/nfc_tag.h:15:7:[m[K [01;36m[Knote: [m[Kprevious declaration as '[01m[Kusing esphome::nfc::NfcTagUid = class esphome::StaticVector<unsigned char, 10>[m[K'
[0m[33m   15 | using [01;36m[KNfcTagUid[m[K = StaticVector<uint8_t, NFC_UID_MAX_LENGTH>;
[0m      |       [01;36m[K^~~~~~~~~[m[K
[33m[01m[Ksrc/esphome/components/pn7160/pn7160.h:21:21:[m[K [01;31m[Kerror: [m[Kredefinition of '[01m[Kconst size_t esphome::nfc::FORMAT_BYTES_BUFFER_SIZE[m[K'
[0m[33m   21 | static const size_t [01;31m[KFORMAT_BYTES_BUFFER_SIZE[m[K = 128;
[0m      |                     [01;31m[K^~~~~~~~~~~~~~~~~~~~~~~~[m[K
[33m[01m[Ksrc/esphome/components/nfc/nfc.h:63:25:[m[K [01;36m[Knote: [m[K'[01m[Kconstexpr const size_t esphome::nfc::FORMAT_BYTES_BUFFER_SIZE[m[K' previously defined here
[0m[33m   63 | static constexpr size_t [01;36m[KFORMAT_BYTES_BUFFER_SIZE[m[K = 192;
[0m      |                         [01;36m[K^~~~~~~~~~~~~~~~~~~~~~~~[m[K
[33m[01m[Ksrc/esphome/components/pn7160/pn7160.h:22:21:[m[K [01;31m[Kerror: [m[Kredefinition of '[01m[Kconst size_t esphome::nfc::FORMAT_UID_BUFFER_SIZE[m[K'
[0m[33m   22 | static const size_t [01;31m[KFORMAT_UID_BUFFER_SIZE[m[K = 32;
[0m      |                     [01;31m[K^~~~~~~~~~~~~~~~~~~~~~[m[K
[33m[01m[Ksrc/esphome/components/nfc/nfc.h:58:25:[m[K [01;36m[Knote: [m[K'[01m[Kconstexpr const size_t esphome::nfc::FORMAT_UID_BUFFER_SIZE[m[K' previously defined here
[0m[33m   58 | static constexpr size_t [01;36m[KFORMAT_UID_BUFFER_SIZE[m[K = 30;
[0m      |                         [01;36m[K^~~~~~~~~~~~~~~~~~~~~~[m[K
[33m[01m[Ksrc/esphome/components/pn7160/pn7160.h:[m[K In function '[01m[Kconst char* esphome::nfc::[01;32m[Kformat_bytes_to[m[K(char*, const std::vector<unsigned char>&)[m[K':
[0m[33m[01m[Ksrc/esphome/components/pn7160/pn7160.h:24:31:[m[K [01;35m[Kwarning: [m[K'[01m[Kstd::string esphome::nfc::[01;32m[Kformat_bytes[m[K(std::span<const unsigned char, 4294967295>)[m[K' is deprecated: Use format_bytes_to() with stack buffer instead. Removed in 2026.6.0 [[01;35m[K-Wdeprecated-declarations[m[K]
[0m[33m   24 |   std::string s = [01;35m[Kformat_bytes(const_cast<std::vector<uint8_t> &>(bytes))[m[K;
[0m      |                   [01;35m[K~~~~~~~~~~~~^~~~~~~~~~~~~~~~~~~~~~~~~~~~~~~~~~~~~~~~~~~[m[K
[33m[01m[Ksrc/esphome/components/nfc/nfc.h:72:13:[m[K [01;36m[Knote: [m[Kdeclared here
[0m[33m   72 | std::string [01;36m[Kformat_bytes[m[K(std::span<const uint8_t> bytes);
[0m      |             [01;36m[K^~~~~~~~~~~~[m[K
[33m[01m[Ksrc/esphome/components/pn7160/pn7160.h:[m[K In function '[01m[Kconst char* esphome::nfc::[01;32m[Kformat_uid_to[m[K(char*, const std::vector<unsigned char>&)[m[K':
[0m[33m[01m[Ksrc/esphome/components/pn7160/pn7160.h:30:29:[m[K [01;35m[Kwarning: [m[K'[01m[Kstd::string esphome::nfc::[01;32m[Kformat_uid[m[K(std::span<const unsigned char, 4294967295>)[m[K' is deprecated: Use format_uid_to() with stack buffer instead. Removed in 2026.6.0 [[01;35m[K-Wdeprecated-declarations[m[K]
[0m[33m   30 |   std::string s = [01;35m[Kformat_uid(const_cast<std::vector<uint8_t> &>(uid))[m[K;
[0m      |                   [01;35m[K~~~~~~~~~~^~~~~~~~~~~~~~~~~~~~~~~~~~~~~~~~~~~~~~~~~[m[K
[33m[01m[Ksrc/esphome/components/nfc/nfc.h:69:13:[m[K [01;36m[Knote: [m[Kdeclared here
[0m[33m   69 | std::string [01;36m[Kformat_uid[m[K(std::span<const uint8_t> uid);
[0m      |             [01;36m[K^~~~~~~~~~[m[K
[33m[01m[Ksrc/esphome/components/pn7160/pn7160.h:[m[K In function '[01m[Kconst char* esphome::nfc::[01;32m[Kformat_bytes_to[m[K(char*, const std::vector<unsigned char>&)[m[K':
[0m[33m[01m[Ksrc/esphome/components/pn7160/pn7160.h:24:31:[m[K [01;35m[Kwarning: [m[K'[01m[Kstd::string esphome::nfc::[01;32m[Kformat_bytes[m[K(std::span<const unsigned char, 4294967295>)[m[K' is deprecated: Use format_bytes_to() with stack buffer instead. Removed in 2026.6.0 [[01;35m[K-Wdeprecated-declarations[m[K]
[0m[33m   24 |   std::string s = [01;35m[Kformat_bytes(const_cast<std::vector<uint8_t> &>(bytes))[m[K;
[0m      |                   [01;35m[K~~~~~~~~~~~~^~~~~~~~~~~~~~~~~~~~~~~~~~~~~~~~~~~~~~~~~~~[m[K
[33m[01m[Ksrc/esphome/components/nfc/nfc.h:72:13:[m[K [01;36m[Knote: [m[Kdeclared here
[0m[33m   72 | std::string [01;36m[Kformat_bytes[m[K(std::span<const uint8_t> bytes);
[0m      |             [01;36m[K^~~~~~~~~~~~[m[K
[33m[01m[Ksrc/esphome/components/pn7160/pn7160.h:[m[K At global scope:
[0m[33m[01m[Ksrc/esphome/components/pn7160/pn7160.h:201:24:[m[K [01;31m[Kerror: [m[K'[01m[KPN7160Sensitivity[m[K' has not been declared
[0m[33m  201 |   void set_sensitivity([01;31m[KPN7160Sensitivity[m[K sensitivity) { this->sensitivity_ = sensitivity; }
[0m      |                        [01;31m[K^~~~~~~~~~~~~~~~~[m[K
[33m[01m[Ksrc/esphome/components/pn7160/pn7160.h:[m[K In function '[01m[Kconst char* esphome::nfc::[01;32m[Kformat_uid_to[m[K(char*, const std::vector<unsigned char>&)[m[K':
[0m[33m[01m[Ksrc/esphome/components/pn7160/pn7160.h:30:29:[m[K [01;35m[Kwarning: [m[K'[01m[Kstd::string esphome::nfc::[01;32m[Kformat_uid[m[K(std::span<const unsigned char, 4294967295>)[m[K' is deprecated: Use format_uid_to() with stack buffer instead. Removed in 2026.6.0 [[01;35m[K-Wdeprecated-declarations[m[K]
[0m[33m   30 |   std::string s = [01;35m[Kformat_uid(const_cast<std::vector<uint8_t> &>(uid))[m[K;
[0m      |                   [01;35m[K~~~~~~~~~~^~~~~~~~~~~~~~~~~~~~~~~~~~~~~~~~~~~~~~~~~[m[K
[33m[01m[Ksrc/esphome/components/nfc/nfc.h:69:13:[m[K [01;36m[Knote: [m[Kdeclared here
[0m[33m   69 | std::string [01;36m[Kformat_uid[m[K(std::span<const uint8_t> uid);
[0m      |             [01;36m[K^~~~~~~~~~[m[K
[33m[01m[Ksrc/esphome/components/pn7160/pn7160.h:[m[K In function '[01m[Kconst char* esphome::nfc::[01;32m[Kformat_bytes_to[m[K(char*, const std::vector<unsigned char>&)[m[K':
[0m[33m[01m[Ksrc/esphome/components/pn7160/pn7160.h:24:31:[m[K [01;35m[Kwarning: [m[K'[01m[Kstd::string esphome::nfc::[01;32m[Kformat_bytes[m[K(std::span<const unsigned char, 4294967295>)[m[K' is deprecated: Use format_bytes_to() with stack buffer instead. Removed in 2026.6.0 [[01;35m[K-Wdeprecated-declarations[m[K]
[0m[33m   24 |   std::string s = [01;35m[Kformat_bytes(const_cast<std::vector<uint8_t> &>(bytes))[m[K;
[0m      |                   [01;35m[K~~~~~~~~~~~~^~~~~~~~~~~~~~~~~~~~~~~~~~~~~~~~~~~~~~~~~~~[m[K
[33m[01m[Ksrc/esphome/components/nfc/nfc.h:72:13:[m[K [01;36m[Knote: [m[Kdeclared here
[0m[33m   72 | std::string [01;36m[Kformat_bytes[m[K(std::span<const uint8_t> bytes);
[0m      |             [01;36m[K^~~~~~~~~~~~[m[K
[33m[01m[Ksrc/esphome/components/pn7160/pn7160.h:241:25:[m[K [01;31m[Kerror: [m[K'[01m[KTestMode[m[K' has not been declared
[0m[33m  241 |   uint8_t set_test_mode([01;31m[KTestMode[m[K test_mode, const std::vector<uint8_t> &data, std::vector<uint8_t> &result);
[0m      |                         [01;31m[K^~~~~~~~[m[K
[33m[01m[Ksrc/esphome/components/pn7160/pn7160.h:[m[K In function '[01m[Kconst char* esphome::nfc::[01;32m[Kformat_uid_to[m[K(char*, const std::vector<unsigned char>&)[m[K':
[0m[33m[01m[Ksrc/esphome/components/pn7160/pn7160.h:30:29:[m[K [01;35m[Kwarning: [m[K'[01m[Kstd::string esphome::nfc::[01;32m[Kformat_uid[m[K(std::span<const unsigned char, 4294967295>)[m[K' is deprecated: Use format_uid_to() with stack buffer instead. Removed in 2026.6.0 [[01;35m[K-Wdeprecated-declarations[m[K]
[0m[33m   30 |   std::string s = [01;35m[Kformat_uid(const_cast<std::vector<uint8_t> &>(uid))[m[K;
[0m      |                   [01;35m[K~~~~~~~~~~^~~~~~~~~~~~~~~~~~~~~~~~~~~~~~~~~~~~~~~~~[m[K
[33m[01m[Ksrc/esphome/components/nfc/nfc.h:69:13:[m[K [01;36m[Knote: [m[Kdeclared here
[0m[33m   69 | std::string [01;36m[Kformat_uid[m[K(std::span<const uint8_t> uid);
[0m      |             [01;36m[K^~~~~~~~~~[m[K
[33m[01m[Ksrc/esphome/components/pn7160/pn7160.h:274:27:[m[K [01;31m[Kerror: [m[K'[01m[KNCIState[m[K' has not been declared
[0m[33m  274 |   void nci_fsm_set_state_([01;31m[KNCIState[m[K new_state);
[0m      |                           [01;31m[K^~~~~~~~[m[K
[33m[01m[Ksrc/esphome/components/pn7160/pn7160.h:276:33:[m[K [01;31m[Kerror: [m[K'[01m[KNCIState[m[K' has not been declared
[0m[33m  276 |   bool nci_fsm_set_error_state_([01;31m[KNCIState[m[K new_state);
[0m      |                                 [01;31m[K^~~~~~~~[m[K
[33m[01m[Ksrc/esphome/components/pn7160/pn7160.h:327:3:[m[K [01;31m[Kerror: [m[K'[01m[KPN7160Sensitivity[m[K' does not name a type
[0m[33m  327 |   [01;31m[KPN7160Sensitivity[m[K sensitivity_{PN7160_SENSITIVITY_MEDIUM};
[0m      |   [01;31m[K^~~~~~~~~~~~~~~~~[m[K
[33m[01m[Ksrc/esphome/components/pn7160/pn7160.h:[m[K At global scope:
[0m[33m[01m[Ksrc/esphome/components/pn7160/pn7160.h:201:24:[m[K [01;31m[Kerror: [m[K'[01m[KPN7160Sensitivity[m[K' has not been declared
[0m[33m  201 |   void set_sensitivity([01;31m[KPN7160Sensitivity[m[K sensitivity) { this->sensitivity_ = sensitivity; }
[0m      |                        [01;31m[K^~~~~~~~~~~~~~~~~[m[K
[33m[01m[Ksrc/esphome/components/pn7160/pn7160.h:241:25:[m[K [01;31m[Kerror: [m[K'[01m[KTestMode[m[K' has not been declared
[0m[33m  241 |   uint8_t set_test_mode([01;31m[KTestMode[m[K test_mode, const std::vector<uint8_t> &data, std::vector<uint8_t> &result);
[0m      |                         [01;31m[K^~~~~~~~[m[K
[33m[01m[Ksrc/esphome/components/pn7160/pn7160.h:274:27:[m[K [01;31m[Kerror: [m[K'[01m[KNCIState[m[K' has not been declared
[0m[33m  274 |   void nci_fsm_set_state_([01;31m[KNCIState[m[K new_state);
[0m      |                           [01;31m[K^~~~~~~~[m[K
[33m[01m[Ksrc/esphome/components/pn7160/pn7160.h:276:33:[m[K [01;31m[Kerror: [m[K'[01m[KNCIState[m[K' has not been declared
[0m[33m  276 |   bool nci_fsm_set_error_state_([01;31m[KNCIState[m[K new_state);
[0m      |                                 [01;31m[K^~~~~~~~[m[K
[33m[01m[Ksrc/esphome/components/pn7160/pn7160.h:[m[K At global scope:
[0m[33m[01m[Ksrc/esphome/components/pn7160/pn7160.h:201:24:[m[K [01;31m[Kerror: [m[K'[01m[KPN7160Sensitivity[m[K' has not been declared
[0m[33m  201 |   void set_sensitivity([01;31m[KPN7160Sensitivity[m[K sensitivity) { this->sensitivity_ = sensitivity; }
[0m      |                        [01;31m[K^~~~~~~~~~~~~~~~~[m[K
[33m[01m[Ksrc/esphome/components/pn7160/pn7160.h:350:15:[m[K [01;31m[Kerror: [m[K'[01m[KDiscoveredEndpoint[m[K' was not declared in this scope; did you mean '[01m[Kesphome::pn7160::DiscoveredEndpoint[m[K'?
[0m[33m  350 |   std::vector<[01;31m[KDiscoveredEndpoint[m[K> discovered_endpoint_;
[0m      |               [01;31m[K^~~~~~~~~~~~~~~~~~[m[K
[33m      |               [32m[Kesphome::pn7160::DiscoveredEndpoint[m[K
[0m[33m[01m[Ksrc/esphome/components/pn7160/pn7160.h:181:8:[m[K [01;36m[Knote: [m[K'[01m[Kesphome::pn7160::DiscoveredEndpoint[m[K' declared here
[0m[33m  181 | struct [01;36m[KDiscoveredEndpoint[m[K {
[0m      |        [01;36m[K^~~~~~~~~~~~~~~~~~[m[K
[33m[01m[Ksrc/esphome/components/pn7160/pn7160.h:350:33:[m[K [01;31m[Kerror: [m[Ktemplate argument 1 is invalid
[0m[33m  350 |   std::vector<DiscoveredEndpoint[01;31m[K>[m[K discovered_endpoint_;
[0m[33m      |                                 [01;31m[K^[m[K
[0m[33m[01m[Ksrc/esphome/components/pn7160/pn7160.h:350:33:[m[K [01;31m[Kerror: [m[Ktemplate argument 2 is invalid
[0m[33m[01m[Ksrc/esphome/components/pn7160/pn7160.h:350:8:[m[K [01;31m[Kerror: [m[K'[01m[K<expression error>[m[K' in namespace '[01m[Kstd[m[K' does not name a type
[0m[33m  350 |   std::[01;31m[Kvector<DiscoveredEndpoint>[m[K discovered_endpoint_;
[0m      |        [01;31m[K^~~~~~~~~~~~~~~~~~~~~~~~~~[m[K
[33m[01m[Ksrc/esphome/components/pn7160/pn7160.h:241:25:[m[K [01;31m[Kerror: [m[K'[01m[KTestMode[m[K' has not been declared
[0m[33m  241 |   uint8_t set_test_mode([01;31m[KTestMode[m[K test_mode, const std::vector<uint8_t> &data, std::vector<uint8_t> &result);
[0m      |                         [01;31m[K^~~~~~~~[m[K
[33m[01m[Ksrc/esphome/components/pn7160/pn7160.h:274:27:[m[K [01;31m[Kerror: [m[K'[01m[KNCIState[m[K' has not been declared
[0m[33m  274 |   void nci_fsm_set_state_([01;31m[KNCIState[m[K new_state);
[0m      |                           [01;31m[K^~~~~~~~[m[K
[33m[01m[Ksrc/esphome/components/pn7160/pn7160.h:276:33:[m[K [01;31m[Kerror: [m[K'[01m[KNCIState[m[K' has not been declared
[0m[33m  276 |   bool nci_fsm_set_error_state_([01;31m[KNCIState[m[K new_state);
[0m      |                                 [01;31m[K^~~~~~~~[m[K
[33m[01m[Ksrc/esphome/components/pn7160/pn7160.h:352:3:[m[K [01;31m[Kerror: [m[K'[01m[KCardEmulationState[m[K' does not name a type
[0m[33m  352 |   [01;31m[KCardEmulationState[m[K ce_state_{CardEmulationState::CARD_EMU_IDLE};
[0m      |   [01;31m[K^~~~~~~~~~~~~~~~~~[m[K
[33m[01m[Ksrc/esphome/components/pn7160/pn7160.h:327:3:[m[K [01;31m[Kerror: [m[K'[01m[KPN7160Sensitivity[m[K' does not name a type
[0m[33m  327 |   [01;31m[KPN7160Sensitivity[m[K sensitivity_{PN7160_SENSITIVITY_MEDIUM};
[0m      |   [01;31m[K^~~~~~~~~~~~~~~~~[m[K
[33mIn file included from [01m[Ksrc/esphome/components/pn7160_i2c/pn7160_i2c.h:4[m[K,
[0m[33m                 from [01m[Ksrc/esphome/components/pn7160_i2c/pn7160_i2c.cpp:1[m[K:
[0m[33m[01m[Ksrc/esphome/components/pn7160/pn7160.h:20:7:[m[K [01;31m[Kerror: [m[Kconflicting declaration '[01m[Kusing esphome::nfc::NfcTagUid = class std::vector<unsigned char>[m[K'
[0m[33m   20 | using [01;31m[KNfcTagUid[m[K = std::vector<uint8_t>;
[0m      |       [01;31m[K^~~~~~~~~[m[K
[33mIn file included from [01m[Ksrc/esphome/components/nfc/nfc.h:7[m[K,
[0m[33m                 from [01m[Ksrc/esphome/components/nfc/automation.h:6[m[K,
[0m[33m                 from [01m[Ksrc/esphome/components/pn7160/pn7160.h:3[m[K:
[0m[33m[01m[Ksrc/esphome/components/nfc/nfc_tag.h:15:7:[m[K [01;36m[Knote: [m[Kprevious declaration as '[01m[Kusing esphome::nfc::NfcTagUid = class esphome::StaticVector<unsigned char, 10>[m[K'
[0m[33m   15 | using [01;36m[KNfcTagUid[m[K = StaticVector<uint8_t, NFC_UID_MAX_LENGTH>;
[0m      |       [01;36m[K^~~~~~~~~[m[K
[33m[01m[Ksrc/esphome/components/pn7160/pn7160.h:21:21:[m[K [01;31m[Kerror: [m[Kredefinition of '[01m[Kconst size_t esphome::nfc::FORMAT_BYTES_BUFFER_SIZE[m[K'
[0m[33m   21 | static const size_t [01;31m[KFORMAT_BYTES_BUFFER_SIZE[m[K = 128;
[0m      |                     [01;31m[K^~~~~~~~~~~~~~~~~~~~~~~~[m[K
[33m[01m[Ksrc/esphome/components/nfc/nfc.h:63:25:[m[K [01;36m[Knote: [m[K'[01m[Kconstexpr const size_t esphome::nfc::FORMAT_BYTES_BUFFER_SIZE[m[K' previously defined here
[0m[33m   63 | static constexpr size_t [01;36m[KFORMAT_BYTES_BUFFER_SIZE[m[K = 192;
[0m      |                         [01;36m[K^~~~~~~~~~~~~~~~~~~~~~~~[m[K
[33m[01m[Ksrc/esphome/components/pn7160/pn7160.h:22:21:[m[K [01;31m[Kerror: [m[Kredefinition of '[01m[Kconst size_t esphome::nfc::FORMAT_UID_BUFFER_SIZE[m[K'
[0m[33m   22 | static const size_t [01;31m[KFORMAT_UID_BUFFER_SIZE[m[K = 32;
[0m      |                     [01;31m[K^~~~~~~~~~~~~~~~~~~~~~[m[K
[33m[01m[Ksrc/esphome/components/nfc/nfc.h:58:25:[m[K [01;36m[Knote: [m[K'[01m[Kconstexpr const size_t esphome::nfc::FORMAT_UID_BUFFER_SIZE[m[K' previously defined here
[0m[33m   58 | static constexpr size_t [01;36m[KFORMAT_UID_BUFFER_SIZE[m[K = 30;
[0m      |                         [01;36m[K^~~~~~~~~~~~~~~~~~~~~~[m[K
[33m[01m[Ksrc/esphome/components/pn7160/pn7160.h:353:3:[m[K [01;31m[Kerror: [m[K'[01m[KNCIState[m[K' does not name a type
[0m[33m  353 |   [01;31m[KNCIState[m[K nci_state_{NCIState::NFCC_RESET};
[0m      |   [01;31m[K^~~~~~~~[m[K
[33m[01m[Ksrc/esphome/components/pn7160/pn7160.h:327:3:[m[K [01;31m[Kerror: [m[K'[01m[KPN7160Sensitivity[m[K' does not name a type
[0m[33m  327 |   [01;31m[KPN7160Sensitivity[m[K sensitivity_{PN7160_SENSITIVITY_MEDIUM};
[0m      |   [01;31m[K^~~~~~~~~~~~~~~~~[m[K
[33m[01m[Ksrc/esphome/components/pn7160/pn7160.h:354:3:[m[K [01;31m[Kerror: [m[K'[01m[KNCIState[m[K' does not name a type
[0m[33m  354 |   [01;31m[KNCIState[m[K nci_state_error_{NCIState::NONE};
[0m      |   [01;31m[K^~~~~~~~[m[K
[33m[01m[Ksrc/esphome/components/pn7160/pn7160.h:350:15:[m[K [01;31m[Kerror: [m[K'[01m[KDiscoveredEndpoint[m[K' was not declared in this scope; did you mean '[01m[Kesphome::pn7160::DiscoveredEndpoint[m[K'?
[0m[33m  350 |   std::vector<[01;31m[KDiscoveredEndpoint[m[K> discovered_endpoint_;
[0m      |               [01;31m[K^~~~~~~~~~~~~~~~~~[m[K
[33m      |               [32m[Kesphome::pn7160::DiscoveredEndpoint[m[K
[0m[33m[01m[Ksrc/esphome/components/pn7160/pn7160.h:181:8:[m[K [01;36m[Knote: [m[K'[01m[Kesphome::pn7160::DiscoveredEndpoint[m[K' declared here
[0m[33m  181 | struct [01;36m[KDiscoveredEndpoint[m[K {
[0m      |        [01;36m[K^~~~~~~~~~~~~~~~~~[m[K
[33m[01m[Ksrc/esphome/components/pn7160/pn7160.h:350:33:[m[K [01;31m[Kerror: [m[Ktemplate argument 1 is invalid
[0m[33m  350 |   std::vector<DiscoveredEndpoint[01;31m[K>[m[K discovered_endpoint_;
[0m[33m      |                                 [01;31m[K^[m[K
[0m[33m[01m[Ksrc/esphome/components/pn7160/pn7160.h:350:33:[m[K [01;31m[Kerror: [m[Ktemplate argument 2 is invalid
[0m[33m[01m[Ksrc/esphome/components/pn7160/pn7160.h:350:8:[m[K [01;31m[Kerror: [m[K'[01m[K<expression error>[m[K' in namespace '[01m[Kstd[m[K' does not name a type
[0m[33m  350 |   std::[01;31m[Kvector<DiscoveredEndpoint>[m[K discovered_endpoint_;
[0m      |        [01;31m[K^~~~~~~~~~~~~~~~~~~~~~~~~~[m[K
[33m[01m[Ksrc/esphome/components/pn7160/pn7160.h:350:15:[m[K [01;31m[Kerror: [m[K'[01m[KDiscoveredEndpoint[m[K' was not declared in this scope; did you mean '[01m[Kesphome::pn7160::DiscoveredEndpoint[m[K'?
[0m[33m  350 |   std::vector<[01;31m[KDiscoveredEndpoint[m[K> discovered_endpoint_;
[0m      |               [01;31m[K^~~~~~~~~~~~~~~~~~[m[K
[33m      |               [32m[Kesphome::pn7160::DiscoveredEndpoint[m[K
[0m[33m[01m[Ksrc/esphome/components/pn7160/pn7160.h:181:8:[m[K [01;36m[Knote: [m[K'[01m[Kesphome::pn7160::DiscoveredEndpoint[m[K' declared here
[0m[33m  181 | struct [01;36m[KDiscoveredEndpoint[m[K {
[0m      |        [01;36m[K^~~~~~~~~~~~~~~~~~[m[K
[33m[01m[Ksrc/esphome/components/pn7160/pn7160.h:350:33:[m[K [01;31m[Kerror: [m[Ktemplate argument 1 is invalid
[0m[33m  350 |   std::vector<DiscoveredEndpoint[01;31m[K>[m[K discovered_endpoint_;
[0m[33m      |                                 [01;31m[K^[m[K
[0m[33m[01m[Ksrc/esphome/components/pn7160/pn7160.h:350:33:[m[K [01;31m[Kerror: [m[Ktemplate argument 2 is invalid
[0m[33m[01m[Ksrc/esphome/components/pn7160/pn7160.h:350:8:[m[K [01;31m[Kerror: [m[K'[01m[K<expression error>[m[K' in namespace '[01m[Kstd[m[K' does not name a type
[0m[33m  350 |   std::[01;31m[Kvector<DiscoveredEndpoint>[m[K discovered_endpoint_;
[0m      |        [01;31m[K^~~~~~~~~~~~~~~~~~~~~~~~~~[m[K
[33m[01m[Ksrc/esphome/components/pn7160/pn7160.h:257:56:[m[K [01;31m[Kerror: [m[K'[01m[KNFCC_DEFAULT_TIMEOUT[m[K' was not declared in this scope; did you mean '[01m[Kesphome::pn7160::NFCC_DEFAULT_TIMEOUT[m[K'?
[0m[33m  257 |   uint8_t deactivate_(uint8_t type, uint16_t timeout = [01;31m[KNFCC_DEFAULT_TIMEOUT[m[K);
[0m      |                                                        [01;31m[K^~~~~~~~~~~~~~~~~~~~[m[K
[33m      |                                                        [32m[Kesphome::pn7160::NFCC_DEFAULT_TIMEOUT[m[K
[0m[33m[01m[Ksrc/esphome/components/pn7160/pn7160.h:46:23:[m[K [01;36m[Knote: [m[K'[01m[Kesphome::pn7160::NFCC_DEFAULT_TIMEOUT[m[K' declared here
[0m[33m   46 | static const uint16_t [01;36m[KNFCC_DEFAULT_TIMEOUT[m[K = 10;
[0m      |                       [01;36m[K^~~~~~~~~~~~~~~~~~~~[m[K
[33m[01m[Ksrc/esphome/components/pn7160/pn7160.h:286:84:[m[K [01;31m[Kerror: [m[K'[01m[KNFCC_DEFAULT_TIMEOUT[m[K' was not declared in this scope; did you mean '[01m[Kesphome::pn7160::NFCC_DEFAULT_TIMEOUT[m[K'?
[0m[33m  286 |   uint8_t transceive_(nfc::NciMessage &tx, nfc::NciMessage &rx, uint16_t timeout = [01;31m[KNFCC_DEFAULT_TIMEOUT[m[K,
[0m      |                                                                                    [01;31m[K^~~~~~~~~~~~~~~~~~~~[m[K
[33m      |                                                                                    [32m[Kesphome::pn7160::NFCC_DEFAULT_TIMEOUT[m[K
[0m[33m[01m[Ksrc/esphome/components/pn7160/pn7160.h:46:23:[m[K [01;36m[Knote: [m[K'[01m[Kesphome::pn7160::NFCC_DEFAULT_TIMEOUT[m[K' declared here
[0m[33m   46 | static const uint16_t [01;36m[KNFCC_DEFAULT_TIMEOUT[m[K = 10;
[0m      |                       [01;36m[K^~~~~~~~~~~~~~~~~~~~[m[K
[33m[01m[Ksrc/esphome/components/pn7160/pn7160.h:291:44:[m[K [01;31m[Kerror: [m[K'[01m[KNFCC_DEFAULT_TIMEOUT[m[K' was not declared in this scope; did you mean '[01m[Kesphome::pn7160::NFCC_DEFAULT_TIMEOUT[m[K'?
[0m[33m  291 |   uint8_t wait_for_irq_(uint16_t timeout = [01;31m[KNFCC_DEFAULT_TIMEOUT[m[K, bool pin_state = true);
[0m      |                                            [01;31m[K^~~~~~~~~~~~~~~~~~~~[m[K
[33m      |                                            [32m[Kesphome::pn7160::NFCC_DEFAULT_TIMEOUT[m[K
[0m[33m[01m[Ksrc/esphome/components/pn7160/pn7160.h:46:23:[m[K [01;36m[Knote: [m[K'[01m[Kesphome::pn7160::NFCC_DEFAULT_TIMEOUT[m[K' declared here
[0m[33m   46 | static const uint16_t [01;36m[KNFCC_DEFAULT_TIMEOUT[m[K = 10;
[0m      |                       [01;36m[K^~~~~~~~~~~~~~~~~~~~[m[K
[33m[01m[Ksrc/esphome/components/pn7160/pn7160.h:352:3:[m[K [01;31m[Kerror: [m[K'[01m[KCardEmulationState[m[K' does not name a type
[0m[33m  352 |   [01;31m[KCardEmulationState[m[K ce_state_{CardEmulationState::CARD_EMU_IDLE};
[0m      |   [01;31m[K^~~~~~~~~~~~~~~~~~[m[K
[33m[01m[Ksrc/esphome/components/pn7160/pn7160.h:[m[K In member function '[01m[Kvoid esphome::pn7160::PN7160::[01;32m[Kset_sensitivity[m[K(int)[m[K':
[0m[33m[01m[Ksrc/esphome/components/pn7160/pn7160.h:201:63:[m[K [01;31m[Kerror: [m[K'[01m[Kclass esphome::pn7160::PN7160[m[K' has no member named '[01m[Ksensitivity_[m[K'; did you mean '[01m[Kset_sensitivity[m[K'?
[0m[33m  201 |   void set_sensitivity(PN7160Sensitivity sensitivity) { this->[01;31m[Ksensitivity_[m[K = sensitivity; }
[0m      |                                                               [01;31m[K^~~~~~~~~~~~[m[K
[33m      |                                                               [32m[Kset_sensitivity[m[K
[0m[33m[01m[Ksrc/esphome/components/pn7160/pn7160.h:352:3:[m[K [01;31m[Kerror: [m[K'[01m[KCardEmulationState[m[K' does not name a type
[0m[33m  352 |   [01;31m[KCardEmulationState[m[K ce_state_{CardEmulationState::CARD_EMU_IDLE};
[0m      |   [01;31m[K^~~~~~~~~~~~~~~~~~[m[K
[33m[01m[Ksrc/esphome/components/pn7160/automation.h:[m[K At global scope:
[0m[33m[01m[Ksrc/esphome/components/pn7160/automation.h:12:49:[m[K [01;31m[Kerror: [m[Kexpected '[01m[K)[m[K' before '[01m[K*[m[K' token
[0m[33m   12 |   explicit PN7160OnEmulatedTagScanTrigger[34m[K([m[KPN7160[01;31m[K [m[K[32m[K*[m[Kparent) {
[0m[33m      |                                          [34m[K~[m[K      [01;31m[K^[m[K[32m[K~[m[K
[0m[33m      |                                                 [32m[K)[m[K
[0m[33m[01m[Ksrc/esphome/components/pn7160/automation.h:19:47:[m[K [01;31m[Kerror: [m[Kexpected '[01m[K)[m[K' before '[01m[K*[m[K' token
[0m[33m   19 |   explicit PN7160OnFinishedWriteTrigger[34m[K([m[KPN7160[01;31m[K [m[K[32m[K*[m[Kparent) {
[0m[33m      |                                        [34m[K~[m[K      [01;31m[K^[m[K[32m[K~[m[K
[0m[33m      |                                               [32m[K)[m[K
[0m[33m[01m[Ksrc/esphome/components/pn7160/automation.h:24:100:[m[K [01;31m[Kerror: [m[K'[01m[KPN7160[m[K' was not declared in this scope; did you mean '[01m[Kesphome::pn7160::PN7160[m[K'?
[0m[33m   24 | template<typename... Ts> class PN7160IsWritingCondition : public Condition<Ts...>, public Parented<[01;31m[KPN7160[m[K> {
[0m      |                                                                                                    [01;31m[K^~~~~~[m[K
[33m      |                                                                                                    [32m[Kesphome::pn7160::PN7160[m[K
[0m[33m[01m[Ksrc/esphome/components/pn7160/pn7160.h:189:7:[m[K [01;36m[Knote: [m[K'[01m[Kesphome::pn7160::PN7160[m[K' declared here
[0m[33m  189 | class [01;36m[KPN7160[m[K : public nfc::Nfcc, public Component {
[0m      |       [01;36m[K^~~~~~[m[K
[33m[01m[Ksrc/esphome/components/pn7160/automation.h:24:106:[m[K [01;31m[Kerror: [m[Ktemplate argument 1 is invalid
[0m[33m   24 | template<typename... Ts> class PN7160IsWritingCondition : public Condition<Ts...>, public Parented<PN7160[01;31m[K>[m[K {
[0m[33m      |                                                                                                          [01;31m[K^[m[K
[0m[33m[01m[Ksrc/esphome/components/pn7160/automation.h:29:91:[m[K [01;31m[Kerror: [m[K'[01m[KPN7160[m[K' was not declared in this scope; did you mean '[01m[Kesphome::pn7160::PN7160[m[K'?
[0m[33m   29 | template<typename... Ts> class EmulationOffAction : public Action<Ts...>, public Parented<[01;31m[KPN7160[m[K> {
[0m      |                                                                                           [01;31m[K^~~~~~[m[K
[33m      |                                                                                           [32m[Kesphome::pn7160::PN7160[m[K
[0m[33m[01m[Ksrc/esphome/components/pn7160/pn7160.h:189:7:[m[K [01;36m[Knote: [m[K'[01m[Kesphome::pn7160::PN7160[m[K' declared here
[0m[33m  189 | class [01;36m[KPN7160[m[K : public nfc::Nfcc, public Component {
[0m      |       [01;36m[K^~~~~~[m[K
[33m[01m[Ksrc/esphome/components/pn7160/automation.h:29:97:[m[K [01;31m[Kerror: [m[Ktemplate argument 1 is invalid
[0m[33m   29 | template<typename... Ts> class EmulationOffAction : public Action<Ts...>, public Parented<PN7160[01;31m[K>[m[K {
[0m[33m      |                                                                                                 [01;31m[K^[m[K
[0m[33m[01m[Ksrc/esphome/components/pn7160/automation.h:33:90:[m[K [01;31m[Kerror: [m[K'[01m[KPN7160[m[K' was not declared in this scope; did you mean '[01m[Kesphome::pn7160::PN7160[m[K'?
[0m[33m   33 | template<typename... Ts> class EmulationOnAction : public Action<Ts...>, public Parented<[01;31m[KPN7160[m[K> {
[0m      |                                                                                          [01;31m[K^~~~~~[m[K
[33m      |                                                                                          [32m[Kesphome::pn7160::PN7160[m[K
[0m[33m[01m[Ksrc/esphome/components/pn7160/pn7160.h:189:7:[m[K [01;36m[Knote: [m[K'[01m[Kesphome::pn7160::PN7160[m[K' declared here
[0m[33m  189 | class [01;36m[KPN7160[m[K : public nfc::Nfcc, public Component {
[0m      |       [01;36m[K^~~~~~[m[K
[33m[01m[Ksrc/esphome/components/pn7160/automation.h:33:96:[m[K [01;31m[Kerror: [m[Ktemplate argument 1 is invalid
[0m[33m   33 | template<typename... Ts> class EmulationOnAction : public Action<Ts...>, public Parented<PN7160[01;31m[K>[m[K {
[0m[33m      |                                                                                                [01;31m[K^[m[K
[0m[33m[01m[Ksrc/esphome/components/pn7160/automation.h:37:89:[m[K [01;31m[Kerror: [m[K'[01m[KPN7160[m[K' was not declared in this scope; did you mean '[01m[Kesphome::pn7160::PN7160[m[K'?
[0m[33m   37 | template<typename... Ts> class PollingOffAction : public Action<Ts...>, public Parented<[01;31m[KPN7160[m[K> {
[0m      |                                                                                         [01;31m[K^~~~~~[m[K
[33m      |                                                                                         [32m[Kesphome::pn7160::PN7160[m[K
[0m[33m[01m[Ksrc/esphome/components/pn7160/pn7160.h:189:7:[m[K [01;36m[Knote: [m[K'[01m[Kesphome::pn7160::PN7160[m[K' declared here
[0m[33m  189 | class [01;36m[KPN7160[m[K : public nfc::Nfcc, public Component {
[0m      |       [01;36m[K^~~~~~[m[K
[33m[01m[Ksrc/esphome/components/pn7160/automation.h:37:95:[m[K [01;31m[Kerror: [m[Ktemplate argument 1 is invalid
[0m[33m   37 | template<typename... Ts> class PollingOffAction : public Action<Ts...>, public Parented<PN7160[01;31m[K>[m[K {
[0m[33m      |                                                                                               [01;31m[K^[m[K
[0m[33m[01m[Ksrc/esphome/components/pn7160/automation.h:41:88:[m[K [01;31m[Kerror: [m[K'[01m[KPN7160[m[K' was not declared in this scope; did you mean '[01m[Kesphome::pn7160::PN7160[m[K'?
[0m[33m   41 | template<typename... Ts> class PollingOnAction : public Action<Ts...>, public Parented<[01;31m[KPN7160[m[K> {
[0m      |                                                                                        [01;31m[K^~~~~~[m[K
[33m      |                                                                                        [32m[Kesphome::pn7160::PN7160[m[K
[0m[33m[01m[Ksrc/esphome/components/pn7160/pn7160.h:353:3:[m[K [01;31m[Kerror: [m[K'[01m[KNCIState[m[K' does not name a type
[0m[33m  353 |   [01;31m[KNCIState[m[K nci_state_{NCIState::NFCC_RESET};
[0m      |   [01;31m[K^~~~~~~~[m[K
[33m[01m[Ksrc/esphome/components/pn7160/pn7160.h:189:7:[m[K [01;36m[Knote: [m[K'[01m[Kesphome::pn7160::PN7160[m[K' declared here
[0m[33m  189 | class [01;36m[KPN7160[m[K : public nfc::Nfcc, public Component {
[0m      |       [01;36m[K^~~~~~[m[K
[33m[01m[Ksrc/esphome/components/pn7160/automation.h:41:94:[m[K [01;31m[Kerror: [m[Ktemplate argument 1 is invalid
[0m[33m   41 | template<typename... Ts> class PollingOnAction : public Action<Ts...>, public Parented<PN7160[01;31m[K>[m[K {
[0m[33m      |                                                                                              [01;31m[K^[m[K
[0m[33m[01m[Ksrc/esphome/components/pn7160/automation.h:45:91:[m[K [01;31m[Kerror: [m[K'[01m[KPN7160[m[K' was not declared in this scope; did you mean '[01m[Kesphome::pn7160::PN7160[m[K'?
[0m[33m   45 | template<typename... Ts> class SetCleanModeAction : public Action<Ts...>, public Parented<[01;31m[KPN7160[m[K> {
[0m      |                                                                                           [01;31m[K^~~~~~[m[K
[33m      |                                                                                           [32m[Kesphome::pn7160::PN7160[m[K
[0m[33m[01m[Ksrc/esphome/components/pn7160/pn7160.h:189:7:[m[K [01;36m[Knote: [m[K'[01m[Kesphome::pn7160::PN7160[m[K' declared here
[0m[33m  189 | class [01;36m[KPN7160[m[K : public nfc::Nfcc, public Component {
[0m      |       [01;36m[K^~~~~~[m[K
[33m[01m[Ksrc/esphome/components/pn7160/automation.h:45:97:[m[K [01;31m[Kerror: [m[Ktemplate argument 1 is invalid
[0m[33m   45 | template<typename... Ts> class SetCleanModeAction : public Action<Ts...>, public Parented<PN7160[01;31m[K>[m[K {
[0m[33m      |                                                                                                 [01;31m[K^[m[K
[0m[33m[01m[Ksrc/esphome/components/pn7160/pn7160.h:353:3:[m[K [01;31m[Kerror: [m[K'[01m[KNCIState[m[K' does not name a type
[0m[33m  353 |   [01;31m[KNCIState[m[K nci_state_{NCIState::NFCC_RESET};
[0m      |   [01;31m[K^~~~~~~~[m[K
[33m[01m[Ksrc/esphome/components/pn7160/automation.h:49:92:[m[K [01;31m[Kerror: [m[K'[01m[KPN7160[m[K' was not declared in this scope; did you mean '[01m[Kesphome::pn7160::PN7160[m[K'?
[0m[33m   49 | template<typename... Ts> class SetFormatModeAction : public Action<Ts...>, public Parented<[01;31m[KPN7160[m[K> {
[0m      |                                                                                            [01;31m[K^~~~~~[m[K
[33m      |                                                                                            [32m[Kesphome::pn7160::PN7160[m[K
[0m[33m[01m[Ksrc/esphome/components/pn7160/pn7160.h:189:7:[m[K [01;36m[Knote: [m[K'[01m[Kesphome::pn7160::PN7160[m[K' declared here
[0m[33m  189 | class [01;36m[KPN7160[m[K : public nfc::Nfcc, public Component {
[0m      |       [01;36m[K^~~~~~[m[K
[33m[01m[Ksrc/esphome/components/pn7160/automation.h:49:98:[m[K [01;31m[Kerror: [m[Ktemplate argument 1 is invalid
[0m[33m   49 | template<typename... Ts> class SetFormatModeAction : public Action<Ts...>, public Parented<PN7160[01;31m[K>[m[K {
[0m[33m      |                                                                                                  [01;31m[K^[m[K
[0m[33m[01m[Ksrc/esphome/components/pn7160/automation.h:53:90:[m[K [01;31m[Kerror: [m[K'[01m[KPN7160[m[K' was not declared in this scope; did you mean '[01m[Kesphome::pn7160::PN7160[m[K'?
[0m[33m   53 | template<typename... Ts> class SetReadModeAction : public Action<Ts...>, public Parented<[01;31m[KPN7160[m[K> {
[0m      |                                                                                          [01;31m[K^~~~~~[m[K
[33m      |                                                                                          [32m[Kesphome::pn7160::PN7160[m[K
[0m[33m[01m[Ksrc/esphome/components/pn7160/pn7160.h:189:7:[m[K [01;36m[Knote: [m[K'[01m[Kesphome::pn7160::PN7160[m[K' declared here
[0m[33m  189 | class [01;36m[KPN7160[m[K : public nfc::Nfcc, public Component {
[0m      |       [01;36m[K^~~~~~[m[K
[33m[01m[Ksrc/esphome/components/pn7160/automation.h:53:96:[m[K [01;31m[Kerror: [m[Ktemplate argument 1 is invalid
[0m[33m   53 | template<typename... Ts> class SetReadModeAction : public Action<Ts...>, public Parented<PN7160[01;31m[K>[m[K {
[0m[33m      |                                                                                                [01;31m[K^[m[K
[0m[33m[01m[Ksrc/esphome/components/pn7160/automation.h:57:98:[m[K [01;31m[Kerror: [m[K'[01m[KPN7160[m[K' was not declared in this scope; did you mean '[01m[Kesphome::pn7160::PN7160[m[K'?
[0m[33m   57 | template<typename... Ts> class SetEmulationMessageAction : public Action<Ts...>, public Parented<[01;31m[KPN7160[m[K> {
[0m      |                                                                                                  [01;31m[K^~~~~~[m[K
[33m      |                                                                                                  [32m[Kesphome::pn7160::PN7160[m[K
[0m[33m[01m[Ksrc/esphome/components/pn7160/pn7160.h:189:7:[m[K [01;36m[Knote: [m[K'[01m[Kesphome::pn7160::PN7160[m[K' declared here
[0m[33m  189 | class [01;36m[KPN7160[m[K : public nfc::Nfcc, public Component {
[0m      |       [01;36m[K^~~~~~[m[K
[33m[01m[Ksrc/esphome/components/pn7160/automation.h:57:104:[m[K [01;31m[Kerror: [m[Ktemplate argument 1 is invalid
[0m[33m   57 | template<typename... Ts> class SetEmulationMessageAction : public Action<Ts...>, public Parented<PN7160[01;31m[K>[m[K {
[0m[33m      |                                                                                                        [01;31m[K^[m[K
[0m[33m[01m[Ksrc/esphome/components/pn7160/automation.h:67:94:[m[K [01;31m[Kerror: [m[K'[01m[KPN7160[m[K' was not declared in this scope; did you mean '[01m[Kesphome::pn7160::PN7160[m[K'?
[0m[33m   67 | template<typename... Ts> class SetWriteMessageAction : public Action<Ts...>, public Parented<[01;31m[KPN7160[m[K> {
[0m      |                                                                                              [01;31m[K^~~~~~[m[K
[33m      |                                                                                              [32m[Kesphome::pn7160::PN7160[m[K
[0m[33m[01m[Ksrc/esphome/components/pn7160/pn7160.h:189:7:[m[K [01;36m[Knote: [m[K'[01m[Kesphome::pn7160::PN7160[m[K' declared here
[0m[33m  189 | class [01;36m[KPN7160[m[K : public nfc::Nfcc, public Component {
[0m      |       [01;36m[K^~~~~~[m[K
[33m[01m[Ksrc/esphome/components/pn7160/automation.h:67:100:[m[K [01;31m[Kerror: [m[Ktemplate argument 1 is invalid
[0m[33m   67 | template<typename... Ts> class SetWriteMessageAction : public Action<Ts...>, public Parented<PN7160[01;31m[K>[m[K {
[0m[33m      |                                                                                                    [01;31m[K^[m[K
[0m[33m[01m[Ksrc/esphome/components/pn7160/pn7160.h:354:3:[m[K [01;31m[Kerror: [m[K'[01m[KNCIState[m[K' does not name a type
[0m[33m  354 |   [01;31m[KNCIState[m[K nci_state_error_{NCIState::NONE};
[0m      |   [01;31m[K^~~~~~~~[m[K
[33m[01m[Ksrc/esphome/components/pn7160/automation.h:77:91:[m[K [01;31m[Kerror: [m[K'[01m[KPN7160[m[K' was not declared in this scope; did you mean '[01m[Kesphome::pn7160::PN7160[m[K'?
[0m[33m   77 | template<typename... Ts> class SetWriteModeAction : public Action<Ts...>, public Parented<[01;31m[KPN7160[m[K> {
[0m      |                                                                                           [01;31m[K^~~~~~[m[K
[33m      |                                                                                           [32m[Kesphome::pn7160::PN7160[m[K
[0m[33m[01m[Ksrc/esphome/components/pn7160/pn7160.h:189:7:[m[K [01;36m[Knote: [m[K'[01m[Kesphome::pn7160::PN7160[m[K' declared here
[0m[33m  189 | class [01;36m[KPN7160[m[K : public nfc::Nfcc, public Component {
[0m      |       [01;36m[K^~~~~~[m[K
[33m[01m[Ksrc/esphome/components/pn7160/automation.h:77:97:[m[K [01;31m[Kerror: [m[Ktemplate argument 1 is invalid
[0m[33m   77 | template<typename... Ts> class SetWriteModeAction : public Action<Ts...>, public Parented<PN7160[01;31m[K>[m[K {
[0m[33m      |                                                                                                 [01;31m[K^[m[K
[0m[33m[01m[Ksrc/esphome/components/pn7160/pn7160.cpp:15:6:[m[K [01;31m[Kerror: [m[K'[01m[KPN7160[m[K' has not been declared
[0m[33m   15 | void [01;31m[KPN7160[m[K::setup() {
[0m      |      [01;31m[K^~~~~~[m[K
[33m[01m[Ksrc/esphome/components/pn7160/pn7160.cpp:[m[K In function '[01m[Kvoid esphome::nfc::[01;32m[Ksetup[m[K()[m[K':
[0m[33m[01m[Ksrc/esphome/components/pn7160/pn7160.cpp:16:3:[m[K [01;31m[Kerror: [m[Kinvalid use of '[01m[Kthis[m[K' in non-member function
[0m[33m   16 |   [01;31m[Kthis[m[K->irq_pin_->setup();
[0m[33m      |   [01;31m[K^~~~[m[K
[0m[33m[01m[Ksrc/esphome/components/pn7160/pn7160.cpp:17:3:[m[K [01;31m[Kerror: [m[Kinvalid use of '[01m[Kthis[m[K' in non-member function
[0m[33m   17 |   [01;31m[Kthis[m[K->ven_pin_->setup();
[0m[33m      |   [01;31m[K^~~~[m[K
[0m[33m[01m[Ksrc/esphome/components/pn7160/pn7160.cpp:18:7:[m[K [01;31m[Kerror: [m[Kinvalid use of '[01m[Kthis[m[K' in non-member function
[0m[33m   18 |   if ([01;31m[Kthis[m[K->dwl_req_pin_ != nullptr) {
[0m[33m      |       [01;31m[K^~~~[m[K
[0m[33m[01m[Ksrc/esphome/components/pn7160/pn7160.cpp:19:5:[m[K [01;31m[Kerror: [m[Kinvalid use of '[01m[Kthis[m[K' in non-member function
[0m[33m   19 |     [01;31m[Kthis[m[K->dwl_req_pin_->setup();
[0m[33m      |     [01;31m[K^~~~[m[K
[0m[33m[01m[Ksrc/esphome/components/pn7160/pn7160.cpp:21:7:[m[K [01;31m[Kerror: [m[Kinvalid use of '[01m[Kthis[m[K' in non-member function
[0m[33m   21 |   if ([01;31m[Kthis[m[K->wkup_req_pin_ != nullptr) {
[0m[33m      |       [01;31m[K^~~~[m[K
[0m[33m[01m[Ksrc/esphome/components/pn7160/pn7160.cpp:22:5:[m[K [01;31m[Kerror: [m[Kinvalid use of '[01m[Kthis[m[K' in non-member function
[0m[33m   22 |     [01;31m[Kthis[m[K->wkup_req_pin_->setup();
[0m[33m      |     [01;31m[K^~~~[m[K
[0m[33m[01m[Ksrc/esphome/components/pn7160/pn7160.cpp:25:3:[m[K [01;31m[Kerror: [m[Kinvalid use of '[01m[Kthis[m[K' in non-member function
[0m[33m   25 |   [01;31m[Kthis[m[K->nci_fsm_transition_();  // kick off reset & init processes
[0m[33m      |   [01;31m[K^~~~[m[K
[0m[33m[01m[Ksrc/esphome/components/pn7160/pn7160.cpp:[m[K At global scope:
[0m[33m[01m[Ksrc/esphome/components/pn7160/pn7160.cpp:28:6:[m[K [01;31m[Kerror: [m[K'[01m[KPN7160[m[K' has not been declared
[0m[33m   28 | void [01;31m[KPN7160[m[K::dump_config() {
[0m      |      [01;31m[K^~~~~~[m[K
[33m[01m[Ksrc/esphome/components/pn7160/pn7160.h:354:3:[m[K [01;31m[Kerror: [m[K'[01m[KNCIState[m[K' does not name a type
[0m[33m  354 |   [01;31m[KNCIState[m[K nci_state_error_{NCIState::NONE};
[0m      |   [01;31m[K^~~~~~~~[m[K
[33mIn file included from [01m[Ksrc/esphome/core/component.h:9[m[K,
[0m[33m                 from [01m[Ksrc/esphome/core/automation.h:3[m[K,
[0m[33m                 from [01m[Ksrc/esphome/components/pn7160/automation.h:3[m[K:
[0m[33m[01m[Ksrc/esphome/components/pn7160/pn7160.cpp:[m[K In function '[01m[Kvoid esphome::nfc::[01;32m[Kdump_config[m[K()[m[K':
[0m[33m[01m[Ksrc/esphome/components/pn7160/pn7160.cpp:29:17:[m[K [01;31m[Kerror: [m[K'[01m[KTAG[m[K' was not declared in this scope; did you mean '[01m[Kesphome::pn7160::TAG[m[K'?
[0m[33m   29 |   ESP_LOGCONFIG([01;31m[KTAG[m[K, "PN7160:");
[0m[33m      |                 [01;31m[K^~~[m[K
[0m[33m[01m[Ksrc/esphome/core/log.h:98:56:[m[K [01;36m[Knote: [m[Kin definition of macro '[01m[Kesph_log_config[m[K'
[0m[33m   98 |   ::esphome::esp_log_printf_(ESPHOME_LOG_LEVEL_CONFIG, [01;36m[Ktag[m[K, __LINE__, ESPHOME_LOG_FORMAT(format), ##__VA_ARGS__)
[0m[33m      |                                                        [01;36m[K^~~[m[K
[0m[33m[01m[Ksrc/esphome/components/pn7160/pn7160.cpp:29:3:[m[K [01;36m[Knote: [m[Kin expansion of macro '[01m[KESP_LOGCONFIG[m[K'
[0m[33m   29 |   [01;36m[KESP_LOGCONFIG[m[K(TAG, "PN7160:");
[0m      |   [01;36m[K^~~~~~~~~~~~~[m[K
[33m[01m[Ksrc/esphome/components/pn7160/pn7160.cpp:13:26:[m[K [01;36m[Knote: [m[K'[01m[Kesphome::pn7160::TAG[m[K' declared here
[0m[33m   13 | static const char *const [01;36m[KTAG[m[K = "pn7160";
[0m[33m      |                          [01;36m[K^~~[m[K
[0m[33m[01m[Ksrc/esphome/components/pn7160/pn7160.cpp:30:7:[m[K [01;31m[Kerror: [m[Kinvalid use of '[01m[Kthis[m[K' in non-member function
[0m[33m   30 |   if ([01;31m[Kthis[m[K->dwl_req_pin_ != nullptr) {
[0m[33m      |       [01;31m[K^~~~[m[K
[0m[33mIn file included from [01m[Ksrc/esphome/components/pn7160/pn7160.h:9[m[K:
[0m[33m[01m[Ksrc/esphome/components/pn7160/pn7160.cpp:31:32:[m[K [01;31m[Kerror: [m[Kinvalid use of '[01m[Kthis[m[K' in non-member function
[0m[33m   31 |     LOG_PIN("  DWL_REQ pin: ", [01;31m[Kthis[m[K->dwl_req_pin_);
[0m[33m      |                                [01;31m[K^~~~[m[K
[0m[33m[01m[Ksrc/esphome/core/gpio.h:18:51:[m[K [01;36m[Knote: [m[Kin definition of macro '[01m[KLOG_PIN[m[K'
[0m[33m   18 | #define LOG_PIN(prefix, pin) log_pin(TAG, prefix, [01;36m[Kpin[m[K)
[0m[33m      |                                                   [01;36m[K^~~[m[K
[0m[33m[01m[Ksrc/esphome/components/pn7160/pn7160.cpp:33:26:[m[K [01;31m[Kerror: [m[Kinvalid use of '[01m[Kthis[m[K' in non-member function
[0m[33m   33 |   LOG_PIN("  IRQ pin: ", [01;31m[Kthis[m[K->irq_pin_);
[0m[33m      |                          [01;31m[K^~~~[m[K
[0m[33m[01m[Ksrc/esphome/core/gpio.h:18:51:[m[K [01;36m[Knote: [m[Kin definition of macro '[01m[KLOG_PIN[m[K'
[0m[33m   18 | #define LOG_PIN(prefix, pin) log_pin(TAG, prefix, [01;36m[Kpin[m[K)
[0m[33m      |                                                   [01;36m[K^~~[m[K
[0m[33m[01m[Ksrc/esphome/components/pn7160/pn7160.cpp:34:26:[m[K [01;31m[Kerror: [m[Kinvalid use of '[01m[Kthis[m[K' in non-member function
[0m[33m   34 |   LOG_PIN("  VEN pin: ", [01;31m[Kthis[m[K->ven_pin_);
[0m[33m      |                          [01;31m[K^~~~[m[K
[0m[33m[01m[Ksrc/esphome/core/gpio.h:18:51:[m[K [01;36m[Knote: [m[Kin definition of macro '[01m[KLOG_PIN[m[K'
[0m[33m   18 | #define LOG_PIN(prefix, pin) log_pin(TAG, prefix, [01;36m[Kpin[m[K)
[0m[33m      |                                                   [01;36m[K^~~[m[K
[0m[33m[01m[Ksrc/esphome/components/pn7160/pn7160.cpp:35:7:[m[K [01;31m[Kerror: [m[Kinvalid use of '[01m[Kthis[m[K' in non-member function
[0m[33m   35 |   if ([01;31m[Kthis[m[K->wkup_req_pin_ != nullptr) {
[0m[33m      |       [01;31m[K^~~~[m[K
[0m[33m[01m[Ksrc/esphome/components/pn7160/pn7160.cpp:36:33:[m[K [01;31m[Kerror: [m[Kinvalid use of '[01m[Kthis[m[K' in non-member function
[0m[33m   36 |     LOG_PIN("  WKUP_REQ pin: ", [01;31m[Kthis[m[K->wkup_req_pin_);
[0m[33m      |                                 [01;31m[K^~~~[m[K
[0m[33m[01m[Ksrc/esphome/core/gpio.h:18:51:[m[K [01;36m[Knote: [m[Kin definition of macro '[01m[KLOG_PIN[m[K'
[0m[33m   18 | #define LOG_PIN(prefix, pin) log_pin(TAG, prefix, [01;36m[Kpin[m[K)
[0m[33m      |                                                   [01;36m[K^~~[m[K
[0m[33m[01m[Ksrc/esphome/components/pn7160/pn7160.cpp:[m[K At global scope:
[0m[33m[01m[Ksrc/esphome/components/pn7160/pn7160.cpp:40:6:[m[K [01;31m[Kerror: [m[K'[01m[KPN7160[m[K' has not been declared
[0m[33m   40 | void [01;31m[KPN7160[m[K::loop() {
[0m      |      [01;31m[K^~~~~~[m[K
[33m[01m[Ksrc/esphome/components/pn7160/pn7160.cpp:[m[K In function '[01m[Kvoid esphome::nfc::[01;32m[Kloop[m[K()[m[K':
[0m[33m[01m[Ksrc/esphome/components/pn7160/pn7160.cpp:42:8:[m[K [01;31m[Kerror: [m[Kinvalid use of '[01m[Kthis[m[K' in non-member function
[0m[33m   42 |   if (([01;31m[Kthis[m[K->nci_state_ == NCIState::EP_DEACTIVATING || this->nci_state_ == NCIState::EP_SELECTING) &&
[0m[33m      |        [01;31m[K^~~~[m[K
[0m[33m[01m[Ksrc/esphome/components/pn7160/pn7160.cpp:42:28:[m[K [01;31m[Kerror: [m[K'[01m[KNCIState[m[K' has not been declared
[0m[33m   42 |   if ((this->nci_state_ == [01;31m[KNCIState[m[K::EP_DEACTIVATING || this->nci_state_ == NCIState::EP_SELECTING) &&
[0m      |                            [01;31m[K^~~~~~~~[m[K
[33m[01m[Ksrc/esphome/components/pn7160/pn7160.cpp:42:57:[m[K [01;31m[Kerror: [m[Kinvalid use of '[01m[Kthis[m[K' in non-member function
[0m[33m   42 |   if ((this->nci_state_ == NCIState::EP_DEACTIVATING || [01;31m[Kthis[m[K->nci_state_ == NCIState::EP_SELECTING) &&
[0m[33m      |                                                         [01;31m[K^~~~[m[K
[0m[33m[01m[Ksrc/esphome/components/pn7160/pn7160.cpp:42:77:[m[K [01;31m[Kerror: [m[K'[01m[KNCIState[m[K' has not been declared
[0m[33m   42 |   if ((this->nci_state_ == NCIState::EP_DEACTIVATING || this->nci_state_ == [01;31m[KNCIState[m[K::EP_SELECTING) &&
[0m      |                                                                             [01;31m[K^~~~~~~~[m[K
[33m[01m[Ksrc/esphome/components/pn7160/pn7160.cpp:43:19:[m[K [01;31m[Kerror: [m[Kinvalid use of '[01m[Kthis[m[K' in non-member function
[0m[33m   43 |       (millis() - [01;31m[Kthis[m[K->last_nci_state_change_ > 2000)) {
[0m[33m      |                   [01;31m[K^~~~[m[K
[0m[33m[01m[Ksrc/esphome/components/pn7160/pn7160.cpp:44:14:[m[K [01;31m[Kerror: [m[K'[01m[KTAG[m[K' was not declared in this scope; did you mean '[01m[Kesphome::pn7160::TAG[m[K'?
[0m[33m   44 |     ESP_LOGW([01;31m[KTAG[m[K, "Stuck in EP state %u for %ums -- forcing NFCC reset", (uint8_t) this->nci_state_,
[0m[33m      |              [01;31m[K^~~[m[K
[0m[33m[01m[Ksrc/esphome/core/log.h:118:54:[m[K [01;36m[Knote: [m[Kin definition of macro '[01m[Kesph_log_w[m[K'
[0m[33m  118 |   ::esphome::esp_log_printf_(ESPHOME_LOG_LEVEL_WARN, [01;36m[Ktag[m[K, __LINE__, ESPHOME_LOG_FORMAT(format), ##__VA_ARGS__)
[0m[33m      |                                                      [01;36m[K^~~[m[K
[0m[33m[01m[Ksrc/esphome/components/pn7160/pn7160.cpp:44:5:[m[K [01;36m[Knote: [m[Kin expansion of macro '[01m[KESP_LOGW[m[K'
[0m[33m   44 |     [01;36m[KESP_LOGW[m[K(TAG, "Stuck in EP state %u for %ums -- forcing NFCC reset", (uint8_t) this->nci_state_,
[0m      |     [01;36m[K^~~~~~~~[m[K
[33m[01m[Ksrc/esphome/components/pn7160/pn7160.cpp:13:26:[m[K [01;36m[Knote: [m[K'[01m[Kesphome::pn7160::TAG[m[K' declared here
[0m[33m   13 | static const char *const [01;36m[KTAG[m[K = "pn7160";
[0m[33m      |                          [01;36m[K^~~[m[K
[0m[33m[01m[Ksrc/esphome/components/pn7160/pn7160.cpp:44:84:[m[K [01;31m[Kerror: [m[Kinvalid use of '[01m[Kthis[m[K' in non-member function
[0m[33m   44 |     ESP_LOGW(TAG, "Stuck in EP state %u for %ums -- forcing NFCC reset", (uint8_t) [01;31m[Kthis[m[K->nci_state_,
[0m[33m      |                                                                                    [01;31m[K^~~~[m[K
[0m[33m[01m[Ksrc/esphome/core/log.h:118:99:[m[K [01;36m[Knote: [m[Kin definition of macro '[01m[Kesph_log_w[m[K'
[0m[33m  118 |   ::esphome::esp_log_printf_(ESPHOME_LOG_LEVEL_WARN, tag, __LINE__, ESPHOME_LOG_FORMAT(format), ##[01;36m[K__VA_ARGS__[m[K)
[0m      |                                                                                                   [01;36m[K^~~~~~~~~~~[m[K
[33m[01m[Ksrc/esphome/components/pn7160/pn7160.cpp:44:5:[m[K [01;36m[Knote: [m[Kin expansion of macro '[01m[KESP_LOGW[m[K'
[0m[33m   44 |     [01;36m[KESP_LOGW[m[K(TAG, "Stuck in EP state %u for %ums -- forcing NFCC reset", (uint8_t) this->nci_state_,
[0m      |     [01;36m[K^~~~~~~~[m[K
[33m[01m[Ksrc/esphome/components/pn7160/pn7160.cpp:45:25:[m[K [01;31m[Kerror: [m[Kinvalid use of '[01m[Kthis[m[K' in non-member function
[0m[33m   45 |              millis() - [01;31m[Kthis[m[K->last_nci_state_change_);
[0m[33m      |                         [01;31m[K^~~~[m[K
[0m[33m[01m[Ksrc/esphome/core/log.h:118:99:[m[K [01;36m[Knote: [m[Kin definition of macro '[01m[Kesph_log_w[m[K'
[0m[33m  118 |   ::esphome::esp_log_printf_(ESPHOME_LOG_LEVEL_WARN, tag, __LINE__, ESPHOME_LOG_FORMAT(format), ##[01;36m[K__VA_ARGS__[m[K)
[0m      |                                                                                                   [01;36m[K^~~~~~~~~~~[m[K
[33m[01m[Ksrc/esphome/components/pn7160/pn7160.cpp:44:5:[m[K [01;36m[Knote: [m[Kin expansion of macro '[01m[KESP_LOGW[m[K'
[0m[33m   44 |     [01;36m[KESP_LOGW[m[K(TAG, "Stuck in EP state %u for %ums -- forcing NFCC reset", (uint8_t) this->nci_state_,
[0m      |     [01;36m[K^~~~~~~~[m[K
[33m[01m[Ksrc/esphome/components/pn7160/pn7160.cpp:46:5:[m[K [01;31m[Kerror: [m[Kinvalid use of '[01m[Kthis[m[K' in non-member function
[0m[33m   46 |     [01;31m[Kthis[m[K->nci_fsm_set_state_(NCIState::NFCC_RESET);
[0m[33m      |     [01;31m[K^~~~[m[K
[0m[33m[01m[Ksrc/esphome/components/pn7160/pn7160.cpp:46:30:[m[K [01;31m[Kerror: [m[K'[01m[KNCIState[m[K' has not been declared
[0m[33m   46 |     this->nci_fsm_set_state_([01;31m[KNCIState[m[K::NFCC_RESET);
[0m      |                              [01;31m[K^~~~~~~~[m[K
[33m[01m[Ksrc/esphome/components/pn7160/pn7160.cpp:49:3:[m[K [01;31m[Kerror: [m[Kinvalid use of '[01m[Kthis[m[K' in non-member function
[0m[33m   49 |   [01;31m[Kthis[m[K->perform_health_check_();
[0m[33m      |   [01;31m[K^~~~[m[K
[0m[33m[01m[Ksrc/esphome/components/pn7160/pn7160.cpp:50:3:[m[K [01;31m[Kerror: [m[Kinvalid use of '[01m[Kthis[m[K' in non-member function
[0m[33m   50 |   [01;31m[Kthis[m[K->nci_fsm_transition_();
[0m[33m      |   [01;31m[K^~~~[m[K
[0m[33m[01m[Ksrc/esphome/components/pn7160/pn7160.cpp:51:3:[m[K [01;31m[Kerror: [m[Kinvalid use of '[01m[Kthis[m[K' in non-member function
[0m[33m   51 |   [01;31m[Kthis[m[K->purge_old_tags_();
[0m[33m      |   [01;31m[K^~~~[m[K
[0m[33m[01m[Ksrc/esphome/components/pn7160/pn7160.cpp:[m[K At global scope:
[0m[33m[01m[Ksrc/esphome/components/pn7160/pn7160.cpp:54:6:[m[K [01;31m[Kerror: [m[K'[01m[KPN7160[m[K' has not been declared
[0m[33m   54 | void [01;31m[KPN7160[m[K::set_tag_emulation_message(std::shared_ptr<nfc::NdefMessage> message) {
[0m      |      [01;31m[K^~~~~~[m[K
[33m[01m[Ksrc/esphome/components/pn7160/pn7160.cpp:[m[K In function '[01m[Kvoid esphome::nfc::[01;32m[Kset_tag_emulation_message[m[K(std::shared_ptr<NdefMessage>)[m[K':
[0m[33m[01m[Ksrc/esphome/components/pn7160/pn7160.cpp:55:3:[m[K [01;31m[Kerror: [m[Kinvalid use of '[01m[Kthis[m[K' in non-member function
[0m[33m   55 |   [01;31m[Kthis[m[K->card_emulation_message_ = std::move(message);
[0m[33m      |   [01;31m[K^~~~[m[K
[0m[33m[01m[Ksrc/esphome/components/pn7160/pn7160.cpp:56:12:[m[K [01;31m[Kerror: [m[K'[01m[KTAG[m[K' was not declared in this scope; did you mean '[01m[Kesphome::pn7160::TAG[m[K'?
[0m[33m   56 |   ESP_LOGD([01;31m[KTAG[m[K, "Tag emulation message set");
[0m[33m      |            [01;31m[K^~~[m[K
[0m[33m[01m[Ksrc/esphome/core/log.h:96:55:[m[K [01;36m[Knote: [m[Kin definition of macro '[01m[Kesph_log_d[m[K'
[0m[33m   96 |   ::esphome::esp_log_printf_(ESPHOME_LOG_LEVEL_DEBUG, [01;36m[Ktag[m[K, __LINE__, ESPHOME_LOG_FORMAT(format), ##__VA_ARGS__)
[0m[33m      |                                                       [01;36m[K^~~[m[K
[0m[33m[01m[Ksrc/esphome/components/pn7160/pn7160.cpp:56:3:[m[K [01;36m[Knote: [m[Kin expansion of macro '[01m[KESP_LOGD[m[K'
[0m[33m   56 |   [01;36m[KESP_LOGD[m[K(TAG, "Tag emulation message set");
[0m      |   [01;36m[K^~~~~~~~[m[K
[33m[01m[Ksrc/esphome/components/pn7160/pn7160.cpp:13:26:[m[K [01;36m[Knote: [m[K'[01m[Kesphome::pn7160::TAG[m[K' declared here
[0m[33m   13 | static const char *const [01;36m[KTAG[m[K = "pn7160";
[0m[33m      |                          [01;36m[K^~~[m[K
[0m[33m[01m[Ksrc/esphome/components/pn7160/pn7160.cpp:[m[K At global scope:
[0m[33m[01m[Ksrc/esphome/components/pn7160/pn7160.cpp:59:6:[m[K [01;31m[Kerror: [m[K'[01m[KPN7160[m[K' has not been declared
[0m[33m   59 | void [01;31m[KPN7160[m[K::set_tag_emulation_message(const optional<std::string> &message,
[0m      |      [01;31m[K^~~~~~[m[K
[33m[01m[Ksrc/esphome/components/pn7160/pn7160.cpp:[m[K In function '[01m[Kvoid esphome::nfc::[01;32m[Kset_tag_emulation_message[m[K(const esphome::optional<std::__cxx11::basic_string<char> >&, esphome::optional<bool>)[m[K':
[0m[33m[01m[Ksrc/esphome/components/pn7160/pn7160.cpp:77:3:[m[K [01;31m[Kerror: [m[Kinvalid use of '[01m[Kthis[m[K' in non-member function
[0m[33m   77 |   [01;31m[Kthis[m[K->card_emulation_message_ = std::move(ndef_message);
[0m[33m      |   [01;31m[K^~~~[m[K
[0m[33m[01m[Ksrc/esphome/components/pn7160/pn7160.cpp:78:12:[m[K [01;31m[Kerror: [m[K'[01m[KTAG[m[K' was not declared in this scope; did you mean '[01m[Kesphome::pn7160::TAG[m[K'?
[0m[33m   78 |   ESP_LOGD([01;31m[KTAG[m[K, "Tag emulation message set");
[0m[33m      |            [01;31m[K^~~[m[K
[0m[33m[01m[Ksrc/esphome/core/log.h:96:55:[m[K [01;36m[Knote: [m[Kin definition of macro '[01m[Kesph_log_d[m[K'
[0m[33m   96 |   ::esphome::esp_log_printf_(ESPHOME_LOG_LEVEL_DEBUG, [01;36m[Ktag[m[K, __LINE__, ESPHOME_LOG_FORMAT(format), ##__VA_ARGS__)
[0m[33m      |                                                       [01;36m[K^~~[m[K
[0m[33m[01m[Ksrc/esphome/components/pn7160/pn7160.cpp:78:3:[m[K [01;36m[Knote: [m[Kin expansion of macro '[01m[KESP_LOGD[m[K'
[0m[33m   78 |   [01;36m[KESP_LOGD[m[K(TAG, "Tag emulation message set");
[0m      |   [01;36m[K^~~~~~~~[m[K
[33m[01m[Ksrc/esphome/components/pn7160/pn7160.cpp:13:26:[m[K [01;36m[Knote: [m[K'[01m[Kesphome::pn7160::TAG[m[K' declared here
[0m[33m   13 | static const char *const [01;36m[KTAG[m[K = "pn7160";
[0m[33m      |                          [01;36m[K^~~[m[K
[0m[33m[01m[Ksrc/esphome/components/pn7160/pn7160.h:257:56:[m[K [01;31m[Kerror: [m[K'[01m[KNFCC_DEFAULT_TIMEOUT[m[K' was not declared in this scope; did you mean '[01m[Kesphome::pn7160::NFCC_DEFAULT_TIMEOUT[m[K'?
[0m[33m  257 |   uint8_t deactivate_(uint8_t type, uint16_t timeout = [01;31m[KNFCC_DEFAULT_TIMEOUT[m[K);
[0m      |                                                        [01;31m[K^~~~~~~~~~~~~~~~~~~~[m[K
[33m      |                                                        [32m[Kesphome::pn7160::NFCC_DEFAULT_TIMEOUT[m[K
[0m[33m[01m[Ksrc/esphome/components/pn7160/pn7160.h:46:23:[m[K [01;36m[Knote: [m[K'[01m[Kesphome::pn7160::NFCC_DEFAULT_TIMEOUT[m[K' declared here
[0m[33m   46 | static const uint16_t [01;36m[KNFCC_DEFAULT_TIMEOUT[m[K = 10;
[0m      |                       [01;36m[K^~~~~~~~~~~~~~~~~~~~[m[K
[33m[01m[Ksrc/esphome/components/pn7160/pn7160.cpp:[m[K At global scope:
[0m[33m[01m[Ksrc/esphome/components/pn7160/pn7160.cpp:81:6:[m[K [01;31m[Kerror: [m[K'[01m[KPN7160[m[K' has not been declared
[0m[33m   81 | void [01;31m[KPN7160[m[K::set_tag_emulation_message(const char *message, const bool include_android_app_record) {
[0m      |      [01;31m[K^~~~~~[m[K
[33m[01m[Ksrc/esphome/components/pn7160/pn7160.cpp:[m[K In function '[01m[Kvoid esphome::nfc::[01;32m[Kset_tag_emulation_message[m[K(const char*, bool)[m[K':
[0m[33m[01m[Ksrc/esphome/components/pn7160/pn7160.cpp:82:3:[m[K [01;31m[Kerror: [m[Kinvalid use of '[01m[Kthis[m[K' in non-member function
[0m[33m   82 |   [01;31m[Kthis[m[K->set_tag_emulation_message(std::string(message), include_android_app_record);
[0m[33m      |   [01;31m[K^~~~[m[K
[0m[33m[01m[Ksrc/esphome/components/pn7160/pn7160.h:286:84:[m[K [01;31m[Kerror: [m[K'[01m[KNFCC_DEFAULT_TIMEOUT[m[K' was not declared in this scope; did you mean '[01m[Kesphome::pn7160::NFCC_DEFAULT_TIMEOUT[m[K'?
[0m[33m  286 |   uint8_t transceive_(nfc::NciMessage &tx, nfc::NciMessage &rx, uint16_t timeout = [01;31m[KNFCC_DEFAULT_TIMEOUT[m[K,
[0m      |                                                                                    [01;31m[K^~~~~~~~~~~~~~~~~~~~[m[K
[33m      |                                                                                    [32m[Kesphome::pn7160::NFCC_DEFAULT_TIMEOUT[m[K
[0m[33m[01m[Ksrc/esphome/components/pn7160/pn7160.h:46:23:[m[K [01;36m[Knote: [m[K'[01m[Kesphome::pn7160::NFCC_DEFAULT_TIMEOUT[m[K' declared here
[0m[33m   46 | static const uint16_t [01;36m[KNFCC_DEFAULT_TIMEOUT[m[K = 10;
[0m      |                       [01;36m[K^~~~~~~~~~~~~~~~~~~~[m[K
[33m[01m[Ksrc/esphome/components/pn7160/pn7160.cpp:[m[K At global scope:
[0m[33m[01m[Ksrc/esphome/components/pn7160/pn7160.cpp:85:6:[m[K [01;31m[Kerror: [m[K'[01m[KPN7160[m[K' has not been declared
[0m[33m   85 | void [01;31m[KPN7160[m[K::set_tag_emulation_off() {
[0m      |      [01;31m[K^~~~~~[m[K
[33m[01m[Ksrc/esphome/components/pn7160/pn7160.cpp:[m[K In function '[01m[Kvoid esphome::nfc::[01;32m[Kset_tag_emulation_off[m[K()[m[K':
[0m[33m[01m[Ksrc/esphome/components/pn7160/pn7160.cpp:86:7:[m[K [01;31m[Kerror: [m[Kinvalid use of '[01m[Kthis[m[K' in non-member function
[0m[33m   86 |   if ([01;31m[Kthis[m[K->listening_enabled_) {
[0m[33m      |       [01;31m[K^~~~[m[K
[0m[33m[01m[Ksrc/esphome/components/pn7160/pn7160.cpp:87:5:[m[K [01;31m[Kerror: [m[Kinvalid use of '[01m[Kthis[m[K' in non-member function
[0m[33m   87 |     [01;31m[Kthis[m[K->listening_enabled_ = false;
[0m[33m      |     [01;31m[K^~~~[m[K
[0m[33m[01m[Ksrc/esphome/components/pn7160/pn7160.h:291:44:[m[K [01;31m[Kerror: [m[K'[01m[KNFCC_DEFAULT_TIMEOUT[m[K' was not declared in this scope; did you mean '[01m[Kesphome::pn7160::NFCC_DEFAULT_TIMEOUT[m[K'?
[0m[33m  291 |   uint8_t wait_for_irq_(uint16_t timeout = [01;31m[KNFCC_DEFAULT_TIMEOUT[m[K, bool pin_state = true);
[0m      |                                            [01;31m[K^~~~~~~~~~~~~~~~~~~~[m[K
[33m      |                                            [32m[Kesphome::pn7160::NFCC_DEFAULT_TIMEOUT[m[K
[0m[33m[01m[Ksrc/esphome/components/pn7160/pn7160.cpp:88:5:[m[K [01;31m[Kerror: [m[Kinvalid use of '[01m[Kthis[m[K' in non-member function
[0m[33m   88 |     [01;31m[Kthis[m[K->config_refresh_pending_ = true;
[0m[33m      |     [01;31m[K^~~~[m[K
[0m[33m[01m[Ksrc/esphome/components/pn7160/pn7160.h:46:23:[m[K [01;36m[Knote: [m[K'[01m[Kesphome::pn7160::NFCC_DEFAULT_TIMEOUT[m[K' declared here
[0m[33m   46 | static const uint16_t [01;36m[KNFCC_DEFAULT_TIMEOUT[m[K = 10;
[0m      |                       [01;36m[K^~~~~~~~~~~~~~~~~~~~[m[K
[33m[01m[Ksrc/esphome/components/pn7160/pn7160.cpp:90:12:[m[K [01;31m[Kerror: [m[K'[01m[KTAG[m[K' was not declared in this scope; did you mean '[01m[Kesphome::pn7160::TAG[m[K'?
[0m[33m   90 |   ESP_LOGD([01;31m[KTAG[m[K, "Tag emulation disabled");
[0m[33m      |            [01;31m[K^~~[m[K
[0m[33m[01m[Ksrc/esphome/core/log.h:96:55:[m[K [01;36m[Knote: [m[Kin definition of macro '[01m[Kesph_log_d[m[K'
[0m[33m   96 |   ::esphome::esp_log_printf_(ESPHOME_LOG_LEVEL_DEBUG, [01;36m[Ktag[m[K, __LINE__, ESPHOME_LOG_FORMAT(format), ##__VA_ARGS__)
[0m[33m      |                                                       [01;36m[K^~~[m[K
[0m[33m[01m[Ksrc/esphome/components/pn7160/pn7160.cpp:90:3:[m[K [01;36m[Knote: [m[Kin expansion of macro '[01m[KESP_LOGD[m[K'
[0m[33m   90 |   [01;36m[KESP_LOGD[m[K(TAG, "Tag emulation disabled");
[0m      |   [01;36m[K^~~~~~~~[m[K
[33m[01m[Ksrc/esphome/components/pn7160/pn7160.cpp:13:26:[m[K [01;36m[Knote: [m[K'[01m[Kesphome::pn7160::TAG[m[K' declared here
[0m[33m   13 | static const char *const [01;36m[KTAG[m[K = "pn7160";
[0m[33m      |                          [01;36m[K^~~[m[K
[0m[33m[01m[Ksrc/esphome/components/pn7160/pn7160.cpp:[m[K At global scope:
[0m[33m[01m[Ksrc/esphome/components/pn7160/pn7160.cpp:93:6:[m[K [01;31m[Kerror: [m[K'[01m[KPN7160[m[K' has not been declared
[0m[33m   93 | void [01;31m[KPN7160[m[K::set_tag_emulation_on() {
[0m      |      [01;31m[K^~~~~~[m[K
[33m[01m[Ksrc/esphome/components/pn7160/pn7160.cpp:[m[K In function '[01m[Kvoid esphome::nfc::[01;32m[Kset_tag_emulation_on[m[K()[m[K':
[0m[33m[01m[Ksrc/esphome/components/pn7160/pn7160.cpp:94:7:[m[K [01;31m[Kerror: [m[Kinvalid use of '[01m[Kthis[m[K' in non-member function
[0m[33m   94 |   if ([01;31m[Kthis[m[K->card_emulation_message_ == nullptr) {
[0m[33m      |       [01;31m[K^~~~[m[K
[0m[33m[01m[Ksrc/esphome/components/pn7160/pn7160.h:[m[K In member function '[01m[Kvoid esphome::pn7160::PN7160::[01;32m[Kset_sensitivity[m[K(int)[m[K':
[0m[33m[01m[Ksrc/esphome/components/pn7160/pn7160.h:201:63:[m[K [01;31m[Kerror: [m[K'[01m[Kclass esphome::pn7160::PN7160[m[K' has no member named '[01m[Ksensitivity_[m[K'; did you mean '[01m[Kset_sensitivity[m[K'?
[0m[33m  201 |   void set_sensitivity(PN7160Sensitivity sensitivity) { this->[01;31m[Ksensitivity_[m[K = sensitivity; }
[0m      |                                                               [01;31m[K^~~~~~~~~~~~[m[K
[33m      |                                                               [32m[Kset_sensitivity[m[K
[0m[33m[01m[Ksrc/esphome/components/pn7160/pn7160.cpp:95:14:[m[K [01;31m[Kerror: [m[K'[01m[KTAG[m[K' was not declared in this scope; did you mean '[01m[Kesphome::pn7160::TAG[m[K'?
[0m[33m   95 |     ESP_LOGE([01;31m[KTAG[m[K, "No NDEF message is set; tag emulation cannot be enabled");
[0m[33m      |              [01;31m[K^~~[m[K
[0m[33m[01m[Ksrc/esphome/core/log.h:127:55:[m[K [01;36m[Knote: [m[Kin definition of macro '[01m[Kesph_log_e[m[K'
[0m[33m  127 |   ::esphome::esp_log_printf_(ESPHOME_LOG_LEVEL_ERROR, [01;36m[Ktag[m[K, __LINE__, ESPHOME_LOG_FORMAT(format), ##__VA_ARGS__)
[0m[33m      |                                                       [01;36m[K^~~[m[K
[0m[33m[01m[Ksrc/esphome/components/pn7160/pn7160.cpp:95:5:[m[K [01;36m[Knote: [m[Kin expansion of macro '[01m[KESP_LOGE[m[K'
[0m[33m   95 |     [01;36m[KESP_LOGE[m[K(TAG, "No NDEF message is set; tag emulation cannot be enabled");
[0m      |     [01;36m[K^~~~~~~~[m[K
[33m[01m[Ksrc/esphome/components/pn7160/pn7160.cpp:13:26:[m[K [01;36m[Knote: [m[K'[01m[Kesphome::pn7160::TAG[m[K' declared here
[0m[33m   13 | static const char *const [01;36m[KTAG[m[K = "pn7160";
[0m[33m      |                          [01;36m[K^~~[m[K
[0m[33m[01m[Ksrc/esphome/components/pn7160/pn7160.cpp:98:8:[m[K [01;31m[Kerror: [m[Kinvalid use of '[01m[Kthis[m[K' in non-member function
[0m[33m   98 |   if (![01;31m[Kthis[m[K->listening_enabled_) {
[0m[33m      |        [01;31m[K^~~~[m[K
[0m[33m[01m[Ksrc/esphome/components/pn7160/pn7160.cpp:99:5:[m[K [01;31m[Kerror: [m[Kinvalid use of '[01m[Kthis[m[K' in non-member function
[0m[33m   99 |     [01;31m[Kthis[m[K->listening_enabled_ = true;
[0m[33m      |     [01;31m[K^~~~[m[K
[0m[33m[01m[Ksrc/esphome/components/pn7160/pn7160.cpp:100:5:[m[K [01;31m[Kerror: [m[Kinvalid use of '[01m[Kthis[m[K' in non-member function
[0m[33m  100 |     [01;31m[Kthis[m[K->config_refresh_pending_ = true;
[0m[33m      |     [01;31m[K^~~~[m[K
[0m[33m[01m[Ksrc/esphome/components/pn7160/pn7160.cpp:102:12:[m[K [01;31m[Kerror: [m[K'[01m[KTAG[m[K' was not declared in this scope; did you mean '[01m[Kesphome::pn7160::TAG[m[K'?
[0m[33m  102 |   ESP_LOGD([01;31m[KTAG[m[K, "Tag emulation enabled");
[0m[33m      |            [01;31m[K^~~[m[K
[0m[33m[01m[Ksrc/esphome/core/log.h:96:55:[m[K [01;36m[Knote: [m[Kin definition of macro '[01m[Kesph_log_d[m[K'
[0m[33m   96 |   ::esphome::esp_log_printf_(ESPHOME_LOG_LEVEL_DEBUG, [01;36m[Ktag[m[K, __LINE__, ESPHOME_LOG_FORMAT(format), ##__VA_ARGS__)
[0m[33m      |                                                       [01;36m[K^~~[m[K
[0m[33m[01m[Ksrc/esphome/components/pn7160/pn7160.cpp:102:3:[m[K [01;36m[Knote: [m[Kin expansion of macro '[01m[KESP_LOGD[m[K'
[0m[33m  102 |   [01;36m[KESP_LOGD[m[K(TAG, "Tag emulation enabled");
[0m      |   [01;36m[K^~~~~~~~[m[K
[33m[01m[Ksrc/esphome/components/pn7160/pn7160.cpp:13:26:[m[K [01;36m[Knote: [m[K'[01m[Kesphome::pn7160::TAG[m[K' declared here
[0m[33m   13 | static const char *const [01;36m[KTAG[m[K = "pn7160";
[0m[33m      |                          [01;36m[K^~~[m[K
[0m[33m[01m[Ksrc/esphome/components/pn7160/pn7160.cpp:[m[K At global scope:
[0m[33m[01m[Ksrc/esphome/components/pn7160/pn7160.cpp:105:6:[m[K [01;31m[Kerror: [m[K'[01m[KPN7160[m[K' has not been declared
[0m[33m  105 | void [01;31m[KPN7160[m[K::set_polling_off() {
[0m      |      [01;31m[K^~~~~~[m[K
[33m[01m[Ksrc/esphome/components/pn7160/pn7160.cpp:[m[K In function '[01m[Kvoid esphome::nfc::[01;32m[Kset_polling_off[m[K()[m[K':
[0m[33m[01m[Ksrc/esphome/components/pn7160/pn7160.cpp:106:7:[m[K [01;31m[Kerror: [m[Kinvalid use of '[01m[Kthis[m[K' in non-member function
[0m[33m  106 |   if ([01;31m[Kthis[m[K->polling_enabled_) {
[0m[33m      |       [01;31m[K^~~~[m[K
[0m[33m[01m[Ksrc/esphome/components/pn7160/pn7160.cpp:107:5:[m[K [01;31m[Kerror: [m[Kinvalid use of '[01m[Kthis[m[K' in non-member function
[0m[33m  107 |     [01;31m[Kthis[m[K->polling_enabled_ = false;
[0m[33m      |     [01;31m[K^~~~[m[K
[0m[33m[01m[Ksrc/esphome/components/pn7160/pn7160.cpp:108:5:[m[K [01;31m[Kerror: [m[Kinvalid use of '[01m[Kthis[m[K' in non-member function
[0m[33m  108 |     [01;31m[Kthis[m[K->config_refresh_pending_ = true;
[0m[33m      |     [01;31m[K^~~~[m[K
[0m[33m[01m[Ksrc/esphome/components/pn7160/pn7160.cpp:110:12:[m[K [01;31m[Kerror: [m[K'[01m[KTAG[m[K' was not declared in this scope; did you mean '[01m[Kesphome::pn7160::TAG[m[K'?
[0m[33m  110 |   ESP_LOGD([01;31m[KTAG[m[K, "Tag polling disabled");
[0m[33m      |            [01;31m[K^~~[m[K
[0m[33m[01m[Ksrc/esphome/core/log.h:96:55:[m[K [01;36m[Knote: [m[Kin definition of macro '[01m[Kesph_log_d[m[K'
[0m[33m   96 |   ::esphome::esp_log_printf_(ESPHOME_LOG_LEVEL_DEBUG, [01;36m[Ktag[m[K, __LINE__, ESPHOME_LOG_FORMAT(format), ##__VA_ARGS__)
[0m[33m      |                                                       [01;36m[K^~~[m[K
[0m[33m[01m[Ksrc/esphome/components/pn7160/pn7160.cpp:110:3:[m[K [01;36m[Knote: [m[Kin expansion of macro '[01m[KESP_LOGD[m[K'
[0m[33m  110 |   [01;36m[KESP_LOGD[m[K(TAG, "Tag polling disabled");
[0m      |   [01;36m[K^~~~~~~~[m[K
[33m[01m[Ksrc/esphome/components/pn7160/pn7160.cpp:13:26:[m[K [01;36m[Knote: [m[K'[01m[Kesphome::pn7160::TAG[m[K' declared here
[0m[33m   13 | static const char *const [01;36m[KTAG[m[K = "pn7160";
[0m[33m      |                          [01;36m[K^~~[m[K
[0m[33m[01m[Ksrc/esphome/components/pn7160/pn7160.cpp:[m[K At global scope:
[0m[33m[01m[Ksrc/esphome/components/pn7160/pn7160.cpp:113:6:[m[K [01;31m[Kerror: [m[K'[01m[KPN7160[m[K' has not been declared
[0m[33m  113 | void [01;31m[KPN7160[m[K::set_polling_on() {
[0m      |      [01;31m[K^~~~~~[m[K
[33m[01m[Ksrc/esphome/components/pn7160/pn7160.cpp:[m[K In function '[01m[Kvoid esphome::nfc::[01;32m[Kset_polling_on[m[K()[m[K':
[0m[33m[01m[Ksrc/esphome/components/pn7160/pn7160.cpp:114:8:[m[K [01;31m[Kerror: [m[Kinvalid use of '[01m[Kthis[m[K' in non-member function
[0m[33m  114 |   if (![01;31m[Kthis[m[K->polling_enabled_) {
[0m[33m      |        [01;31m[K^~~~[m[K
[0m[33m[01m[Ksrc/esphome/components/pn7160/pn7160.cpp:115:5:[m[K [01;31m[Kerror: [m[Kinvalid use of '[01m[Kthis[m[K' in non-member function
[0m[33m  115 |     [01;31m[Kthis[m[K->polling_enabled_ = true;
[0m[33m      |     [01;31m[K^~~~[m[K
[0m[33m[01m[Ksrc/esphome/components/pn7160/pn7160.cpp:116:5:[m[K [01;31m[Kerror: [m[Kinvalid use of '[01m[Kthis[m[K' in non-member function
[0m[33m  116 |     [01;31m[Kthis[m[K->config_refresh_pending_ = true;
[0m[33m      |     [01;31m[K^~~~[m[K
[0m[33m[01m[Ksrc/esphome/components/pn7160/pn7160.h:257:56:[m[K [01;31m[Kerror: [m[K'[01m[KNFCC_DEFAULT_TIMEOUT[m[K' was not declared in this scope; did you mean '[01m[Kesphome::pn7160::NFCC_DEFAULT_TIMEOUT[m[K'?
[0m[33m  257 |   uint8_t deactivate_(uint8_t type, uint16_t timeout = [01;31m[KNFCC_DEFAULT_TIMEOUT[m[K);
[0m      |                                                        [01;31m[K^~~~~~~~~~~~~~~~~~~~[m[K
[33m      |                                                        [32m[Kesphome::pn7160::NFCC_DEFAULT_TIMEOUT[m[K
[0m[33m[01m[Ksrc/esphome/components/pn7160/pn7160_mifare_classic.cpp:[m[K At global scope:
[0m[33m[01m[Ksrc/esphome/components/pn7160/pn7160_mifare_classic.cpp:11:9:[m[K [01;31m[Kerror: [m[K'[01m[KPN7160[m[K' has not been declared
[0m[33m   11 | uint8_t [01;31m[KPN7160[m[K::read_mifare_classic_tag_(nfc::NfcTag &tag) {
[0m      |         [01;31m[K^~~~~~[m[K
[33m[01m[Ksrc/esphome/components/pn7160/pn7160.h:46:23:[m[K [01;36m[Knote: [m[K'[01m[Kesphome::pn7160::NFCC_DEFAULT_TIMEOUT[m[K' declared here
[0m[33m   46 | static const uint16_t [01;36m[KNFCC_DEFAULT_TIMEOUT[m[K = 10;
[0m      |                       [01;36m[K^~~~~~~~~~~~~~~~~~~~[m[K
[33m[01m[Ksrc/esphome/components/pn7160/pn7160_mifare_classic.cpp:[m[K In function '[01m[Kuint8_t esphome::nfc::[01;32m[Kread_mifare_classic_tag_[m[K(NfcTag&)[m[K':
[0m[33m[01m[Ksrc/esphome/components/pn7160/pn7160_mifare_classic.cpp:16:7:[m[K [01;31m[Kerror: [m[Kinvalid use of '[01m[Kthis[m[K' in non-member function
[0m[33m   16 |   if ([01;31m[Kthis[m[K->auth_mifare_classic_block_(current_block, nfc::MIFARE_CMD_AUTH_A, nfc::NDEF_KEY) != nfc::STATUS_OK) {
[0m[33m      |       [01;31m[K^~~~[m[K
[0m[33m[01m[Ksrc/esphome/components/pn7160/pn7160.cpp:118:12:[m[K [01;31m[Kerror: [m[K'[01m[KTAG[m[K' was not declared in this scope; did you mean '[01m[Kesphome::pn7160::TAG[m[K'?
[0m[33m  118 |   ESP_LOGD([01;31m[KTAG[m[K, "Tag polling enabled");
[0m[33m      |            [01;31m[K^~~[m[K
[0m[33m[01m[Ksrc/esphome/core/log.h:96:55:[m[K [01;36m[Knote: [m[Kin definition of macro '[01m[Kesph_log_d[m[K'
[0m[33m   96 |   ::esphome::esp_log_printf_(ESPHOME_LOG_LEVEL_DEBUG, [01;36m[Ktag[m[K, __LINE__, ESPHOME_LOG_FORMAT(format), ##__VA_ARGS__)
[0m[33m      |                                                       [01;36m[K^~~[m[K
[0m[33m[01m[Ksrc/esphome/components/pn7160/pn7160.cpp:118:3:[m[K [01;36m[Knote: [m[Kin expansion of macro '[01m[KESP_LOGD[m[K'
[0m[33m  118 |   [01;36m[KESP_LOGD[m[K(TAG, "Tag polling enabled");
[0m      |   [01;36m[K^~~~~~~~[m[K
[33m[01m[Ksrc/esphome/components/pn7160/pn7160.cpp:13:26:[m[K [01;36m[Knote: [m[K'[01m[Kesphome::pn7160::TAG[m[K' declared here
[0m[33m   13 | static const char *const [01;36m[KTAG[m[K = "pn7160";
[0m[33m      |                          [01;36m[K^~~[m[K
[0m[33m[01m[Ksrc/esphome/components/pn7160/pn7160.cpp:[m[K At global scope:
[0m[33m[01m[Ksrc/esphome/components/pn7160/pn7160.cpp:121:6:[m[K [01;31m[Kerror: [m[K'[01m[KPN7160[m[K' has not been declared
[0m[33m  121 | void [01;31m[KPN7160[m[K::read_mode() {
[0m      |      [01;31m[K^~~~~~[m[K
[33m[01m[Ksrc/esphome/components/pn7160/pn7160.h:286:84:[m[K [01;31m[Kerror: [m[K'[01m[KNFCC_DEFAULT_TIMEOUT[m[K' was not declared in this scope; did you mean '[01m[Kesphome::pn7160::NFCC_DEFAULT_TIMEOUT[m[K'?
[0m[33m  286 |   uint8_t transceive_(nfc::NciMessage &tx, nfc::NciMessage &rx, uint16_t timeout = [01;31m[KNFCC_DEFAULT_TIMEOUT[m[K,
[0m      |                                                                                    [01;31m[K^~~~~~~~~~~~~~~~~~~~[m[K
[33m      |                                                                                    [32m[Kesphome::pn7160::NFCC_DEFAULT_TIMEOUT[m[K
[0m[33m[01m[Ksrc/esphome/components/pn7160/pn7160.h:46:23:[m[K [01;36m[Knote: [m[K'[01m[Kesphome::pn7160::NFCC_DEFAULT_TIMEOUT[m[K' declared here
[0m[33m   46 | static const uint16_t [01;36m[KNFCC_DEFAULT_TIMEOUT[m[K = 10;
[0m      |                       [01;36m[K^~~~~~~~~~~~~~~~~~~~[m[K
[33m[01m[Ksrc/esphome/components/pn7160/pn7160.cpp:[m[K In function '[01m[Kvoid esphome::nfc::[01;32m[Kread_mode[m[K()[m[K':
[0m[33m[01m[Ksrc/esphome/components/pn7160/pn7160.cpp:122:3:[m[K [01;31m[Kerror: [m[Kinvalid use of '[01m[Kthis[m[K' in non-member function
[0m[33m  122 |   [01;31m[Kthis[m[K->next_task_ = EP_READ;
[0m[33m      |   [01;31m[K^~~~[m[K
[0m[33m[01m[Ksrc/esphome/components/pn7160/pn7160.h:291:44:[m[K [01;31m[Kerror: [m[K'[01m[KNFCC_DEFAULT_TIMEOUT[m[K' was not declared in this scope; did you mean '[01m[Kesphome::pn7160::NFCC_DEFAULT_TIMEOUT[m[K'?
[0m[33m  291 |   uint8_t wait_for_irq_(uint16_t timeout = [01;31m[KNFCC_DEFAULT_TIMEOUT[m[K, bool pin_state = true);
[0m      |                                            [01;31m[K^~~~~~~~~~~~~~~~~~~~[m[K
[33m      |                                            [32m[Kesphome::pn7160::NFCC_DEFAULT_TIMEOUT[m[K
[0m[33m[01m[Ksrc/esphome/components/pn7160/pn7160.h:46:23:[m[K [01;36m[Knote: [m[K'[01m[Kesphome::pn7160::NFCC_DEFAULT_TIMEOUT[m[K' declared here
[0m[33m   46 | static const uint16_t [01;36m[KNFCC_DEFAULT_TIMEOUT[m[K = 10;
[0m      |                       [01;36m[K^~~~~~~~~~~~~~~~~~~~[m[K
[33mIn file included from [01m[Ksrc/esphome/core/component.h:9[m[K,
[0m[33m                 from [01m[Ksrc/esphome/core/automation.h:3[m[K,
[0m[33m                 from [01m[Ksrc/esphome/components/nfc/automation.h:4[m[K:
[0m[33m[01m[Ksrc/esphome/components/pn7160/pn7160_mifare_classic.cpp:17:14:[m[K [01;31m[Kerror: [m[K'[01m[KTAG[m[K' was not declared in this scope; did you mean '[01m[Kesphome::pn7160::TAG[m[K'?
[0m[33m   17 |     ESP_LOGE([01;31m[KTAG[m[K, "Tag auth failed while attempting to read tag data");
[0m[33m      |              [01;31m[K^~~[m[K
[0m[33m[01m[Ksrc/esphome/core/log.h:127:55:[m[K [01;36m[Knote: [m[Kin definition of macro '[01m[Kesph_log_e[m[K'
[0m[33m  127 |   ::esphome::esp_log_printf_(ESPHOME_LOG_LEVEL_ERROR, [01;36m[Ktag[m[K, __LINE__, ESPHOME_LOG_FORMAT(format), ##__VA_ARGS__)
[0m[33m      |                                                       [01;36m[K^~~[m[K
[0m[33m[01m[Ksrc/esphome/components/pn7160/pn7160_mifare_classic.cpp:17:5:[m[K [01;36m[Knote: [m[Kin expansion of macro '[01m[KESP_LOGE[m[K'
[0m[33m   17 |     [01;36m[KESP_LOGE[m[K(TAG, "Tag auth failed while attempting to read tag data");
[0m      |     [01;36m[K^~~~~~~~[m[K
[33m[01m[Ksrc/esphome/components/pn7160/pn7160_mifare_classic.cpp:9:26:[m[K [01;36m[Knote: [m[K'[01m[Kesphome::pn7160::TAG[m[K' declared here
[0m[33m    9 | static const char *const [01;36m[KTAG[m[K = "pn7160.mifare_classic";
[0m[33m      |                          [01;36m[K^~~[m[K
[0m[33m[01m[Ksrc/esphome/components/pn7160/pn7160.h:[m[K In member function '[01m[Kvoid esphome::pn7160::PN7160::[01;32m[Kset_sensitivity[m[K(int)[m[K':
[0m[33m[01m[Ksrc/esphome/components/pn7160/pn7160.h:201:63:[m[K [01;31m[Kerror: [m[K'[01m[Kclass esphome::pn7160::PN7160[m[K' has no member named '[01m[Ksensitivity_[m[K'; did you mean '[01m[Kset_sensitivity[m[K'?
[0m[33m  201 |   void set_sensitivity(PN7160Sensitivity sensitivity) { this->[01;31m[Ksensitivity_[m[K = sensitivity; }
[0m      |                                                               [01;31m[K^~~~~~~~~~~~[m[K
[33m      |                                                               [32m[Kset_sensitivity[m[K
[0m[33m[01m[Ksrc/esphome/components/pn7160/pn7160_mifare_classic.cpp:22:7:[m[K [01;31m[Kerror: [m[Kinvalid use of '[01m[Kthis[m[K' in non-member function
[0m[33m   22 |   if ([01;31m[Kthis[m[K->read_mifare_classic_block_(current_block, data) == nfc::STATUS_OK) {
[0m[33m      |       [01;31m[K^~~~[m[K
[0m[33m[01m[Ksrc/esphome/components/pn7160/pn7160_mifare_ultralight.cpp:[m[K At global scope:
[0m[33m[01m[Ksrc/esphome/components/pn7160/pn7160_mifare_ultralight.cpp:12:9:[m[K [01;31m[Kerror: [m[K'[01m[KPN7160[m[K' has not been declared
[0m[33m   12 | uint8_t [01;31m[KPN7160[m[K::read_mifare_ultralight_tag_(nfc::NfcTag &tag) {
[0m      |         [01;31m[K^~~~~~[m[K
[33m[01m[Ksrc/esphome/components/pn7160/pn7160_mifare_classic.cpp:27:14:[m[K [01;31m[Kerror: [m[K'[01m[KTAG[m[K' was not declared in this scope; did you mean '[01m[Kesphome::pn7160::TAG[m[K'?
[0m[33m   27 |     ESP_LOGE([01;31m[KTAG[m[K, "Failed to read block %u", current_block);
[0m[33m      |              [01;31m[K^~~[m[K
[0m[33m[01m[Ksrc/esphome/core/log.h:127:55:[m[K [01;36m[Knote: [m[Kin definition of macro '[01m[Kesph_log_e[m[K'
[0m[33m  127 |   ::esphome::esp_log_printf_(ESPHOME_LOG_LEVEL_ERROR, [01;36m[Ktag[m[K, __LINE__, ESPHOME_LOG_FORMAT(format), ##__VA_ARGS__)
[0m[33m      |                                                       [01;36m[K^~~[m[K
[0m[33m[01m[Ksrc/esphome/components/pn7160/pn7160_mifare_classic.cpp:27:5:[m[K [01;36m[Knote: [m[Kin expansion of macro '[01m[KESP_LOGE[m[K'
[0m[33m   27 |     [01;36m[KESP_LOGE[m[K(TAG, "Failed to read block %u", current_block);
[0m      |     [01;36m[K^~~~~~~~[m[K
[33m[01m[Ksrc/esphome/components/pn7160/pn7160_mifare_classic.cpp:9:26:[m[K [01;36m[Knote: [m[K'[01m[Kesphome::pn7160::TAG[m[K' declared here
[0m[33m    9 | static const char *const [01;36m[KTAG[m[K = "pn7160.mifare_classic";
[0m[33m      |                          [01;36m[K^~~[m[K
[0m[33m[01m[Ksrc/esphome/components/pn7160/pn7160_mifare_classic.cpp:37:11:[m[K [01;31m[Kerror: [m[Kinvalid use of '[01m[Kthis[m[K' in non-member function
[0m[33m   37 |       if ([01;31m[Kthis[m[K->auth_mifare_classic_block_(current_block, nfc::MIFARE_CMD_AUTH_A, nfc::NDEF_KEY) != nfc::STATUS_OK) {
[0m[33m      |           [01;31m[K^~~~[m[K
[0m[33m[01m[Ksrc/esphome/components/pn7160/pn7160_mifare_classic.cpp:38:18:[m[K [01;31m[Kerror: [m[K'[01m[KTAG[m[K' was not declared in this scope; did you mean '[01m[Kesphome::pn7160::TAG[m[K'?
[0m[33m   38 |         ESP_LOGE([01;31m[KTAG[m[K, "Block authentication failed for %u", current_block);
[0m[33m      |                  [01;31m[K^~~[m[K
[0m[33m[01m[Ksrc/esphome/core/log.h:127:55:[m[K [01;36m[Knote: [m[Kin definition of macro '[01m[Kesph_log_e[m[K'
[0m[33m  127 |   ::esphome::esp_log_printf_(ESPHOME_LOG_LEVEL_ERROR, [01;36m[Ktag[m[K, __LINE__, ESPHOME_LOG_FORMAT(format), ##__VA_ARGS__)
[0m[33m      |                                                       [01;36m[K^~~[m[K
[0m[33m[01m[Ksrc/esphome/components/pn7160/pn7160_mifare_classic.cpp:38:9:[m[K [01;36m[Knote: [m[Kin expansion of macro '[01m[KESP_LOGE[m[K'
[0m[33m   38 |         [01;36m[KESP_LOGE[m[K(TAG, "Block authentication failed for %u", current_block);
[0m      |         [01;36m[K^~~~~~~~[m[K
[33m[01m[Ksrc/esphome/components/pn7160/pn7160_mifare_classic.cpp:9:26:[m[K [01;36m[Knote: [m[K'[01m[Kesphome::pn7160::TAG[m[K' declared here
[0m[33m    9 | static const char *const [01;36m[KTAG[m[K = "pn7160.mifare_classic";
[0m[33m      |                          [01;36m[K^~~[m[K
[0m[33m[01m[Ksrc/esphome/components/pn7160/pn7160_mifare_classic.cpp:43:9:[m[K [01;31m[Kerror: [m[Kinvalid use of '[01m[Kthis[m[K' in non-member function
[0m[33m   43 |     if ([01;31m[Kthis[m[K->read_mifare_classic_block_(current_block, block_data) != nfc::STATUS_OK) {
[0m[33m      |         [01;31m[K^~~~[m[K
[0m[33m[01m[Ksrc/esphome/components/pn7160/pn7160_mifare_classic.cpp:44:16:[m[K [01;31m[Kerror: [m[K'[01m[KTAG[m[K' was not declared in this scope; did you mean '[01m[Kesphome::pn7160::TAG[m[K'?
[0m[33m   44 |       ESP_LOGE([01;31m[KTAG[m[K, "Error reading block %u", current_block);
[0m[33m      |                [01;31m[K^~~[m[K
[0m[33m[01m[Ksrc/esphome/core/log.h:127:55:[m[K [01;36m[Knote: [m[Kin definition of macro '[01m[Kesph_log_e[m[K'
[0m[33m  127 |   ::esphome::esp_log_printf_(ESPHOME_LOG_LEVEL_ERROR, [01;36m[Ktag[m[K, __LINE__, ESPHOME_LOG_FORMAT(format), ##__VA_ARGS__)
[0m[33m      |                                                       [01;36m[K^~~[m[K
[0m[33m[01m[Ksrc/esphome/components/pn7160/pn7160_mifare_classic.cpp:44:7:[m[K [01;36m[Knote: [m[Kin expansion of macro '[01m[KESP_LOGE[m[K'
[0m[33m   44 |       [01;36m[KESP_LOGE[m[K(TAG, "Error reading block %u", current_block);
[0m      |       [01;36m[K^~~~~~~~[m[K
[33m[01m[Ksrc/esphome/components/pn7160/pn7160_mifare_classic.cpp:9:26:[m[K [01;36m[Knote: [m[K'[01m[Kesphome::pn7160::TAG[m[K' declared here
[0m[33m    9 | static const char *const [01;36m[KTAG[m[K = "pn7160.mifare_classic";
[0m[33m      |                          [01;36m[K^~~[m[K
[0m[33m[01m[Ksrc/esphome/components/pn7160/pn7160_mifare_ultralight.cpp:[m[K In function '[01m[Kuint8_t esphome::nfc::[01;32m[Kread_mifare_ultralight_tag_[m[K(NfcTag&)[m[K':
[0m[33m[01m[Ksrc/esphome/components/pn7160/pn7160_mifare_ultralight.cpp:15:7:[m[K [01;31m[Kerror: [m[Kinvalid use of '[01m[Kthis[m[K' in non-member function
[0m[33m   15 |   if ([01;31m[Kthis[m[K->read_mifare_ultralight_bytes_(3, nfc::MIFARE_ULTRALIGHT_PAGE_SIZE * nfc::MIFARE_ULTRALIGHT_READ_SIZE,
[0m[33m      |       [01;31m[K^~~~[m[K
[0m[33m[01m[Ksrc/esphome/components/pn7160/pn7160_mifare_ultralight.cpp:20:8:[m[K [01;31m[Kerror: [m[Kinvalid use of '[01m[Kthis[m[K' in non-member function
[0m[33m   20 |   if (![01;31m[Kthis[m[K->is_mifare_ultralight_formatted_(data)) {
[0m[33m      |        [01;31m[K^~~~[m[K
[0m[33mIn file included from [01m[Ksrc/esphome/core/component.h:9[m[K,
[0m[33m                 from [01m[Ksrc/esphome/core/automation.h:3[m[K,
[0m[33m                 from [01m[Ksrc/esphome/components/nfc/automation.h:4[m[K:
[0m[33m[01m[Ksrc/esphome/components/pn7160/pn7160_mifare_ultralight.cpp:21:14:[m[K [01;31m[Kerror: [m[K'[01m[KTAG[m[K' was not declared in this scope; did you mean '[01m[Kesphome::pn7160::TAG[m[K'?
[0m[33m   21 |     ESP_LOGW([01;31m[KTAG[m[K, "Not NDEF formatted");
[0m[33m      |              [01;31m[K^~~[m[K
[0m[33m[01m[Ksrc/esphome/core/log.h:118:54:[m[K [01;36m[Knote: [m[Kin definition of macro '[01m[Kesph_log_w[m[K'
[0m[33m  118 |   ::esphome::esp_log_printf_(ESPHOME_LOG_LEVEL_WARN, [01;36m[Ktag[m[K, __LINE__, ESPHOME_LOG_FORMAT(format), ##__VA_ARGS__)
[0m[33m      |                                                      [01;36m[K^~~[m[K
[0m[33m[01m[Ksrc/esphome/components/pn7160/pn7160_mifare_ultralight.cpp:21:5:[m[K [01;36m[Knote: [m[Kin expansion of macro '[01m[KESP_LOGW[m[K'
[0m[33m   21 |     [01;36m[KESP_LOGW[m[K(TAG, "Not NDEF formatted");
[0m      |     [01;36m[K^~~~~~~~[m[K
[33m[01m[Ksrc/esphome/components/pn7160/pn7160_mifare_ultralight.cpp:10:26:[m[K [01;36m[Knote: [m[K'[01m[Kesphome::pn7160::TAG[m[K' declared here
[0m[33m   10 | static const char *const [01;36m[KTAG[m[K = "pn7160.mifare_ultralight";
[0m[33m      |                          [01;36m[K^~~[m[K
[0m[33m[01m[Ksrc/esphome/components/pn7160/pn7160_mifare_ultralight.cpp:27:7:[m[K [01;31m[Kerror: [m[Kinvalid use of '[01m[Kthis[m[K' in non-member function
[0m[33m   27 |   if ([01;31m[Kthis[m[K->find_mifare_ultralight_ndef_(data, message_length, message_start_index) != nfc::STATUS_OK) {
[0m[33m      |       [01;31m[K^~~~[m[K
[0m[33m[01m[Ksrc/esphome/components/pn7160/pn7160_mifare_ultralight.cpp:28:14:[m[K [01;31m[Kerror: [m[K'[01m[KTAG[m[K' was not declared in this scope; did you mean '[01m[Kesphome::pn7160::TAG[m[K'?
[0m[33m   28 |     ESP_LOGW([01;31m[KTAG[m[K, "Couldn't find NDEF message");
[0m[33m      |              [01;31m[K^~~[m[K
[0m[33m[01m[Ksrc/esphome/core/log.h:118:54:[m[K [01;36m[Knote: [m[Kin definition of macro '[01m[Kesph_log_w[m[K'
[0m[33m  118 |   ::esphome::esp_log_printf_(ESPHOME_LOG_LEVEL_WARN, [01;36m[Ktag[m[K, __LINE__, ESPHOME_LOG_FORMAT(format), ##__VA_ARGS__)
[0m[33m      |                                                      [01;36m[K^~~[m[K
[0m[33m[01m[Ksrc/esphome/components/pn7160/pn7160_mifare_ultralight.cpp:28:5:[m[K [01;36m[Knote: [m[Kin expansion of macro '[01m[KESP_LOGW[m[K'
[0m[33m   28 |     [01;36m[KESP_LOGW[m[K(TAG, "Couldn't find NDEF message");
[0m      |     [01;36m[K^~~~~~~~[m[K
[33m[01m[Ksrc/esphome/components/pn7160/pn7160_mifare_ultralight.cpp:10:26:[m[K [01;36m[Knote: [m[K'[01m[Kesphome::pn7160::TAG[m[K' declared here
[0m[33m   10 | static const char *const [01;36m[KTAG[m[K = "pn7160.mifare_ultralight";
[0m[33m      |                          [01;36m[K^~~[m[K
[0m[33m[01m[Ksrc/esphome/components/pn7160/pn7160_mifare_classic.cpp:[m[K At global scope:
[0m[33m[01m[Ksrc/esphome/components/pn7160/pn7160_mifare_classic.cpp:69:9:[m[K [01;31m[Kerror: [m[K'[01m[KPN7160[m[K' has not been declared
[0m[33m   69 | uint8_t [01;31m[KPN7160[m[K::read_mifare_classic_block_(uint8_t block_num, std::vector<uint8_t> &data) {
[0m      |         [01;31m[K^~~~~~[m[K
[33m[01m[Ksrc/esphome/components/pn7160/pn7160_mifare_classic.cpp:[m[K In function '[01m[Kuint8_t esphome::nfc::[01;32m[Kread_mifare_classic_block_[m[K(uint8_t, std::vector<unsigned char>&)[m[K':
[0m[33m[01m[Ksrc/esphome/components/pn7160/pn7160_mifare_classic.cpp:71:45:[m[K [01;31m[Kerror: [m[K'[01m[KXCHG_DATA_OID[m[K' was not declared in this scope; did you mean '[01m[Kesphome::pn7160::XCHG_DATA_OID[m[K'?
[0m[33m   71 |   nfc::NciMessage tx(nfc::NCI_PKT_MT_DATA, {[01;31m[KXCHG_DATA_OID[m[K, nfc::MIFARE_CMD_READ, block_num});
[0m      |                                             [01;31m[K^~~~~~~~~~~~~[m[K
[33m      |                                             [32m[Kesphome::pn7160::XCHG_DATA_OID[m[K
[0m[33m[01m[Ksrc/esphome/components/pn7160/pn7160.h:53:22:[m[K [01;36m[Knote: [m[K'[01m[Kesphome::pn7160::XCHG_DATA_OID[m[K' declared here
[0m[33m   53 | static const uint8_t [01;36m[KXCHG_DATA_OID[m[K = 0x10;
[0m      |                      [01;36m[K^~~~~~~~~~~~~[m[K
[33m[01m[Ksrc/esphome/components/pn7160/pn7160_mifare_classic.cpp:71:92:[m[K [01;31m[Kerror: [m[Kno matching function for call to '[01m[Kesphome::nfc::NciMessage::NciMessage(const uint8_t&, <brace-enclosed initializer list>)[m[K'
[0m[33m   71 |   nfc::NciMessage tx(nfc::NCI_PKT_MT_DATA, {XCHG_DATA_OID, nfc::MIFARE_CMD_READ, block_num}[01;31m[K)[m[K;
[0m[33m      |                                                                                            [01;31m[K^[m[K
[0m[33mIn file included from [01m[Ksrc/esphome/components/pn7160/pn7160.h:5[m[K:
[0m[33m[01m[Ksrc/esphome/components/nfc/nci_message.h:17:3:[m[K [01;36m[Knote: [m[Kcandidate: '[01m[Kesphome::nfc::NciMessage::[01;32m[KNciMessage[m[K(const std::vector<unsigned char>&)[m[K'
[0m[33m   17 |   [01;36m[KNciMessage[m[K(const std::vector<uint8_t> &raw_packet);
[0m      |   [01;36m[K^~~~~~~~~~[m[K
[33m[01m[Ksrc/esphome/components/nfc/nci_message.h:17:3:[m[K [01;36m[Knote: [m[K  candidate expects 1 argument, 2 provided
[0m[33m[01m[Ksrc/esphome/components/nfc/nci_message.h:16:3:[m[K [01;36m[Knote: [m[Kcandidate: '[01m[Kesphome::nfc::NciMessage::[01;32m[KNciMessage[m[K(uint8_t, uint8_t, uint8_t, const std::vector<unsigned char>&)[m[K'
[0m[33m   16 |   [01;36m[KNciMessage[m[K(uint8_t message_type, uint8_t gid, uint8_t oid, const std::vector<uint8_t> &payload);
[0m      |   [01;36m[K^~~~~~~~~~[m[K
[33m[01m[Ksrc/esphome/components/nfc/nci_message.h:16:3:[m[K [01;36m[Knote: [m[K  candidate expects 4 arguments, 2 provided
[0m[33m[01m[Ksrc/esphome/components/nfc/nci_message.h:15:3:[m[K [01;36m[Knote: [m[Kcandidate: '[01m[Kesphome::nfc::NciMessage::[01;32m[KNciMessage[m[K(uint8_t, uint8_t, uint8_t)[m[K'
[0m[33m   15 |   [01;36m[KNciMessage[m[K(uint8_t message_type, uint8_t gid, uint8_t oid);
[0m      |   [01;36m[K^~~~~~~~~~[m[K
[33m[01m[Ksrc/esphome/components/nfc/nci_message.h:15:3:[m[K [01;36m[Knote: [m[K  candidate expects 3 arguments, 2 provided
[0m[33m[01m[Ksrc/esphome/components/nfc/nci_message.h:14:3:[m[K [01;36m[Knote: [m[Kcandidate: '[01m[Kesphome::nfc::NciMessage::[01;32m[KNciMessage[m[K(uint8_t, const std::vector<unsigned char>&)[m[K'
[0m[33m   14 |   [01;36m[KNciMessage[m[K(uint8_t message_type, const std::vector<uint8_t> &payload);
[0m      |   [01;36m[K^~~~~~~~~~[m[K
[33m[01m[Ksrc/esphome/components/nfc/nci_message.h:14:64:[m[K [01;36m[Knote: [m[K  no known conversion for argument 2 from '[01m[K<brace-enclosed initializer list>[m[K' to '[01m[Kconst std::vector<unsigned char>&[m[K'
[0m[33m   14 |   NciMessage(uint8_t message_type, [01;36m[Kconst std::vector<uint8_t> &payload[m[K);
[0m      |                                    [01;36m[K~~~~~~~~~~~~~~~~~~~~~~~~~~~~^~~~~~~[m[K
[33m[01m[Ksrc/esphome/components/nfc/nci_message.h:13:3:[m[K [01;36m[Knote: [m[Kcandidate: '[01m[Kesphome::nfc::NciMessage::[01;32m[KNciMessage[m[K()[m[K'
[0m[33m   13 |   [01;36m[KNciMessage[m[K() {}
[0m      |   [01;36m[K^~~~~~~~~~[m[K
[33m[01m[Ksrc/esphome/components/nfc/nci_message.h:13:3:[m[K [01;36m[Knote: [m[K  candidate expects 0 arguments, 2 provided
[0m[33m[01m[Ksrc/esphome/components/nfc/nci_message.h:11:7:[m[K [01;36m[Knote: [m[Kcandidate: '[01m[Kconstexpr esphome::nfc::NciMessage::[01;32m[KNciMessage[m[K(const esphome::nfc::NciMessage&)[m[K'
[0m[33m   11 | class [01;36m[KNciMessage[m[K {
[0m      |       [01;36m[K^~~~~~~~~~[m[K
[33m[01m[Ksrc/esphome/components/nfc/nci_message.h:11:7:[m[K [01;36m[Knote: [m[K  candidate expects 1 argument, 2 provided
[0m[33m[01m[Ksrc/esphome/components/nfc/nci_message.h:11:7:[m[K [01;36m[Knote: [m[Kcandidate: '[01m[Kconstexpr esphome::nfc::NciMessage::[01;32m[KNciMessage[m[K(esphome::nfc::NciMessage&&)[m[K'
[0m[33m[01m[Ksrc/esphome/components/nfc/nci_message.h:11:7:[m[K [01;36m[Knote: [m[K  candidate expects 1 argument, 2 provided
[0m[33m[01m[Ksrc/esphome/components/pn7160/pn7160_mifare_classic.cpp:75:7:[m[K [01;31m[Kerror: [m[Kinvalid use of '[01m[Kthis[m[K' in non-member function
[0m[33m   75 |   if ([01;31m[Kthis[m[K->transceive_(tx, rx) != nfc::STATUS_OK) {
[0m[33m      |       [01;31m[K^~~~[m[K
[0m[33m[01m[Ksrc/esphome/components/pn7160/pn7160_mifare_classic.cpp:76:14:[m[K [01;31m[Kerror: [m[K'[01m[KTAG[m[K' was not declared in this scope; did you mean '[01m[Kesphome::pn7160::TAG[m[K'?
[0m[33m   76 |     ESP_LOGE([01;31m[KTAG[m[K, "Timeout reading tag data");
[0m[33m      |              [01;31m[K^~~[m[K
[0m[33m[01m[Ksrc/esphome/core/log.h:127:55:[m[K [01;36m[Knote: [m[Kin definition of macro '[01m[Kesph_log_e[m[K'
[0m[33m  127 |   ::esphome::esp_log_printf_(ESPHOME_LOG_LEVEL_ERROR, [01;36m[Ktag[m[K, __LINE__, ESPHOME_LOG_FORMAT(format), ##__VA_ARGS__)
[0m[33m      |                                                       [01;36m[K^~~[m[K
[0m[33m[01m[Ksrc/esphome/components/pn7160/pn7160_mifare_classic.cpp:76:5:[m[K [01;36m[Knote: [m[Kin expansion of macro '[01m[KESP_LOGE[m[K'
[0m[33m   76 |     [01;36m[KESP_LOGE[m[K(TAG, "Timeout reading tag data");
[0m      |     [01;36m[K^~~~~~~~[m[K
[33m[01m[Ksrc/esphome/components/pn7160/pn7160_mifare_classic.cpp:9:26:[m[K [01;36m[Knote: [m[K'[01m[Kesphome::pn7160::TAG[m[K' declared here
[0m[33m    9 | static const char *const [01;36m[KTAG[m[K = "pn7160.mifare_classic";
[0m[33m      |                          [01;36m[K^~~[m[K
[0m[33m[01m[Ksrc/esphome/components/pn7160/pn7160.cpp:122:22:[m[K [01;31m[Kerror: [m[K'[01m[KEP_READ[m[K' was not declared in this scope; did you mean '[01m[KREG_READ[m[K'?
[0m[33m  122 |   this->next_task_ = [01;31m[KEP_READ[m[K;
[0m      |                      [01;31m[K^~~~~~~[m[K
[33m      |                      [32m[KREG_READ[m[K
[0m[33m[01m[Ksrc/esphome/components/pn7160/pn7160_mifare_classic.cpp:82:14:[m[K [01;31m[Kerror: [m[K'[01m[KTAG[m[K' was not declared in this scope; did you mean '[01m[Kesphome::pn7160::TAG[m[K'?
[0m[33m   82 |     ESP_LOGE([01;31m[KTAG[m[K, "MFC read block failed - block 0x%02x", block_num);
[0m[33m      |              [01;31m[K^~~[m[K
[0m[33m[01m[Ksrc/esphome/core/log.h:127:55:[m[K [01;36m[Knote: [m[Kin definition of macro '[01m[Kesph_log_e[m[K'
[0m[33m  127 |   ::esphome::esp_log_printf_(ESPHOME_LOG_LEVEL_ERROR, [01;36m[Ktag[m[K, __LINE__, ESPHOME_LOG_FORMAT(format), ##__VA_ARGS__)
[0m[33m      |                                                       [01;36m[K^~~[m[K
[0m[33m[01m[Ksrc/esphome/components/pn7160/pn7160_mifare_classic.cpp:82:5:[m[K [01;36m[Knote: [m[Kin expansion of macro '[01m[KESP_LOGE[m[K'
[0m[33m   82 |     [01;36m[KESP_LOGE[m[K(TAG, "MFC read block failed - block 0x%02x", block_num);
[0m      |     [01;36m[K^~~~~~~~[m[K
[33m[01m[Ksrc/esphome/components/pn7160/pn7160_mifare_classic.cpp:9:26:[m[K [01;36m[Knote: [m[K'[01m[Kesphome::pn7160::TAG[m[K' declared here
[0m[33m    9 | static const char *const [01;36m[KTAG[m[K = "pn7160.mifare_classic";
[0m[33m      |                          [01;36m[K^~~[m[K
[0m[33m[01m[Ksrc/esphome/components/pn7160/pn7160.cpp:123:12:[m[K [01;31m[Kerror: [m[K'[01m[KTAG[m[K' was not declared in this scope; did you mean '[01m[Kesphome::pn7160::TAG[m[K'?
[0m[33m  123 |   ESP_LOGD([01;31m[KTAG[m[K, "Waiting to read next tag");
[0m[33m      |            [01;31m[K^~~[m[K
[0m[33m[01m[Ksrc/esphome/core/log.h:96:55:[m[K [01;36m[Knote: [m[Kin definition of macro '[01m[Kesph_log_d[m[K'
[0m[33m   96 |   ::esphome::esp_log_printf_(ESPHOME_LOG_LEVEL_DEBUG, [01;36m[Ktag[m[K, __LINE__, ESPHOME_LOG_FORMAT(format), ##__VA_ARGS__)
[0m[33m      |                                                       [01;36m[K^~~[m[K
[0m[33m[01m[Ksrc/esphome/components/pn7160/pn7160.cpp:123:3:[m[K [01;36m[Knote: [m[Kin expansion of macro '[01m[KESP_LOGD[m[K'
[0m[33m  123 |   [01;36m[KESP_LOGD[m[K(TAG, "Waiting to read next tag");
[0m      |   [01;36m[K^~~~~~~~[m[K
[33m[01m[Ksrc/esphome/components/pn7160/pn7160.cpp:13:26:[m[K [01;36m[Knote: [m[K'[01m[Kesphome::pn7160::TAG[m[K' declared here
[0m[33m   13 | static const char *const [01;36m[KTAG[m[K = "pn7160";
[0m[33m      |                          [01;36m[K^~~[m[K
[0m[33m[01m[Ksrc/esphome/components/pn7160/pn7160.cpp:[m[K At global scope:
[0m[33m[01m[Ksrc/esphome/components/pn7160/pn7160.cpp:126:6:[m[K [01;31m[Kerror: [m[K'[01m[KPN7160[m[K' has not been declared
[0m[33m  126 | void [01;31m[KPN7160[m[K::clean_mode() {
[0m      |      [01;31m[K^~~~~~[m[K
[33m[01m[Ksrc/esphome/components/pn7160/pn7160.cpp:[m[K In function '[01m[Kvoid esphome::nfc::[01;32m[Kclean_mode[m[K()[m[K':
[0m[33m[01m[Ksrc/esphome/components/pn7160/pn7160.cpp:127:3:[m[K [01;31m[Kerror: [m[Kinvalid use of '[01m[Kthis[m[K' in non-member function
[0m[33m  127 |   [01;31m[Kthis[m[K->next_task_ = EP_CLEAN;
[0m[33m      |   [01;31m[K^~~~[m[K
[0m[33m[01m[Ksrc/esphome/components/pn7160/pn7160_mifare_classic.cpp:[m[K At global scope:
[0m[33m[01m[Ksrc/esphome/components/pn7160/pn7160_mifare_classic.cpp:93:9:[m[K [01;31m[Kerror: [m[K'[01m[KPN7160[m[K' has not been declared
[0m[33m   93 | uint8_t [01;31m[KPN7160[m[K::auth_mifare_classic_block_(uint8_t block_num, uint8_t key_num, const uint8_t *key) {
[0m      |         [01;31m[K^~~~~~[m[K
[33m[01m[Ksrc/esphome/components/pn7160/pn7160_mifare_classic.cpp:[m[K In function '[01m[Kuint8_t esphome::nfc::[01;32m[Kauth_mifare_classic_block_[m[K(uint8_t, uint8_t, const uint8_t*)[m[K':
[0m[33m[01m[Ksrc/esphome/components/pn7160/pn7160_mifare_classic.cpp:95:45:[m[K [01;31m[Kerror: [m[K'[01m[KMFC_AUTHENTICATE_OID[m[K' was not declared in this scope; did you mean '[01m[Kesphome::pn7160::MFC_AUTHENTICATE_OID[m[K'?
[0m[33m   95 |   nfc::NciMessage tx(nfc::NCI_PKT_MT_DATA, {[01;31m[KMFC_AUTHENTICATE_OID[m[K, this->sect_to_auth_(block_num), key_num});
[0m      |                                             [01;31m[K^~~~~~~~~~~~~~~~~~~~[m[K
[33m      |                                             [32m[Kesphome::pn7160::MFC_AUTHENTICATE_OID[m[K
[0m[33m[01m[Ksrc/esphome/components/pn7160/pn7160.h:[m[K In function '[01m[Kconst char* esphome::nfc::[01;32m[Kformat_bytes_to[m[K(char*, const std::vector<unsigned char>&)[m[K':
[0m[33m[01m[Ksrc/esphome/components/pn7160/pn7160.h:24:31:[m[K [01;35m[Kwarning: [m[K'[01m[Kstd::string esphome::nfc::[01;32m[Kformat_bytes[m[K(std::span<const unsigned char, 4294967295>)[m[K' is deprecated: Use format_bytes_to() with stack buffer instead. Removed in 2026.6.0 [[01;35m[K-Wdeprecated-declarations[m[K]
[0m[33m   24 |   std::string s = [01;35m[Kformat_bytes(const_cast<std::vector<uint8_t> &>(bytes))[m[K;
[0m      |                   [01;35m[K~~~~~~~~~~~~^~~~~~~~~~~~~~~~~~~~~~~~~~~~~~~~~~~~~~~~~~~[m[K
[33m[01m[Ksrc/esphome/components/nfc/nfc.h:72:13:[m[K [01;36m[Knote: [m[Kdeclared here
[0m[33m   72 | std::string [01;36m[Kformat_bytes[m[K(std::span<const uint8_t> bytes);
[0m      |             [01;36m[K^~~~~~~~~~~~[m[K
[33m[01m[Ksrc/esphome/components/pn7160/pn7160.h:55:22:[m[K [01;36m[Knote: [m[K'[01m[Kesphome::pn7160::MFC_AUTHENTICATE_OID[m[K' declared here
[0m[33m   55 | static const uint8_t [01;36m[KMFC_AUTHENTICATE_OID[m[K = 0x40;
[0m      |                      [01;36m[K^~~~~~~~~~~~~~~~~~~~[m[K
[33m[01m[Ksrc/esphome/components/pn7160/pn7160_mifare_classic.cpp:95:67:[m[K [01;31m[Kerror: [m[Kinvalid use of '[01m[Kthis[m[K' in non-member function
[0m[33m   95 |   nfc::NciMessage tx(nfc::NCI_PKT_MT_DATA, {MFC_AUTHENTICATE_OID, [01;31m[Kthis[m[K->sect_to_auth_(block_num), key_num});
[0m[33m      |                                                                   [01;31m[K^~~~[m[K
[0m[33m[01m[Ksrc/esphome/components/pn7160/pn7160_mifare_classic.cpp:95:107:[m[K [01;31m[Kerror: [m[Kno matching function for call to '[01m[Kesphome::nfc::NciMessage::NciMessage(const uint8_t&, <brace-enclosed initializer list>)[m[K'
[0m[33m   95 |   nfc::NciMessage tx(nfc::NCI_PKT_MT_DATA, {MFC_AUTHENTICATE_OID, this->sect_to_auth_(block_num), key_num}[01;31m[K)[m[K;
[0m[33m      |                                                                                                           [01;31m[K^[m[K
[0m[33m[01m[Ksrc/esphome/components/nfc/nci_message.h:17:3:[m[K [01;36m[Knote: [m[Kcandidate: '[01m[Kesphome::nfc::NciMessage::[01;32m[KNciMessage[m[K(const std::vector<unsigned char>&)[m[K'
[0m[33m   17 |   [01;36m[KNciMessage[m[K(const std::vector<uint8_t> &raw_packet);
[0m      |   [01;36m[K^~~~~~~~~~[m[K
[33m[01m[Ksrc/esphome/components/nfc/nci_message.h:17:3:[m[K [01;36m[Knote: [m[K  candidate expects 1 argument, 2 provided
[0m[33m[01m[Ksrc/esphome/components/nfc/nci_message.h:16:3:[m[K [01;36m[Knote: [m[Kcandidate: '[01m[Kesphome::nfc::NciMessage::[01;32m[KNciMessage[m[K(uint8_t, uint8_t, uint8_t, const std::vector<unsigned char>&)[m[K'
[0m[33m   16 |   [01;36m[KNciMessage[m[K(uint8_t message_type, uint8_t gid, uint8_t oid, const std::vector<uint8_t> &payload);
[0m      |   [01;36m[K^~~~~~~~~~[m[K
[33m[01m[Ksrc/esphome/components/nfc/nci_message.h:16:3:[m[K [01;36m[Knote: [m[K  candidate expects 4 arguments, 2 provided
[0m[33m[01m[Ksrc/esphome/components/nfc/nci_message.h:15:3:[m[K [01;36m[Knote: [m[Kcandidate: '[01m[Kesphome::nfc::NciMessage::[01;32m[KNciMessage[m[K(uint8_t, uint8_t, uint8_t)[m[K'
[0m[33m   15 |   [01;36m[KNciMessage[m[K(uint8_t message_type, uint8_t gid, uint8_t oid);
[0m      |   [01;36m[K^~~~~~~~~~[m[K
[33m[01m[Ksrc/esphome/components/nfc/nci_message.h:15:3:[m[K [01;36m[Knote: [m[K  candidate expects 3 arguments, 2 provided
[0m[33m[01m[Ksrc/esphome/components/nfc/nci_message.h:14:3:[m[K [01;36m[Knote: [m[Kcandidate: '[01m[Kesphome::nfc::NciMessage::[01;32m[KNciMessage[m[K(uint8_t, const std::vector<unsigned char>&)[m[K'
[0m[33m   14 |   [01;36m[KNciMessage[m[K(uint8_t message_type, const std::vector<uint8_t> &payload);
[0m      |   [01;36m[K^~~~~~~~~~[m[K
[33m[01m[Ksrc/esphome/components/nfc/nci_message.h:14:64:[m[K [01;36m[Knote: [m[K  no known conversion for argument 2 from '[01m[K<brace-enclosed initializer list>[m[K' to '[01m[Kconst std::vector<unsigned char>&[m[K'
[0m[33m   14 |   NciMessage(uint8_t message_type, [01;36m[Kconst std::vector<uint8_t> &payload[m[K);
[0m      |                                    [01;36m[K~~~~~~~~~~~~~~~~~~~~~~~~~~~~^~~~~~~[m[K
[33m[01m[Ksrc/esphome/components/pn7160/pn7160.cpp:127:22:[m[K [01;31m[Kerror: [m[K'[01m[KEP_CLEAN[m[K' was not declared in this scope
[0m[33m  127 |   this->next_task_ = [01;31m[KEP_CLEAN[m[K;
[0m      |                      [01;31m[K^~~~~~~~[m[K
[33m[01m[Ksrc/esphome/components/nfc/nci_message.h:13:3:[m[K [01;36m[Knote: [m[Kcandidate: '[01m[Kesphome::nfc::NciMessage::[01;32m[KNciMessage[m[K()[m[K'
[0m[33m   13 |   [01;36m[KNciMessage[m[K() {}
[0m      |   [01;36m[K^~~~~~~~~~[m[K
[33m[01m[Ksrc/esphome/components/nfc/nci_message.h:13:3:[m[K [01;36m[Knote: [m[K  candidate expects 0 arguments, 2 provided
[0m[33m[01m[Ksrc/esphome/components/nfc/nci_message.h:11:7:[m[K [01;36m[Knote: [m[Kcandidate: '[01m[Kconstexpr esphome::nfc::NciMessage::[01;32m[KNciMessage[m[K(const esphome::nfc::NciMessage&)[m[K'
[0m[33m   11 | class [01;36m[KNciMessage[m[K {
[0m      |       [01;36m[K^~~~~~~~~~[m[K
[33m[01m[Ksrc/esphome/components/nfc/nci_message.h:11:7:[m[K [01;36m[Knote: [m[K  candidate expects 1 argument, 2 provided
[0m[33m[01m[Ksrc/esphome/components/nfc/nci_message.h:11:7:[m[K [01;36m[Knote: [m[Kcandidate: '[01m[Kconstexpr esphome::nfc::NciMessage::[01;32m[KNciMessage[m[K(esphome::nfc::NciMessage&&)[m[K'
[0m[33m[01m[Ksrc/esphome/components/nfc/nci_message.h:11:7:[m[K [01;36m[Knote: [m[K  candidate expects 1 argument, 2 provided
[0m[33m[01m[Ksrc/esphome/components/pn7160/pn7160.cpp:128:12:[m[K [01;31m[Kerror: [m[K'[01m[KTAG[m[K' was not declared in this scope; did you mean '[01m[Kesphome::pn7160::TAG[m[K'?
[0m[33m  128 |   ESP_LOGD([01;31m[KTAG[m[K, "Waiting to clean next tag");
[0m[33m      |            [01;31m[K^~~[m[K
[0m[33m[01m[Ksrc/esphome/core/log.h:96:55:[m[K [01;36m[Knote: [m[Kin definition of macro '[01m[Kesph_log_d[m[K'
[0m[33m   96 |   ::esphome::esp_log_printf_(ESPHOME_LOG_LEVEL_DEBUG, [01;36m[Ktag[m[K, __LINE__, ESPHOME_LOG_FORMAT(format), ##__VA_ARGS__)
[0m[33m      |                                                       [01;36m[K^~~[m[K
[0m[33m[01m[Ksrc/esphome/components/pn7160/pn7160.cpp:128:3:[m[K [01;36m[Knote: [m[Kin expansion of macro '[01m[KESP_LOGD[m[K'
[0m[33m  128 |   [01;36m[KESP_LOGD[m[K(TAG, "Waiting to clean next tag");
[0m      |   [01;36m[K^~~~~~~~[m[K
[33m[01m[Ksrc/esphome/components/pn7160/pn7160.cpp:13:26:[m[K [01;36m[Knote: [m[K'[01m[Kesphome::pn7160::TAG[m[K' declared here
[0m[33m   13 | static const char *const [01;36m[KTAG[m[K = "pn7160";
[0m[33m      |                          [01;36m[K^~~[m[K
[0m[33m[01m[Ksrc/esphome/components/pn7160/pn7160.cpp:[m[K At global scope:
[0m[33m[01m[Ksrc/esphome/components/pn7160/pn7160.cpp:131:6:[m[K [01;31m[Kerror: [m[K'[01m[KPN7160[m[K' has not been declared
[0m[33m  131 | void [01;31m[KPN7160[m[K::format_mode() {
[0m      |      [01;31m[K^~~~~~[m[K
[33m[01m[Ksrc/esphome/components/pn7160/pn7160_mifare_classic.cpp:99:33:[m[K [01;31m[Kerror: [m[K'[01m[KMFC_AUTHENTICATE_PARAM_KS_A[m[K' was not declared in this scope; did you mean '[01m[Kesphome::pn7160::MFC_AUTHENTICATE_PARAM_KS_A[m[K'?
[0m[33m   99 |       tx.get_message().back() = [01;31m[KMFC_AUTHENTICATE_PARAM_KS_A[m[K;
[0m      |                                 [01;31m[K^~~~~~~~~~~~~~~~~~~~~~~~~~~[m[K
[33m      |                                 [32m[Kesphome::pn7160::MFC_AUTHENTICATE_PARAM_KS_A[m[K
[0m[33m[01m[Ksrc/esphome/components/pn7160/pn7160.h:60:22:[m[K [01;36m[Knote: [m[K'[01m[Kesphome::pn7160::MFC_AUTHENTICATE_PARAM_KS_A[m[K' declared here
[0m[33m   60 | static const uint8_t [01;36m[KMFC_AUTHENTICATE_PARAM_KS_A[m[K = 0x00;  // key select A
[0m      |                      [01;36m[K^~~~~~~~~~~~~~~~~~~~~~~~~~~[m[K
[33m[01m[Ksrc/esphome/components/pn7160/pn7160.cpp:[m[K In function '[01m[Kvoid esphome::nfc::[01;32m[Kformat_mode[m[K()[m[K':
[0m[33m[01m[Ksrc/esphome/components/pn7160/pn7160.cpp:132:3:[m[K [01;31m[Kerror: [m[Kinvalid use of '[01m[Kthis[m[K' in non-member function
[0m[33m  132 |   [01;31m[Kthis[m[K->next_task_ = EP_FORMAT;
[0m[33m      |   [01;31m[K^~~~[m[K
[0m[33m[01m[Ksrc/esphome/components/pn7160/pn7160.h:[m[K In function '[01m[Kconst char* esphome::nfc::[01;32m[Kformat_uid_to[m[K(char*, const std::vector<unsigned char>&)[m[K':
[0m[33m[01m[Ksrc/esphome/components/pn7160/pn7160.h:30:29:[m[K [01;35m[Kwarning: [m[K'[01m[Kstd::string esphome::nfc::[01;32m[Kformat_uid[m[K(std::span<const unsigned char, 4294967295>)[m[K' is deprecated: Use format_uid_to() with stack buffer instead. Removed in 2026.6.0 [[01;35m[K-Wdeprecated-declarations[m[K]
[0m[33m   30 |   std::string s = [01;35m[Kformat_uid(const_cast<std::vector<uint8_t> &>(uid))[m[K;
[0m      |                   [01;35m[K~~~~~~~~~~^~~~~~~~~~~~~~~~~~~~~~~~~~~~~~~~~~~~~~~~~[m[K
[33m[01m[Ksrc/esphome/components/pn7160/pn7160_mifare_classic.cpp:103:33:[m[K [01;31m[Kerror: [m[K'[01m[KMFC_AUTHENTICATE_PARAM_KS_B[m[K' was not declared in this scope; did you mean '[01m[Kesphome::pn7160::MFC_AUTHENTICATE_PARAM_KS_B[m[K'?
[0m[33m  103 |       tx.get_message().back() = [01;31m[KMFC_AUTHENTICATE_PARAM_KS_B[m[K;
[0m      |                                 [01;31m[K^~~~~~~~~~~~~~~~~~~~~~~~~~~[m[K
[33m      |                                 [32m[Kesphome::pn7160::MFC_AUTHENTICATE_PARAM_KS_B[m[K
[0m[33m[01m[Ksrc/esphome/components/nfc/nfc.h:69:13:[m[K [01;36m[Knote: [m[Kdeclared here
[0m[33m   69 | std::string [01;36m[Kformat_uid[m[K(std::span<const uint8_t> uid);
[0m      |             [01;36m[K^~~~~~~~~~[m[K
[33m[01m[Ksrc/esphome/components/pn7160/pn7160.h:61:22:[m[K [01;36m[Knote: [m[K'[01m[Kesphome::pn7160::MFC_AUTHENTICATE_PARAM_KS_B[m[K' declared here
[0m[33m   61 | static const uint8_t [01;36m[KMFC_AUTHENTICATE_PARAM_KS_B[m[K = 0x80;  // key select B
[0m      |                      [01;36m[K^~~~~~~~~~~~~~~~~~~~~~~~~~~[m[K
[33m[01m[Ksrc/esphome/components/pn7160/pn7160_mifare_classic.cpp:111:32:[m[K [01;31m[Kerror: [m[K'[01m[KMFC_AUTHENTICATE_PARAM_EMBED_KEY[m[K' was not declared in this scope; did you mean '[01m[Kesphome::pn7160::MFC_AUTHENTICATE_PARAM_EMBED_KEY[m[K'?
[0m[33m  111 |     tx.get_message().back() |= [01;31m[KMFC_AUTHENTICATE_PARAM_EMBED_KEY[m[K;
[0m      |                                [01;31m[K^~~~~~~~~~~~~~~~~~~~~~~~~~~~~~~~[m[K
[33m      |                                [32m[Kesphome::pn7160::MFC_AUTHENTICATE_PARAM_EMBED_KEY[m[K
[0m[33m[01m[Ksrc/esphome/components/pn7160/pn7160.h:62:22:[m[K [01;36m[Knote: [m[K'[01m[Kesphome::pn7160::MFC_AUTHENTICATE_PARAM_EMBED_KEY[m[K' declared here
[0m[33m   62 | static const uint8_t [01;36m[KMFC_AUTHENTICATE_PARAM_EMBED_KEY[m[K = 0x10;
[0m      |                      [01;36m[K^~~~~~~~~~~~~~~~~~~~~~~~~~~~~~~~[m[K
[33m[01m[Ksrc/esphome/components/pn7160/pn7160_mifare_classic.cpp:117:7:[m[K [01;31m[Kerror: [m[Kinvalid use of '[01m[Kthis[m[K' in non-member function
[0m[33m  117 |   if ([01;31m[Kthis[m[K->transceive_(tx, rx) != nfc::STATUS_OK) {
[0m[33m      |       [01;31m[K^~~~[m[K
[0m[33m[01m[Ksrc/esphome/components/pn7160/pn7160_mifare_classic.cpp:118:14:[m[K [01;31m[Kerror: [m[K'[01m[KTAG[m[K' was not declared in this scope; did you mean '[01m[Kesphome::pn7160::TAG[m[K'?
[0m[33m  118 |     ESP_LOGE([01;31m[KTAG[m[K, "Sending MFC_AUTHENTICATE_REQ failed");
[0m[33m      |              [01;31m[K^~~[m[K
[0m[33m[01m[Ksrc/esphome/core/log.h:127:55:[m[K [01;36m[Knote: [m[Kin definition of macro '[01m[Kesph_log_e[m[K'
[0m[33m  127 |   ::esphome::esp_log_printf_(ESPHOME_LOG_LEVEL_ERROR, [01;36m[Ktag[m[K, __LINE__, ESPHOME_LOG_FORMAT(format), ##__VA_ARGS__)
[0m[33m      |                                                       [01;36m[K^~~[m[K
[0m[33m[01m[Ksrc/esphome/components/pn7160/pn7160_mifare_classic.cpp:118:5:[m[K [01;36m[Knote: [m[Kin expansion of macro '[01m[KESP_LOGE[m[K'
[0m[33m  118 |     [01;36m[KESP_LOGE[m[K(TAG, "Sending MFC_AUTHENTICATE_REQ failed");
[0m      |     [01;36m[K^~~~~~~~[m[K
[33m[01m[Ksrc/esphome/components/pn7160/pn7160_mifare_classic.cpp:9:26:[m[K [01;36m[Knote: [m[K'[01m[Kesphome::pn7160::TAG[m[K' declared here
[0m[33m    9 | static const char *const [01;36m[KTAG[m[K = "pn7160.mifare_classic";
[0m[33m      |                          [01;36m[K^~~[m[K
[0m[33m[01m[Ksrc/esphome/components/pn7160/pn7160_mifare_ultralight.cpp:39:9:[m[K [01;31m[Kerror: [m[K'[01m[Kread_mifare_ultralight_bytes_[m[K' was not declared in this scope; did you mean '[01m[Kread_mifare_ultralight_tag_[m[K'?
[0m[33m   39 |     if ([01;31m[Kread_mifare_ultralight_bytes_[m[K(nfc::MIFARE_ULTRALIGHT_DATA_START_PAGE + 3, read_length, data) !=
[0m      |         [01;31m[K^~~~~~~~~~~~~~~~~~~~~~~~~~~~~[m[K
[33m      |         [32m[Kread_mifare_ultralight_tag_[m[K
[0m[33m[01m[Ksrc/esphome/components/pn7160/pn7160_mifare_classic.cpp:123:14:[m[K [01;31m[Kerror: [m[K'[01m[KTAG[m[K' was not declared in this scope; did you mean '[01m[Kesphome::pn7160::TAG[m[K'?
[0m[33m  123 |     ESP_LOGE([01;31m[KTAG[m[K, "MFC authentication failed - block 0x%02x", block_num);
[0m[33m      |              [01;31m[K^~~[m[K
[0m[33m[01m[Ksrc/esphome/core/log.h:127:55:[m[K [01;36m[Knote: [m[Kin definition of macro '[01m[Kesph_log_e[m[K'
[0m[33m  127 |   ::esphome::esp_log_printf_(ESPHOME_LOG_LEVEL_ERROR, [01;36m[Ktag[m[K, __LINE__, ESPHOME_LOG_FORMAT(format), ##__VA_ARGS__)
[0m[33m      |                                                       [01;36m[K^~~[m[K
[0m[33m[01m[Ksrc/esphome/components/pn7160/pn7160_mifare_classic.cpp:123:5:[m[K [01;36m[Knote: [m[Kin expansion of macro '[01m[KESP_LOGE[m[K'
[0m[33m  123 |     [01;36m[KESP_LOGE[m[K(TAG, "MFC authentication failed - block 0x%02x", block_num);
[0m      |     [01;36m[K^~~~~~~~[m[K
[33m[01m[Ksrc/esphome/components/pn7160/pn7160_mifare_ultralight.cpp:41:16:[m[K [01;31m[Kerror: [m[K'[01m[KTAG[m[K' was not declared in this scope; did you mean '[01m[Kesphome::pn7160::TAG[m[K'?
[0m[33m   41 |       ESP_LOGE([01;31m[KTAG[m[K, "Error reading tag data");
[0m[33m      |                [01;31m[K^~~[m[K
[0m[33m[01m[Ksrc/esphome/core/log.h:127:55:[m[K [01;36m[Knote: [m[Kin definition of macro '[01m[Kesph_log_e[m[K'
[0m[33m  127 |   ::esphome::esp_log_printf_(ESPHOME_LOG_LEVEL_ERROR, [01;36m[Ktag[m[K, __LINE__, ESPHOME_LOG_FORMAT(format), ##__VA_ARGS__)
[0m[33m      |                                                       [01;36m[K^~~[m[K
[0m[33m[01m[Ksrc/esphome/components/pn7160/pn7160_mifare_ultralight.cpp:41:7:[m[K [01;36m[Knote: [m[Kin expansion of macro '[01m[KESP_LOGE[m[K'
[0m[33m   41 |       [01;36m[KESP_LOGE[m[K(TAG, "Error reading tag data");
[0m      |       [01;36m[K^~~~~~~~[m[K
[33m[01m[Ksrc/esphome/components/pn7160/pn7160_mifare_classic.cpp:9:26:[m[K [01;36m[Knote: [m[K'[01m[Kesphome::pn7160::TAG[m[K' declared here
[0m[33m    9 | static const char *const [01;36m[KTAG[m[K = "pn7160.mifare_classic";
[0m[33m      |                          [01;36m[K^~~[m[K
[0m[33m[01m[Ksrc/esphome/components/pn7160/pn7160_mifare_ultralight.cpp:10:26:[m[K [01;36m[Knote: [m[K'[01m[Kesphome::pn7160::TAG[m[K' declared here
[0m[33m   10 | static const char *const [01;36m[KTAG[m[K = "pn7160.mifare_ultralight";
[0m[33m      |                          [01;36m[K^~~[m[K
[0m[33m[01m[Ksrc/esphome/components/pn7160/pn7160_mifare_classic.cpp:[m[K At global scope:
[0m[33m[01m[Ksrc/esphome/components/pn7160/pn7160_mifare_classic.cpp:132:9:[m[K [01;31m[Kerror: [m[K'[01m[KPN7160[m[K' has not been declared
[0m[33m  132 | uint8_t [01;31m[KPN7160[m[K::sect_to_auth_(const uint8_t block_num) {
[0m      |         [01;31m[K^~~~~~[m[K
[33m[01m[Ksrc/esphome/components/pn7160/pn7160_mifare_classic.cpp:141:9:[m[K [01;31m[Kerror: [m[K'[01m[KPN7160[m[K' has not been declared
[0m[33m  141 | uint8_t [01;31m[KPN7160[m[K::format_mifare_classic_mifare_() {
[0m      |         [01;31m[K^~~~~~[m[K
[33m[01m[Ksrc/esphome/components/pn7160/pn7160_mifare_ultralight.cpp:[m[K At global scope:
[0m[33m[01m[Ksrc/esphome/components/pn7160/pn7160_mifare_ultralight.cpp:53:9:[m[K [01;31m[Kerror: [m[K'[01m[KPN7160[m[K' has not been declared
[0m[33m   53 | uint8_t [01;31m[KPN7160[m[K::read_mifare_ultralight_bytes_(uint8_t start_page, uint16_t num_bytes, std::vector<uint8_t> &data) {
[0m      |         [01;31m[K^~~~~~[m[K
[33m[01m[Ksrc/esphome/components/pn7160/pn7160_mifare_ultralight.cpp:[m[K In function '[01m[Kuint8_t esphome::nfc::[01;32m[Kread_mifare_ultralight_bytes_[m[K(uint8_t, uint16_t, std::vector<unsigned char>&)[m[K':
[0m[33m[01m[Ksrc/esphome/components/pn7160/pn7160_mifare_ultralight.cpp:61:11:[m[K [01;31m[Kerror: [m[Kinvalid use of '[01m[Kthis[m[K' in non-member function
[0m[33m   61 |       if ([01;31m[Kthis[m[K->transceive_(tx, rx) != nfc::STATUS_OK) {
[0m[33m      |           [01;31m[K^~~~[m[K
[0m[33m[01m[Ksrc/esphome/components/pn7160/pn7160_mifare_ultralight.cpp:62:18:[m[K [01;31m[Kerror: [m[K'[01m[KTAG[m[K' was not declared in this scope; did you mean '[01m[Kesphome::pn7160::TAG[m[K'?
[0m[33m   62 |         ESP_LOGE([01;31m[KTAG[m[K, "Error reading tag data");
[0m[33m      |                  [01;31m[K^~~[m[K
[0m[33m[01m[Ksrc/esphome/core/log.h:127:55:[m[K [01;36m[Knote: [m[Kin definition of macro '[01m[Kesph_log_e[m[K'
[0m[33m  127 |   ::esphome::esp_log_printf_(ESPHOME_LOG_LEVEL_ERROR, [01;36m[Ktag[m[K, __LINE__, ESPHOME_LOG_FORMAT(format), ##__VA_ARGS__)
[0m[33m      |                                                       [01;36m[K^~~[m[K
[0m[33m[01m[Ksrc/esphome/components/pn7160/pn7160_mifare_ultralight.cpp:62:9:[m[K [01;36m[Knote: [m[Kin expansion of macro '[01m[KESP_LOGE[m[K'
[0m[33m   62 |         [01;36m[KESP_LOGE[m[K(TAG, "Error reading tag data");
[0m      |         [01;36m[K^~~~~~~~[m[K
[33m[01m[Ksrc/esphome/components/pn7160/pn7160.cpp:132:22:[m[K [01;31m[Kerror: [m[K'[01m[KEP_FORMAT[m[K' was not declared in this scope; did you mean '[01m[KFP_NORMAL[m[K'?
[0m[33m  132 |   this->next_task_ = [01;31m[KEP_FORMAT[m[K;
[0m      |                      [01;31m[K^~~~~~~~~[m[K
[33m      |                      [32m[KFP_NORMAL[m[K
[0m[33m[01m[Ksrc/esphome/components/pn7160/pn7160.h:[m[K At global scope:
[0m[33m[01m[Ksrc/esphome/components/pn7160/pn7160.h:201:24:[m[K [01;31m[Kerror: [m[K'[01m[KPN7160Sensitivity[m[K' has not been declared
[0m[33m  201 |   void set_sensitivity([01;31m[KPN7160Sensitivity[m[K sensitivity) { this->sensitivity_ = sensitivity; }
[0m      |                        [01;31m[K^~~~~~~~~~~~~~~~~[m[K
[33m[01m[Ksrc/esphome/components/pn7160/pn7160.h:241:25:[m[K [01;31m[Kerror: [m[K'[01m[KTestMode[m[K' has not been declared
[0m[33m  241 |   uint8_t set_test_mode([01;31m[KTestMode[m[K test_mode, const std::vector<uint8_t> &data, std::vector<uint8_t> &result);
[0m      |                         [01;31m[K^~~~~~~~[m[K
[33m[01m[Ksrc/esphome/components/pn7160/pn7160.cpp:133:12:[m[K [01;31m[Kerror: [m[K'[01m[KTAG[m[K' was not declared in this scope; did you mean '[01m[Kesphome::pn7160::TAG[m[K'?
[0m[33m  133 |   ESP_LOGD([01;31m[KTAG[m[K, "Waiting to format next tag");
[0m[33m      |            [01;31m[K^~~[m[K
[0m[33m[01m[Ksrc/esphome/core/log.h:96:55:[m[K [01;36m[Knote: [m[Kin definition of macro '[01m[Kesph_log_d[m[K'
[0m[33m   96 |   ::esphome::esp_log_printf_(ESPHOME_LOG_LEVEL_DEBUG, [01;36m[Ktag[m[K, __LINE__, ESPHOME_LOG_FORMAT(format), ##__VA_ARGS__)
[0m[33m      |                                                       [01;36m[K^~~[m[K
[0m[33m[01m[Ksrc/esphome/components/pn7160/pn7160.cpp:133:3:[m[K [01;36m[Knote: [m[Kin expansion of macro '[01m[KESP_LOGD[m[K'
[0m[33m  133 |   [01;36m[KESP_LOGD[m[K(TAG, "Waiting to format next tag");
[0m      |   [01;36m[K^~~~~~~~[m[K
[33m[01m[Ksrc/esphome/components/pn7160/pn7160.cpp:13:26:[m[K [01;36m[Knote: [m[K'[01m[Kesphome::pn7160::TAG[m[K' declared here
[0m[33m   13 | static const char *const [01;36m[KTAG[m[K = "pn7160";
[0m[33m      |                          [01;36m[K^~~[m[K
[0m[33m[01m[Ksrc/esphome/components/pn7160/pn7160.cpp:[m[K At global scope:
[0m[33m[01m[Ksrc/esphome/components/pn7160/pn7160.cpp:136:6:[m[K [01;31m[Kerror: [m[K'[01m[KPN7160[m[K' has not been declared
[0m[33m  136 | void [01;31m[KPN7160[m[K::write_mode() {
[0m      |      [01;31m[K^~~~~~[m[K
[33m[01m[Ksrc/esphome/components/pn7160/pn7160.cpp:[m[K In function '[01m[Kvoid esphome::nfc::[01;32m[Kwrite_mode[m[K()[m[K':
[0m[33m[01m[Ksrc/esphome/components/pn7160/pn7160.cpp:137:7:[m[K [01;31m[Kerror: [m[Kinvalid use of '[01m[Kthis[m[K' in non-member function
[0m[33m  137 |   if ([01;31m[Kthis[m[K->next_task_message_to_write_ == nullptr) {
[0m[33m      |       [01;31m[K^~~~[m[K
[0m[33m[01m[Ksrc/esphome/components/pn7160/pn7160.cpp:138:14:[m[K [01;31m[Kerror: [m[K'[01m[KTAG[m[K' was not declared in this scope; did you mean '[01m[Kesphome::pn7160::TAG[m[K'?
[0m[33m  138 |     ESP_LOGW([01;31m[KTAG[m[K, "Message to write must be set before setting write mode");
[0m[33m      |              [01;31m[K^~~[m[K
[0m[33m[01m[Ksrc/esphome/core/log.h:118:54:[m[K [01;36m[Knote: [m[Kin definition of macro '[01m[Kesph_log_w[m[K'
[0m[33m  118 |   ::esphome::esp_log_printf_(ESPHOME_LOG_LEVEL_WARN, [01;36m[Ktag[m[K, __LINE__, ESPHOME_LOG_FORMAT(format), ##__VA_ARGS__)
[0m[33m      |                                                      [01;36m[K^~~[m[K
[0m[33m[01m[Ksrc/esphome/components/pn7160/pn7160.cpp:138:5:[m[K [01;36m[Knote: [m[Kin expansion of macro '[01m[KESP_LOGW[m[K'
[0m[33m  138 |     [01;36m[KESP_LOGW[m[K(TAG, "Message to write must be set before setting write mode");
[0m      |     [01;36m[K^~~~~~~~[m[K
[33m[01m[Ksrc/esphome/components/pn7160/pn7160.cpp:13:26:[m[K [01;36m[Knote: [m[K'[01m[Kesphome::pn7160::TAG[m[K' declared here
[0m[33m   13 | static const char *const [01;36m[KTAG[m[K = "pn7160";
[0m[33m      |                          [01;36m[K^~~[m[K
[0m[33m[01m[Ksrc/esphome/components/pn7160/pn7160.cpp:142:3:[m[K [01;31m[Kerror: [m[Kinvalid use of '[01m[Kthis[m[K' in non-member function
[0m[33m  142 |   [01;31m[Kthis[m[K->next_task_ = EP_WRITE;
[0m[33m      |   [01;31m[K^~~~[m[K
[0m[33m[01m[Ksrc/esphome/components/pn7160/pn7160_mifare_ultralight.cpp:10:26:[m[K [01;36m[Knote: [m[K'[01m[Kesphome::pn7160::TAG[m[K' declared here
[0m[33m   10 | static const char *const [01;36m[KTAG[m[K = "pn7160.mifare_ultralight";
[0m[33m      |                          [01;36m[K^~~[m[K
[0m[33m[01m[Ksrc/esphome/components/pn7160/pn7160_mifare_classic.cpp:[m[K In function '[01m[Kuint8_t esphome::nfc::[01;32m[Kformat_mifare_classic_mifare_[m[K()[m[K':
[0m[33m[01m[Ksrc/esphome/components/pn7160/pn7160_mifare_classic.cpp:150:9:[m[K [01;31m[Kerror: [m[Kinvalid use of '[01m[Kthis[m[K' in non-member function
[0m[33m  150 |     if ([01;31m[Kthis[m[K->auth_mifare_classic_block_(block + 3, nfc::MIFARE_CMD_AUTH_B, nfc::DEFAULT_KEY) != nfc::STATUS_OK) {
[0m[33m      |         [01;31m[K^~~~[m[K
[0m[33m[01m[Ksrc/esphome/components/pn7160/pn7160_mifare_classic.cpp:154:11:[m[K [01;31m[Kerror: [m[Kinvalid use of '[01m[Kthis[m[K' in non-member function
[0m[33m  154 |       if ([01;31m[Kthis[m[K->write_mifare_classic_block_(block, blank_buffer) != nfc::STATUS_OK) {
[0m[33m      |           [01;31m[K^~~~[m[K
[0m[33m[01m[Ksrc/esphome/components/pn7160/pn7160_mifare_classic.cpp:155:18:[m[K [01;31m[Kerror: [m[K'[01m[KTAG[m[K' was not declared in this scope; did you mean '[01m[Kesphome::pn7160::TAG[m[K'?
[0m[33m  155 |         ESP_LOGE([01;31m[KTAG[m[K, "Unable to write block %u", block);
[0m[33m      |                  [01;31m[K^~~[m[K
[0m[33m[01m[Ksrc/esphome/core/log.h:127:55:[m[K [01;36m[Knote: [m[Kin definition of macro '[01m[Kesph_log_e[m[K'
[0m[33m  127 |   ::esphome::esp_log_printf_(ESPHOME_LOG_LEVEL_ERROR, [01;36m[Ktag[m[K, __LINE__, ESPHOME_LOG_FORMAT(format), ##__VA_ARGS__)
[0m[33m      |                                                       [01;36m[K^~~[m[K
[0m[33m[01m[Ksrc/esphome/components/pn7160/pn7160_mifare_classic.cpp:155:9:[m[K [01;36m[Knote: [m[Kin expansion of macro '[01m[KESP_LOGE[m[K'
[0m[33m  155 |         [01;36m[KESP_LOGE[m[K(TAG, "Unable to write block %u", block);
[0m      |         [01;36m[K^~~~~~~~[m[K
[33m[01m[Ksrc/esphome/components/pn7160/pn7160_mifare_classic.cpp:9:26:[m[K [01;36m[Knote: [m[K'[01m[Kesphome::pn7160::TAG[m[K' declared here
[0m[33m    9 | static const char *const [01;36m[KTAG[m[K = "pn7160.mifare_classic";
[0m[33m      |                          [01;36m[K^~~[m[K
[0m[33m[01m[Ksrc/esphome/components/pn7160/pn7160_mifare_classic.cpp:159:9:[m[K [01;31m[Kerror: [m[Kinvalid use of '[01m[Kthis[m[K' in non-member function
[0m[33m  159 |     if ([01;31m[Kthis[m[K->write_mifare_classic_block_(block + 1, blank_buffer) != nfc::STATUS_OK) {
[0m[33m      |         [01;31m[K^~~~[m[K
[0m[33m[01m[Ksrc/esphome/components/pn7160/pn7160_mifare_ultralight.cpp:[m[K At global scope:
[0m[33m[01m[Ksrc/esphome/components/pn7160/pn7160_mifare_ultralight.cpp:81:6:[m[K [01;31m[Kerror: [m[K'[01m[KPN7160[m[K' has not been declared
[0m[33m   81 | bool [01;31m[KPN7160[m[K::is_mifare_ultralight_formatted_(const std::vector<uint8_t> &page_3_to_6) {
[0m      |      [01;31m[K^~~~~~[m[K
[33m[01m[Ksrc/esphome/components/pn7160/pn7160_mifare_classic.cpp:160:16:[m[K [01;31m[Kerror: [m[K'[01m[KTAG[m[K' was not declared in this scope; did you mean '[01m[Kesphome::pn7160::TAG[m[K'?
[0m[33m  160 |       ESP_LOGE([01;31m[KTAG[m[K, "Unable to write block %u", block + 1);
[0m[33m      |                [01;31m[K^~~[m[K
[0m[33m[01m[Ksrc/esphome/core/log.h:127:55:[m[K [01;36m[Knote: [m[Kin definition of macro '[01m[Kesph_log_e[m[K'
[0m[33m  127 |   ::esphome::esp_log_printf_(ESPHOME_LOG_LEVEL_ERROR, [01;36m[Ktag[m[K, __LINE__, ESPHOME_LOG_FORMAT(format), ##__VA_ARGS__)
[0m[33m      |                                                       [01;36m[K^~~[m[K
[0m[33m[01m[Ksrc/esphome/components/pn7160/pn7160_mifare_classic.cpp:160:7:[m[K [01;36m[Knote: [m[Kin expansion of macro '[01m[KESP_LOGE[m[K'
[0m[33m  160 |       [01;36m[KESP_LOGE[m[K(TAG, "Unable to write block %u", block + 1);
[0m      |       [01;36m[K^~~~~~~~[m[K
[33m[01m[Ksrc/esphome/components/pn7160/pn7160_mifare_classic.cpp:9:26:[m[K [01;36m[Knote: [m[K'[01m[Kesphome::pn7160::TAG[m[K' declared here
[0m[33m    9 | static const char *const [01;36m[KTAG[m[K = "pn7160.mifare_classic";
[0m[33m      |                          [01;36m[K^~~[m[K
[0m[33m[01m[Ksrc/esphome/components/pn7160/pn7160.h:274:27:[m[K [01;31m[Kerror: [m[K'[01m[KNCIState[m[K' has not been declared
[0m[33m  274 |   void nci_fsm_set_state_([01;31m[KNCIState[m[K new_state);
[0m      |                           [01;31m[K^~~~~~~~[m[K
[33m[01m[Ksrc/esphome/components/pn7160/pn7160.cpp:142:22:[m[K [01;31m[Kerror: [m[K'[01m[KEP_WRITE[m[K' was not declared in this scope; did you mean '[01m[KREG_WRITE[m[K'?
[0m[33m  142 |   this->next_task_ = [01;31m[KEP_WRITE[m[K;
[0m      |                      [01;31m[K^~~~~~~~[m[K
[33m      |                      [32m[KREG_WRITE[m[K
[0m[33m[01m[Ksrc/esphome/components/pn7160/pn7160_mifare_classic.cpp:163:9:[m[K [01;31m[Kerror: [m[Kinvalid use of '[01m[Kthis[m[K' in non-member function
[0m[33m  163 |     if ([01;31m[Kthis[m[K->write_mifare_classic_block_(block + 2, blank_buffer) != nfc::STATUS_OK) {
[0m[33m      |         [01;31m[K^~~~[m[K
[0m[33m[01m[Ksrc/esphome/components/pn7160/pn7160_mifare_ultralight.cpp:89:10:[m[K [01;31m[Kerror: [m[K'[01m[KPN7160[m[K' has not been declared
[0m[33m   89 | uint16_t [01;31m[KPN7160[m[K::read_mifare_ultralight_capacity_() {
[0m      |          [01;31m[K^~~~~~[m[K
[33m[01m[Ksrc/esphome/components/pn7160/pn7160.h:276:33:[m[K [01;31m[Kerror: [m[K'[01m[KNCIState[m[K' has not been declared
[0m[33m  276 |   bool nci_fsm_set_error_state_([01;31m[KNCIState[m[K new_state);
[0m      |                                 [01;31m[K^~~~~~~~[m[K
[33m[01m[Ksrc/esphome/components/pn7160/pn7160_mifare_ultralight.cpp:[m[K In function '[01m[Kuint16_t esphome::nfc::[01;32m[Kread_mifare_ultralight_capacity_[m[K()[m[K':
[0m[33m[01m[Ksrc/esphome/components/pn7160/pn7160_mifare_ultralight.cpp:91:7:[m[K [01;31m[Kerror: [m[Kinvalid use of '[01m[Kthis[m[K' in non-member function
[0m[33m   91 |   if ([01;31m[Kthis[m[K->read_mifare_ultralight_bytes_(3, nfc::MIFARE_ULTRALIGHT_PAGE_SIZE, data) == nfc::STATUS_OK) {
[0m[33m      |       [01;31m[K^~~~[m[K
[0m[33m[01m[Ksrc/esphome/components/pn7160/pn7160_mifare_classic.cpp:164:16:[m[K [01;31m[Kerror: [m[K'[01m[KTAG[m[K' was not declared in this scope; did you mean '[01m[Kesphome::pn7160::TAG[m[K'?
[0m[33m  164 |       ESP_LOGE([01;31m[KTAG[m[K, "Unable to write block %u", block + 2);
[0m[33m      |                [01;31m[K^~~[m[K
[0m[33m[01m[Ksrc/esphome/core/log.h:127:55:[m[K [01;36m[Knote: [m[Kin definition of macro '[01m[Kesph_log_e[m[K'
[0m[33m  127 |   ::esphome::esp_log_printf_(ESPHOME_LOG_LEVEL_ERROR, [01;36m[Ktag[m[K, __LINE__, ESPHOME_LOG_FORMAT(format), ##__VA_ARGS__)
[0m[33m      |                                                       [01;36m[K^~~[m[K
[0m[33m[01m[Ksrc/esphome/components/pn7160/pn7160_mifare_classic.cpp:164:7:[m[K [01;36m[Knote: [m[Kin expansion of macro '[01m[KESP_LOGE[m[K'
[0m[33m  164 |       [01;36m[KESP_LOGE[m[K(TAG, "Unable to write block %u", block + 2);
[0m      |       [01;36m[K^~~~~~~~[m[K
[33m[01m[Ksrc/esphome/components/pn7160/pn7160_mifare_classic.cpp:9:26:[m[K [01;36m[Knote: [m[K'[01m[Kesphome::pn7160::TAG[m[K' declared here
[0m[33m    9 | static const char *const [01;36m[KTAG[m[K = "pn7160.mifare_classic";
[0m[33m      |                          [01;36m[K^~~[m[K
[0m[33m[01m[Ksrc/esphome/components/pn7160/pn7160_mifare_classic.cpp:167:9:[m[K [01;31m[Kerror: [m[Kinvalid use of '[01m[Kthis[m[K' in non-member function
[0m[33m  167 |     if ([01;31m[Kthis[m[K->write_mifare_classic_block_(block + 3, trailer_buffer) != nfc::STATUS_OK) {
[0m[33m      |         [01;31m[K^~~~[m[K
[0m[33m[01m[Ksrc/esphome/components/pn7160/pn7160_mifare_ultralight.cpp:[m[K At global scope:
[0m[33m[01m[Ksrc/esphome/components/pn7160/pn7160_mifare_ultralight.cpp:98:9:[m[K [01;31m[Kerror: [m[K'[01m[KPN7160[m[K' has not been declared
[0m[33m   98 | uint8_t [01;31m[KPN7160[m[K::find_mifare_ultralight_ndef_(const std::vector<uint8_t> &page_3_to_6, uint8_t &message_length,
[0m      |         [01;31m[K^~~~~~[m[K
[33m[01m[Ksrc/esphome/components/pn7160/pn7160_mifare_classic.cpp:168:16:[m[K [01;31m[Kerror: [m[K'[01m[KTAG[m[K' was not declared in this scope; did you mean '[01m[Kesphome::pn7160::TAG[m[K'?
[0m[33m  168 |       ESP_LOGE([01;31m[KTAG[m[K, "Unable to write block %u", block + 3);
[0m[33m      |                [01;31m[K^~~[m[K
[0m[33m[01m[Ksrc/esphome/core/log.h:127:55:[m[K [01;36m[Knote: [m[Kin definition of macro '[01m[Kesph_log_e[m[K'
[0m[33m  127 |   ::esphome::esp_log_printf_(ESPHOME_LOG_LEVEL_ERROR, [01;36m[Ktag[m[K, __LINE__, ESPHOME_LOG_FORMAT(format), ##__VA_ARGS__)
[0m[33m      |                                                       [01;36m[K^~~[m[K
[0m[33m[01m[Ksrc/esphome/components/pn7160/pn7160_mifare_classic.cpp:168:7:[m[K [01;36m[Knote: [m[Kin expansion of macro '[01m[KESP_LOGE[m[K'
[0m[33m  168 |       [01;36m[KESP_LOGE[m[K(TAG, "Unable to write block %u", block + 3);
[0m      |       [01;36m[K^~~~~~~~[m[K
[33m[01m[Ksrc/esphome/components/pn7160/pn7160_mifare_classic.cpp:9:26:[m[K [01;36m[Knote: [m[K'[01m[Kesphome::pn7160::TAG[m[K' declared here
[0m[33m    9 | static const char *const [01;36m[KTAG[m[K = "pn7160.mifare_classic";
[0m[33m      |                          [01;36m[K^~~[m[K
[0m[33m[01m[Ksrc/esphome/components/pn7160/pn7160.cpp:143:12:[m[K [01;31m[Kerror: [m[K'[01m[KTAG[m[K' was not declared in this scope; did you mean '[01m[Kesphome::pn7160::TAG[m[K'?
[0m[33m  143 |   ESP_LOGD([01;31m[KTAG[m[K, "Waiting to write next tag");
[0m[33m      |            [01;31m[K^~~[m[K
[0m[33m[01m[Ksrc/esphome/core/log.h:96:55:[m[K [01;36m[Knote: [m[Kin definition of macro '[01m[Kesph_log_d[m[K'
[0m[33m   96 |   ::esphome::esp_log_printf_(ESPHOME_LOG_LEVEL_DEBUG, [01;36m[Ktag[m[K, __LINE__, ESPHOME_LOG_FORMAT(format), ##__VA_ARGS__)
[0m[33m      |                                                       [01;36m[K^~~[m[K
[0m[33m[01m[Ksrc/esphome/components/pn7160/pn7160.cpp:143:3:[m[K [01;36m[Knote: [m[Kin expansion of macro '[01m[KESP_LOGD[m[K'
[0m[33m  143 |   [01;36m[KESP_LOGD[m[K(TAG, "Waiting to write next tag");
[0m      |   [01;36m[K^~~~~~~~[m[K
[33m[01m[Ksrc/esphome/components/pn7160/pn7160_mifare_ultralight.cpp:118:9:[m[K [01;31m[Kerror: [m[K'[01m[KPN7160[m[K' has not been declared
[0m[33m  118 | uint8_t [01;31m[KPN7160[m[K::write_mifare_ultralight_tag_(nfc::NfcTagUid &uid, const std::shared_ptr<nfc::NdefMessage> &message) {
[0m      |         [01;31m[K^~~~~~[m[K
[33m[01m[Ksrc/esphome/components/pn7160/pn7160.cpp:13:26:[m[K [01;36m[Knote: [m[K'[01m[Kesphome::pn7160::TAG[m[K' declared here
[0m[33m   13 | static const char *const [01;36m[KTAG[m[K = "pn7160";
[0m[33m      |                          [01;36m[K^~~[m[K
[0m[33m[01m[Ksrc/esphome/components/pn7160/pn7160.cpp:[m[K At global scope:
[0m[33m[01m[Ksrc/esphome/components/pn7160/pn7160.cpp:146:6:[m[K [01;31m[Kerror: [m[K'[01m[KPN7160[m[K' has not been declared
[0m[33m  146 | void [01;31m[KPN7160[m[K::set_tag_write_message(std::shared_ptr<nfc::NdefMessage> message) {
[0m      |      [01;31m[K^~~~~~[m[K
[33m[01m[Ksrc/esphome/components/pn7160/pn7160_mifare_ultralight.cpp:[m[K In function '[01m[Kuint8_t esphome::nfc::[01;32m[Kwrite_mifare_ultralight_tag_[m[K(NfcTagUid&, const std::shared_ptr<NdefMessage>&)[m[K':
[0m[33m[01m[Ksrc/esphome/components/pn7160/pn7160_mifare_ultralight.cpp:119:23:[m[K [01;31m[Kerror: [m[Kinvalid use of '[01m[Kthis[m[K' in non-member function
[0m[33m  119 |   uint32_t capacity = [01;31m[Kthis[m[K->read_mifare_ultralight_capacity_();
[0m[33m      |                       [01;31m[K^~~~[m[K
[0m[33m[01m[Ksrc/esphome/components/pn7160/pn7160.cpp:[m[K In function '[01m[Kvoid esphome::nfc::[01;32m[Kset_tag_write_message[m[K(std::shared_ptr<NdefMessage>)[m[K':
[0m[33m[01m[Ksrc/esphome/components/pn7160/pn7160.cpp:147:3:[m[K [01;31m[Kerror: [m[Kinvalid use of '[01m[Kthis[m[K' in non-member function
[0m[33m  147 |   [01;31m[Kthis[m[K->next_task_message_to_write_ = std::move(message);
[0m[33m      |   [01;31m[K^~~~[m[K
[0m[33m[01m[Ksrc/esphome/components/pn7160/pn7160_mifare_classic.cpp:[m[K At global scope:
[0m[33m[01m[Ksrc/esphome/components/pn7160/pn7160_mifare_classic.cpp:176:9:[m[K [01;31m[Kerror: [m[K'[01m[KPN7160[m[K' has not been declared
[0m[33m  176 | uint8_t [01;31m[KPN7160[m[K::format_mifare_classic_ndef_() {
[0m      |         [01;31m[K^~~~~~[m[K
[33m[01m[Ksrc/esphome/components/pn7160/pn7160.cpp:148:12:[m[K [01;31m[Kerror: [m[K'[01m[KTAG[m[K' was not declared in this scope; did you mean '[01m[Kesphome::pn7160::TAG[m[K'?
[0m[33m  148 |   ESP_LOGD([01;31m[KTAG[m[K, "Message to write has been set");
[0m[33m      |            [01;31m[K^~~[m[K
[0m[33m[01m[Ksrc/esphome/core/log.h:96:55:[m[K [01;36m[Knote: [m[Kin definition of macro '[01m[Kesph_log_d[m[K'
[0m[33m   96 |   ::esphome::esp_log_printf_(ESPHOME_LOG_LEVEL_DEBUG, [01;36m[Ktag[m[K, __LINE__, ESPHOME_LOG_FORMAT(format), ##__VA_ARGS__)
[0m[33m      |                                                       [01;36m[K^~~[m[K
[0m[33m[01m[Ksrc/esphome/components/pn7160/pn7160.cpp:148:3:[m[K [01;36m[Knote: [m[Kin expansion of macro '[01m[KESP_LOGD[m[K'
[0m[33m  148 |   [01;36m[KESP_LOGD[m[K(TAG, "Message to write has been set");
[0m      |   [01;36m[K^~~~~~~~[m[K
[33m[01m[Ksrc/esphome/components/pn7160/pn7160.cpp:13:26:[m[K [01;36m[Knote: [m[K'[01m[Kesphome::pn7160::TAG[m[K' declared here
[0m[33m   13 | static const char *const [01;36m[KTAG[m[K = "pn7160";
[0m[33m      |                          [01;36m[K^~~[m[K
[0m[33m[01m[Ksrc/esphome/components/pn7160/pn7160.cpp:[m[K At global scope:
[0m[33m[01m[Ksrc/esphome/components/pn7160/pn7160.cpp:151:6:[m[K [01;31m[Kerror: [m[K'[01m[KPN7160[m[K' has not been declared
[0m[33m  151 | void [01;31m[KPN7160[m[K::set_tag_write_message(optional<std::string> message, optional<bool> include_android_app_record) {
[0m      |      [01;31m[K^~~~~~[m[K
[33m[01m[Ksrc/esphome/components/pn7160/pn7160.h:327:3:[m[K [01;31m[Kerror: [m[K'[01m[KPN7160Sensitivity[m[K' does not name a type
[0m[33m  327 |   [01;31m[KPN7160Sensitivity[m[K sensitivity_{PN7160_SENSITIVITY_MEDIUM};
[0m      |   [01;31m[K^~~~~~~~~~~~~~~~~[m[K
[33m[01m[Ksrc/esphome/components/pn7160/pn7160_mifare_ultralight.cpp:127:14:[m[K [01;31m[Kerror: [m[K'[01m[KTAG[m[K' was not declared in this scope; did you mean '[01m[Kesphome::pn7160::TAG[m[K'?
[0m[33m  127 |     ESP_LOGE([01;31m[KTAG[m[K, "Message length exceeds tag capacity %" PRIu32 " > %" PRIu32, buffer_length, capacity);
[0m[33m      |              [01;31m[K^~~[m[K
[0m[33m[01m[Ksrc/esphome/core/log.h:150:28:[m[K [01;36m[Knote: [m[Kin expansion of macro '[01m[Kesph_log_e[m[K'
[0m[33m  150 | #define ESP_LOGE(tag, ...) [01;36m[Kesph_log_e[m[K(tag, __VA_ARGS__)
[0m      |                            [01;36m[K^~~~~~~~~~[m[K
[33m[01m[Ksrc/esphome/components/pn7160/pn7160_mifare_ultralight.cpp:127:5:[m[K [01;36m[Knote: [m[Kin expansion of macro '[01m[KESP_LOGE[m[K'
[0m[33m  127 |     [01;36m[KESP_LOGE[m[K(TAG, "Message length exceeds tag capacity %" PRIu32 " > %" PRIu32, buffer_length, capacity);
[0m      |     [01;36m[K^~~~~~~~[m[K
[33m[01m[Ksrc/esphome/components/pn7160/pn7160.cpp:[m[K In function '[01m[Kvoid esphome::nfc::[01;32m[Kset_tag_write_message[m[K(esphome::optional<std::__cxx11::basic_string<char> >, esphome::optional<bool>)[m[K':
[0m[33m[01m[Ksrc/esphome/components/pn7160/pn7160.cpp:168:3:[m[K [01;31m[Kerror: [m[Kinvalid use of '[01m[Kthis[m[K' in non-member function
[0m[33m  168 |   [01;31m[Kthis[m[K->next_task_message_to_write_ = std::move(ndef_message);
[0m[33m      |   [01;31m[K^~~~[m[K
[0m[33m[01m[Ksrc/esphome/components/pn7160/pn7160_mifare_classic.cpp:[m[K In function '[01m[Kuint8_t esphome::nfc::[01;32m[Kformat_mifare_classic_ndef_[m[K()[m[K':
[0m[33m[01m[Ksrc/esphome/components/pn7160/pn7160_mifare_classic.cpp:190:7:[m[K [01;31m[Kerror: [m[Kinvalid use of '[01m[Kthis[m[K' in non-member function
[0m[33m  190 |   if ([01;31m[Kthis[m[K->auth_mifare_classic_block_(0, nfc::MIFARE_CMD_AUTH_B, nfc::DEFAULT_KEY) != nfc::STATUS_OK) {
[0m[33m      |       [01;31m[K^~~~[m[K
[0m[33m[01m[Ksrc/esphome/components/pn7160/pn7160_mifare_ultralight.cpp:10:26:[m[K [01;36m[Knote: [m[K'[01m[Kesphome::pn7160::TAG[m[K' declared here
[0m[33m   10 | static const char *const [01;36m[KTAG[m[K = "pn7160.mifare_ultralight";
[0m[33m      |                          [01;36m[K^~~[m[K
[0m[33m[01m[Ksrc/esphome/components/pn7160/pn7160.cpp:169:12:[m[K [01;31m[Kerror: [m[K'[01m[KTAG[m[K' was not declared in this scope; did you mean '[01m[Kesphome::pn7160::TAG[m[K'?
[0m[33m  169 |   ESP_LOGD([01;31m[KTAG[m[K, "Message to write has been set");
[0m[33m      |            [01;31m[K^~~[m[K
[0m[33m[01m[Ksrc/esphome/core/log.h:96:55:[m[K [01;36m[Knote: [m[Kin definition of macro '[01m[Kesph_log_d[m[K'
[0m[33m   96 |   ::esphome::esp_log_printf_(ESPHOME_LOG_LEVEL_DEBUG, [01;36m[Ktag[m[K, __LINE__, ESPHOME_LOG_FORMAT(format), ##__VA_ARGS__)
[0m[33m      |                                                       [01;36m[K^~~[m[K
[0m[33m[01m[Ksrc/esphome/components/pn7160/pn7160.cpp:169:3:[m[K [01;36m[Knote: [m[Kin expansion of macro '[01m[KESP_LOGD[m[K'
[0m[33m  169 |   [01;36m[KESP_LOGD[m[K(TAG, "Message to write has been set");
[0m      |   [01;36m[K^~~~~~~~[m[K
[33m[01m[Ksrc/esphome/components/pn7160/pn7160.cpp:13:26:[m[K [01;36m[Knote: [m[K'[01m[Kesphome::pn7160::TAG[m[K' declared here
[0m[33m   13 | static const char *const [01;36m[KTAG[m[K = "pn7160";
[0m[33m      |                          [01;36m[K^~~[m[K
[0m[33m[01m[Ksrc/esphome/components/pn7160/pn7160.cpp:[m[K At global scope:
[0m[33m[01m[Ksrc/esphome/components/pn7160/pn7160.cpp:172:9:[m[K [01;31m[Kerror: [m[K'[01m[KPN7160[m[K' has not been declared
[0m[33m  172 | uint8_t [01;31m[KPN7160[m[K::set_test_mode(const TestMode test_mode, const std::vector<uint8_t> &data,
[0m      |         [01;31m[K^~~~~~[m[K
[33m[01m[Ksrc/esphome/components/pn7160/pn7160_mifare_classic.cpp:191:14:[m[K [01;31m[Kerror: [m[K'[01m[KTAG[m[K' was not declared in this scope; did you mean '[01m[Kesphome::pn7160::TAG[m[K'?
[0m[33m  191 |     ESP_LOGE([01;31m[KTAG[m[K, "Unable to authenticate block 0 for formatting");
[0m[33m      |              [01;31m[K^~~[m[K
[0m[33m[01m[Ksrc/esphome/core/log.h:127:55:[m[K [01;36m[Knote: [m[Kin definition of macro '[01m[Kesph_log_e[m[K'
[0m[33m  127 |   ::esphome::esp_log_printf_(ESPHOME_LOG_LEVEL_ERROR, [01;36m[Ktag[m[K, __LINE__, ESPHOME_LOG_FORMAT(format), ##__VA_ARGS__)
[0m[33m      |                                                       [01;36m[K^~~[m[K
[0m[33m[01m[Ksrc/esphome/components/pn7160/pn7160_mifare_classic.cpp:191:5:[m[K [01;36m[Knote: [m[Kin expansion of macro '[01m[KESP_LOGE[m[K'
[0m[33m  191 |     [01;36m[KESP_LOGE[m[K(TAG, "Unable to authenticate block 0 for formatting");
[0m      |     [01;36m[K^~~~~~~~[m[K
[33m[01m[Ksrc/esphome/components/pn7160/pn7160_mifare_classic.cpp:9:26:[m[K [01;36m[Knote: [m[K'[01m[Kesphome::pn7160::TAG[m[K' declared here
[0m[33m    9 | static const char *const [01;36m[KTAG[m[K = "pn7160.mifare_classic";
[0m[33m      |                          [01;36m[K^~~[m[K
[0m[33m[01m[Ksrc/esphome/components/pn7160/pn7160_mifare_classic.cpp:194:7:[m[K [01;31m[Kerror: [m[Kinvalid use of '[01m[Kthis[m[K' in non-member function
[0m[33m  194 |   if ([01;31m[Kthis[m[K->write_mifare_classic_block_(1, block_1_data) != nfc::STATUS_OK) {
[0m[33m      |       [01;31m[K^~~~[m[K
[0m[33m[01m[Ksrc/esphome/components/pn7160/pn7160_mifare_classic.cpp:197:7:[m[K [01;31m[Kerror: [m[Kinvalid use of '[01m[Kthis[m[K' in non-member function
[0m[33m  197 |   if ([01;31m[Kthis[m[K->write_mifare_classic_block_(2, block_2_data) != nfc::STATUS_OK) {
[0m[33m      |       [01;31m[K^~~~[m[K
[0m[33m[01m[Ksrc/esphome/components/pn7160/pn7160_mifare_ultralight.cpp:148:9:[m[K [01;31m[Kerror: [m[Kinvalid use of '[01m[Kthis[m[K' in non-member function
[0m[33m  148 |     if ([01;31m[Kthis[m[K->write_mifare_ultralight_page_(current_page, data) != nfc::STATUS_OK) {
[0m[33m      |         [01;31m[K^~~~[m[K
[0m[33m[01m[Ksrc/esphome/components/pn7160/pn7160.cpp:172:37:[m[K [01;31m[Kerror: [m[K'[01m[KTestMode[m[K' does not name a type
[0m[33m  172 | uint8_t PN7160::set_test_mode(const [01;31m[KTestMode[m[K test_mode, const std::vector<uint8_t> &data,
[0m      |                                     [01;31m[K^~~~~~~~[m[K
[33m[01m[Ksrc/esphome/components/pn7160/pn7160.h:350:15:[m[K [01;31m[Kerror: [m[K'[01m[KDiscoveredEndpoint[m[K' was not declared in this scope; did you mean '[01m[Kesphome::pn7160::DiscoveredEndpoint[m[K'?
[0m[33m  350 |   std::vector<[01;31m[KDiscoveredEndpoint[m[K> discovered_endpoint_;
[0m      |               [01;31m[K^~~~~~~~~~~~~~~~~~[m[K
[33m      |               [32m[Kesphome::pn7160::DiscoveredEndpoint[m[K
[0m[33m[01m[Ksrc/esphome/components/pn7160/pn7160.h:181:8:[m[K [01;36m[Knote: [m[K'[01m[Kesphome::pn7160::DiscoveredEndpoint[m[K' declared here
[0m[33m  181 | struct [01;36m[KDiscoveredEndpoint[m[K {
[0m      |        [01;36m[K^~~~~~~~~~~~~~~~~~[m[K
[33m[01m[Ksrc/esphome/components/pn7160/pn7160_mifare_classic.cpp:200:7:[m[K [01;31m[Kerror: [m[Kinvalid use of '[01m[Kthis[m[K' in non-member function
[0m[33m  200 |   if ([01;31m[Kthis[m[K->write_mifare_classic_block_(3, block_3_trailer) != nfc::STATUS_OK) {
[0m[33m      |       [01;31m[K^~~~[m[K
[0m[33m[01m[Ksrc/esphome/components/pn7160/pn7160.h:350:33:[m[K [01;31m[Kerror: [m[Ktemplate argument 1 is invalid
[0m[33m  350 |   std::vector<DiscoveredEndpoint[01;31m[K>[m[K discovered_endpoint_;
[0m[33m      |                                 [01;31m[K^[m[K
[0m[33m[01m[Ksrc/esphome/components/pn7160/pn7160.h:350:33:[m[K [01;31m[Kerror: [m[Ktemplate argument 2 is invalid
[0m[33m[01m[Ksrc/esphome/components/pn7160/pn7160.h:350:8:[m[K [01;31m[Kerror: [m[K'[01m[K<expression error>[m[K' in namespace '[01m[Kstd[m[K' does not name a type
[0m[33m  350 |   std::[01;31m[Kvector<DiscoveredEndpoint>[m[K discovered_endpoint_;
[0m      |        [01;31m[K^~~~~~~~~~~~~~~~~~~~~~~~~~[m[K
[33m[01m[Ksrc/esphome/components/pn7160/pn7160_mifare_ultralight.cpp:[m[K At global scope:
[0m[33m[01m[Ksrc/esphome/components/pn7160/pn7160_mifare_ultralight.cpp:157:9:[m[K [01;31m[Kerror: [m[K'[01m[KPN7160[m[K' has not been declared
[0m[33m  157 | uint8_t [01;31m[KPN7160[m[K::clean_mifare_ultralight_() {
[0m      |         [01;31m[K^~~~~~[m[K
[33m[01m[Ksrc/esphome/components/pn7160/pn7160_mifare_ultralight.cpp:[m[K In function '[01m[Kuint8_t esphome::nfc::[01;32m[Kclean_mifare_ultralight_[m[K()[m[K':
[0m[33m[01m[Ksrc/esphome/components/pn7160/pn7160_mifare_ultralight.cpp:158:23:[m[K [01;31m[Kerror: [m[Kinvalid use of '[01m[Kthis[m[K' in non-member function
[0m[33m  158 |   uint32_t capacity = [01;31m[Kthis[m[K->read_mifare_ultralight_capacity_();
[0m[33m      |                       [01;31m[K^~~~[m[K
[0m[33m[01m[Ksrc/esphome/components/pn7160/pn7160.cpp:[m[K In function '[01m[Kuint8_t esphome::nfc::[01;32m[Kset_test_mode[m[K(int, const std::vector<unsigned char>&, std::vector<unsigned char>&)[m[K':
[0m[33m[01m[Ksrc/esphome/components/pn7160/pn7160.cpp:174:19:[m[K [01;31m[Kerror: [m[K'[01m[KTEST_PRBS_OID[m[K' was not declared in this scope; did you mean '[01m[Kesphome::pn7160::TEST_PRBS_OID[m[K'?
[0m[33m  174 |   auto test_oid = [01;31m[KTEST_PRBS_OID[m[K;
[0m      |                   [01;31m[K^~~~~~~~~~~~~[m[K
[33m      |                   [32m[Kesphome::pn7160::TEST_PRBS_OID[m[K
[0m[33m[01m[Ksrc/esphome/components/pn7160/pn7160.h:56:22:[m[K [01;36m[Knote: [m[K'[01m[Kesphome::pn7160::TEST_PRBS_OID[m[K' declared here
[0m[33m   56 | static const uint8_t [01;36m[KTEST_PRBS_OID[m[K = 0x30;
[0m      |                      [01;36m[K^~~~~~~~~~~~~[m[K
[33m[01m[Ksrc/esphome/components/pn7160/pn7160.cpp:177:10:[m[K [01;31m[Kerror: [m[K'[01m[KTestMode[m[K' has not been declared
[0m[33m  177 |     case [01;31m[KTestMode[m[K::TEST_PRBS:
[0m      |          [01;31m[K^~~~~~~~[m[K
[33m[01m[Ksrc/esphome/components/pn7160/pn7160.cpp:181:10:[m[K [01;31m[Kerror: [m[K'[01m[KTestMode[m[K' has not been declared
[0m[33m  181 |     case [01;31m[KTestMode[m[K::TEST_ANTENNA:
[0m      |          [01;31m[K^~~~~~~~[m[K
[33m[01m[Ksrc/esphome/components/pn7160/pn7160_mifare_classic.cpp:204:12:[m[K [01;31m[Kerror: [m[K'[01m[KTAG[m[K' was not declared in this scope; did you mean '[01m[Kesphome::pn7160::TAG[m[K'?
[0m[33m  204 |   ESP_LOGD([01;31m[KTAG[m[K, "Sector 0 formatted with NDEF");
[0m[33m      |            [01;31m[K^~~[m[K
[0m[33m[01m[Ksrc/esphome/core/log.h:96:55:[m[K [01;36m[Knote: [m[Kin definition of macro '[01m[Kesph_log_d[m[K'
[0m[33m   96 |   ::esphome::esp_log_printf_(ESPHOME_LOG_LEVEL_DEBUG, [01;36m[Ktag[m[K, __LINE__, ESPHOME_LOG_FORMAT(format), ##__VA_ARGS__)
[0m[33m      |                                                       [01;36m[K^~~[m[K
[0m[33m[01m[Ksrc/esphome/components/pn7160/pn7160_mifare_classic.cpp:204:3:[m[K [01;36m[Knote: [m[Kin expansion of macro '[01m[KESP_LOGD[m[K'
[0m[33m  204 |   [01;36m[KESP_LOGD[m[K(TAG, "Sector 0 formatted with NDEF");
[0m      |   [01;36m[K^~~~~~~~[m[K
[33m[01m[Ksrc/esphome/components/pn7160/pn7160.cpp:182:18:[m[K [01;31m[Kerror: [m[K'[01m[KTEST_ANTENNA_OID[m[K' was not declared in this scope; did you mean '[01m[Kesphome::pn7160::TEST_ANTENNA_OID[m[K'?
[0m[33m  182 |       test_oid = [01;31m[KTEST_ANTENNA_OID[m[K;
[0m      |                  [01;31m[K^~~~~~~~~~~~~~~~[m[K
[33m      |                  [32m[Kesphome::pn7160::TEST_ANTENNA_OID[m[K
[0m[33m[01m[Ksrc/esphome/components/pn7160/pn7160_mifare_ultralight.cpp:164:9:[m[K [01;31m[Kerror: [m[Kinvalid use of '[01m[Kthis[m[K' in non-member function
[0m[33m  164 |     if ([01;31m[Kthis[m[K->write_mifare_ultralight_page_(i, blank_data) != nfc::STATUS_OK) {
[0m[33m      |         [01;31m[K^~~~[m[K
[0m[33m[01m[Ksrc/esphome/components/pn7160/pn7160.h:352:3:[m[K [01;31m[Kerror: [m[K'[01m[KCardEmulationState[m[K' does not name a type
[0m[33m  352 |   [01;31m[KCardEmulationState[m[K ce_state_{CardEmulationState::CARD_EMU_IDLE};
[0m      |   [01;31m[K^~~~~~~~~~~~~~~~~~[m[K
[33m[01m[Ksrc/esphome/components/pn7160/pn7160_mifare_classic.cpp:9:26:[m[K [01;36m[Knote: [m[K'[01m[Kesphome::pn7160::TAG[m[K' declared here
[0m[33m    9 | static const char *const [01;36m[KTAG[m[K = "pn7160.mifare_classic";
[0m[33m      |                          [01;36m[K^~~[m[K
[0m[33m[01m[Ksrc/esphome/components/pn7160/pn7160.h:57:22:[m[K [01;36m[Knote: [m[K'[01m[Kesphome::pn7160::TEST_ANTENNA_OID[m[K' declared here
[0m[33m   57 | static const uint8_t [01;36m[KTEST_ANTENNA_OID[m[K = 0x3D;
[0m      |                      [01;36m[K^~~~~~~~~~~~~~~~[m[K
[33m[01m[Ksrc/esphome/components/pn7160/pn7160.cpp:185:10:[m[K [01;31m[Kerror: [m[K'[01m[KTestMode[m[K' has not been declared
[0m[33m  185 |     case [01;31m[KTestMode[m[K::TEST_GET_REGISTER:
[0m      |          [01;31m[K^~~~~~~~[m[K
[33m[01m[Ksrc/esphome/components/pn7160/pn7160_mifare_ultralight.cpp:[m[K At global scope:
[0m[33m[01m[Ksrc/esphome/components/pn7160/pn7160_mifare_ultralight.cpp:171:9:[m[K [01;31m[Kerror: [m[K'[01m[KPN7160[m[K' has not been declared
[0m[33m  171 | uint8_t [01;31m[KPN7160[m[K::write_mifare_ultralight_page_(uint8_t page_num, std::vector<uint8_t> &write_data) {
[0m      |         [01;31m[K^~~~~~[m[K
[33m[01m[Ksrc/esphome/components/pn7160/pn7160_mifare_classic.cpp:209:9:[m[K [01;31m[Kerror: [m[Kinvalid use of '[01m[Kthis[m[K' in non-member function
[0m[33m  209 |     if ([01;31m[Kthis[m[K->auth_mifare_classic_block_(block + 3, nfc::MIFARE_CMD_AUTH_B, nfc::DEFAULT_KEY) != nfc::STATUS_OK) {
[0m[33m      |         [01;31m[K^~~~[m[K
[0m[33m[01m[Ksrc/esphome/components/pn7160/pn7160_mifare_classic.cpp:213:11:[m[K [01;31m[Kerror: [m[Kinvalid use of '[01m[Kthis[m[K' in non-member function
[0m[33m  213 |       if ([01;31m[Kthis[m[K->write_mifare_classic_block_(block, empty_ndef_message) != nfc::STATUS_OK) {
[0m[33m      |           [01;31m[K^~~~[m[K
[0m[33m[01m[Ksrc/esphome/components/pn7160/pn7160_mifare_classic.cpp:218:11:[m[K [01;31m[Kerror: [m[Kinvalid use of '[01m[Kthis[m[K' in non-member function
[0m[33m  218 |       if ([01;31m[Kthis[m[K->write_mifare_classic_block_(block, blank_block) != nfc::STATUS_OK) {
[0m[33m      |           [01;31m[K^~~~[m[K
[0m[33m[01m[Ksrc/esphome/components/pn7160/pn7160_mifare_classic.cpp:223:9:[m[K [01;31m[Kerror: [m[Kinvalid use of '[01m[Kthis[m[K' in non-member function
[0m[33m  223 |     if ([01;31m[Kthis[m[K->write_mifare_classic_block_(block + 1, blank_block) != nfc::STATUS_OK) {
[0m[33m      |         [01;31m[K^~~~[m[K
[0m[33m[01m[Ksrc/esphome/components/pn7160/pn7160_mifare_classic.cpp:227:9:[m[K [01;31m[Kerror: [m[Kinvalid use of '[01m[Kthis[m[K' in non-member function
[0m[33m  227 |     if ([01;31m[Kthis[m[K->write_mifare_classic_block_(block + 2, blank_block) != nfc::STATUS_OK) {
[0m[33m      |         [01;31m[K^~~~[m[K
[0m[33m[01m[Ksrc/esphome/components/pn7160/pn7160_mifare_classic.cpp:231:9:[m[K [01;31m[Kerror: [m[Kinvalid use of '[01m[Kthis[m[K' in non-member function
[0m[33m  231 |     if ([01;31m[Kthis[m[K->write_mifare_classic_block_(block + 3, ndef_trailer) != nfc::STATUS_OK) {
[0m[33m      |         [01;31m[K^~~~[m[K
[0m[33m[01m[Ksrc/esphome/components/pn7160/pn7160_mifare_ultralight.cpp:[m[K In function '[01m[Kuint8_t esphome::nfc::[01;32m[Kwrite_mifare_ultralight_page_[m[K(uint8_t, std::vector<unsigned char>&)[m[K':
[0m[33m[01m[Ksrc/esphome/components/pn7160/pn7160_mifare_ultralight.cpp:178:7:[m[K [01;31m[Kerror: [m[Kinvalid use of '[01m[Kthis[m[K' in non-member function
[0m[33m  178 |   if ([01;31m[Kthis[m[K->transceive_(tx, rx, NFCC_TAG_WRITE_TIMEOUT) != nfc::STATUS_OK) {
[0m[33m      |       [01;31m[K^~~~[m[K
[0m[33m[01m[Ksrc/esphome/components/pn7160/pn7160.cpp:186:18:[m[K [01;31m[Kerror: [m[K'[01m[KTEST_GET_REGISTER_OID[m[K' was not declared in this scope; did you mean '[01m[Kesphome::pn7160::TEST_GET_REGISTER_OID[m[K'?
[0m[33m  186 |       test_oid = [01;31m[KTEST_GET_REGISTER_OID[m[K;
[0m      |                  [01;31m[K^~~~~~~~~~~~~~~~~~~~~[m[K
[33m      |                  [32m[Kesphome::pn7160::TEST_GET_REGISTER_OID[m[K
[0m[33m[01m[Ksrc/esphome/components/pn7160/pn7160.h:58:22:[m[K [01;36m[Knote: [m[K'[01m[Kesphome::pn7160::TEST_GET_REGISTER_OID[m[K' declared here
[0m[33m   58 | static const uint8_t [01;36m[KTEST_GET_REGISTER_OID[m[K = 0x33;
[0m      |                      [01;36m[K^~~~~~~~~~~~~~~~~~~~~[m[K
[33m[01m[Ksrc/esphome/components/pn7160/pn7160.cpp:189:10:[m[K [01;31m[Kerror: [m[K'[01m[KTestMode[m[K' has not been declared
[0m[33m  189 |     case [01;31m[KTestMode[m[K::TEST_NONE:
[0m      |          [01;31m[K^~~~~~~~[m[K
[33m[01m[Ksrc/esphome/components/pn7160/pn7160.cpp:191:16:[m[K [01;31m[Kerror: [m[K'[01m[KTAG[m[K' was not declared in this scope; did you mean '[01m[Kesphome::pn7160::TAG[m[K'?
[0m[33m  191 |       ESP_LOGD([01;31m[KTAG[m[K, "Exiting test mode");
[0m[33m      |                [01;31m[K^~~[m[K
[0m[33m[01m[Ksrc/esphome/core/log.h:96:55:[m[K [01;36m[Knote: [m[Kin definition of macro '[01m[Kesph_log_d[m[K'
[0m[33m   96 |   ::esphome::esp_log_printf_(ESPHOME_LOG_LEVEL_DEBUG, [01;36m[Ktag[m[K, __LINE__, ESPHOME_LOG_FORMAT(format), ##__VA_ARGS__)
[0m[33m      |                                                       [01;36m[K^~~[m[K
[0m[33m[01m[Ksrc/esphome/components/pn7160/pn7160.cpp:191:7:[m[K [01;36m[Knote: [m[Kin expansion of macro '[01m[KESP_LOGD[m[K'
[0m[33m  191 |       [01;36m[KESP_LOGD[m[K(TAG, "Exiting test mode");
[0m      |       [01;36m[K^~~~~~~~[m[K
[33m[01m[Ksrc/esphome/components/pn7160/pn7160.cpp:13:26:[m[K [01;36m[Knote: [m[K'[01m[Kesphome::pn7160::TAG[m[K' declared here
[0m[33m   13 | static const char *const [01;36m[KTAG[m[K = "pn7160";
[0m[33m      |                          [01;36m[K^~~[m[K
[0m[33m[01m[Ksrc/esphome/components/pn7160/pn7160.cpp:192:7:[m[K [01;31m[Kerror: [m[Kinvalid use of '[01m[Kthis[m[K' in non-member function
[0m[33m  192 |       [01;31m[Kthis[m[K->nci_fsm_set_state_(NCIState::NFCC_RESET);
[0m[33m      |       [01;31m[K^~~~[m[K
[0m[33m[01m[Ksrc/esphome/components/pn7160/pn7160.cpp:192:32:[m[K [01;31m[Kerror: [m[K'[01m[KNCIState[m[K' has not been declared
[0m[33m  192 |       this->nci_fsm_set_state_([01;31m[KNCIState[m[K::NFCC_RESET);
[0m      |                                [01;31m[K^~~~~~~~[m[K
[33m[01m[Ksrc/esphome/components/pn7160/pn7160.cpp:196:7:[m[K [01;31m[Kerror: [m[Kinvalid use of '[01m[Kthis[m[K' in non-member function
[0m[33m  196 |   if ([01;31m[Kthis[m[K->reset_core_(true, true) != nfc::STATUS_OK) {
[0m[33m      |       [01;31m[K^~~~[m[K
[0m[33m[01m[Ksrc/esphome/components/pn7160/pn7160.cpp:197:14:[m[K [01;31m[Kerror: [m[K'[01m[KTAG[m[K' was not declared in this scope; did you mean '[01m[Kesphome::pn7160::TAG[m[K'?
[0m[33m  197 |     ESP_LOGE([01;31m[KTAG[m[K, "Failed to reset NCI core");
[0m[33m      |              [01;31m[K^~~[m[K
[0m[33m[01m[Ksrc/esphome/core/log.h:127:55:[m[K [01;36m[Knote: [m[Kin definition of macro '[01m[Kesph_log_e[m[K'
[0m[33m  127 |   ::esphome::esp_log_printf_(ESPHOME_LOG_LEVEL_ERROR, [01;36m[Ktag[m[K, __LINE__, ESPHOME_LOG_FORMAT(format), ##__VA_ARGS__)
[0m[33m      |                                                       [01;36m[K^~~[m[K
[0m[33m[01m[Ksrc/esphome/components/pn7160/pn7160.cpp:197:5:[m[K [01;36m[Knote: [m[Kin expansion of macro '[01m[KESP_LOGE[m[K'
[0m[33m  197 |     [01;36m[KESP_LOGE[m[K(TAG, "Failed to reset NCI core");
[0m      |     [01;36m[K^~~~~~~~[m[K
[33m[01m[Ksrc/esphome/components/pn7160/pn7160.cpp:13:26:[m[K [01;36m[Knote: [m[K'[01m[Kesphome::pn7160::TAG[m[K' declared here
[0m[33m   13 | static const char *const [01;36m[KTAG[m[K = "pn7160";
[0m[33m      |                          [01;36m[K^~~[m[K
[0m[33m[01m[Ksrc/esphome/components/pn7160/pn7160.cpp:198:5:[m[K [01;31m[Kerror: [m[Kinvalid use of '[01m[Kthis[m[K' in non-member function
[0m[33m  198 |     [01;31m[Kthis[m[K->nci_fsm_set_error_state_(NCIState::NFCC_RESET);
[0m[33m      |     [01;31m[K^~~~[m[K
[0m[33m[01m[Ksrc/esphome/components/pn7160/pn7160.cpp:198:36:[m[K [01;31m[Kerror: [m[K'[01m[KNCIState[m[K' has not been declared
[0m[33m  198 |     this->nci_fsm_set_error_state_([01;31m[KNCIState[m[K::NFCC_RESET);
[0m      |                                    [01;31m[K^~~~~~~~[m[K
[33m[01m[Ksrc/esphome/components/pn7160/pn7160.cpp:202:5:[m[K [01;31m[Kerror: [m[Kinvalid use of '[01m[Kthis[m[K' in non-member function
[0m[33m  202 |     [01;31m[Kthis[m[K->nci_fsm_set_state_(NCIState::NFCC_INIT);
[0m[33m      |     [01;31m[K^~~~[m[K
[0m[33m[01m[Ksrc/esphome/components/pn7160/pn7160.cpp:202:30:[m[K [01;31m[Kerror: [m[K'[01m[KNCIState[m[K' has not been declared
[0m[33m  202 |     this->nci_fsm_set_state_([01;31m[KNCIState[m[K::NFCC_INIT);
[0m      |                              [01;31m[K^~~~~~~~[m[K
[33m[01m[Ksrc/esphome/components/pn7160/pn7160.cpp:204:7:[m[K [01;31m[Kerror: [m[Kinvalid use of '[01m[Kthis[m[K' in non-member function
[0m[33m  204 |   if ([01;31m[Kthis[m[K->init_core_() != nfc::STATUS_OK) {
[0m[33m      |       [01;31m[K^~~~[m[K
[0m[33m[01m[Ksrc/esphome/components/pn7160/pn7160_mifare_classic.cpp:[m[K At global scope:
[0m[33m[01m[Ksrc/esphome/components/pn7160/pn7160_mifare_classic.cpp:239:9:[m[K [01;31m[Kerror: [m[K'[01m[KPN7160[m[K' has not been declared
[0m[33m  239 | uint8_t [01;31m[KPN7160[m[K::write_mifare_classic_block_(uint8_t block_num, std::vector<uint8_t> &write_data) {
[0m      |         [01;31m[K^~~~~~[m[K
[33m[01m[Ksrc/esphome/components/pn7160/pn7160_mifare_ultralight.cpp:178:33:[m[K [01;31m[Kerror: [m[K'[01m[KNFCC_TAG_WRITE_TIMEOUT[m[K' was not declared in this scope; did you mean '[01m[Kesphome::pn7160::NFCC_TAG_WRITE_TIMEOUT[m[K'?
[0m[33m  178 |   if (this->transceive_(tx, rx, [01;31m[KNFCC_TAG_WRITE_TIMEOUT[m[K) != nfc::STATUS_OK) {
[0m      |                                 [01;31m[K^~~~~~~~~~~~~~~~~~~~~~[m[K
[33m      |                                 [32m[Kesphome::pn7160::NFCC_TAG_WRITE_TIMEOUT[m[K
[0m[33m[01m[Ksrc/esphome/components/pn7160/pn7160.h:48:23:[m[K [01;36m[Knote: [m[K'[01m[Kesphome::pn7160::NFCC_TAG_WRITE_TIMEOUT[m[K' declared here
[0m[33m   48 | static const uint16_t [01;36m[KNFCC_TAG_WRITE_TIMEOUT[m[K = 50;
[0m      |                       [01;36m[K^~~~~~~~~~~~~~~~~~~~~~[m[K
[33m[01m[Ksrc/esphome/components/pn7160/pn7160.cpp:205:14:[m[K [01;31m[Kerror: [m[K'[01m[KTAG[m[K' was not declared in this scope; did you mean '[01m[Kesphome::pn7160::TAG[m[K'?
[0m[33m  205 |     ESP_LOGE([01;31m[KTAG[m[K, "Failed to initialise NCI core");
[0m[33m      |              [01;31m[K^~~[m[K
[0m[33m[01m[Ksrc/esphome/core/log.h:127:55:[m[K [01;36m[Knote: [m[Kin definition of macro '[01m[Kesph_log_e[m[K'
[0m[33m  127 |   ::esphome::esp_log_printf_(ESPHOME_LOG_LEVEL_ERROR, [01;36m[Ktag[m[K, __LINE__, ESPHOME_LOG_FORMAT(format), ##__VA_ARGS__)
[0m[33m      |                                                       [01;36m[K^~~[m[K
[0m[33m[01m[Ksrc/esphome/components/pn7160/pn7160.cpp:205:5:[m[K [01;36m[Knote: [m[Kin expansion of macro '[01m[KESP_LOGE[m[K'
[0m[33m  205 |     [01;36m[KESP_LOGE[m[K(TAG, "Failed to initialise NCI core");
[0m      |     [01;36m[K^~~~~~~~[m[K
[33m[01m[Ksrc/esphome/components/pn7160/pn7160.cpp:13:26:[m[K [01;36m[Knote: [m[K'[01m[Kesphome::pn7160::TAG[m[K' declared here
[0m[33m   13 | static const char *const [01;36m[KTAG[m[K = "pn7160";
[0m[33m      |                          [01;36m[K^~~[m[K
[0m[33m[01m[Ksrc/esphome/components/pn7160/pn7160.cpp:206:5:[m[K [01;31m[Kerror: [m[Kinvalid use of '[01m[Kthis[m[K' in non-member function
[0m[33m  206 |     [01;31m[Kthis[m[K->nci_fsm_set_error_state_(NCIState::NFCC_INIT);
[0m[33m      |     [01;31m[K^~~~[m[K
[0m[33m[01m[Ksrc/esphome/components/pn7160/pn7160.cpp:206:36:[m[K [01;31m[Kerror: [m[K'[01m[KNCIState[m[K' has not been declared
[0m[33m  206 |     this->nci_fsm_set_error_state_([01;31m[KNCIState[m[K::NFCC_INIT);
[0m      |                                    [01;31m[K^~~~~~~~[m[K
[33m[01m[Ksrc/esphome/components/pn7160/pn7160_mifare_ultralight.cpp:179:14:[m[K [01;31m[Kerror: [m[K'[01m[KTAG[m[K' was not declared in this scope; did you mean '[01m[Kesphome::pn7160::TAG[m[K'?
[0m[33m  179 |     ESP_LOGE([01;31m[KTAG[m[K, "Error writing page %u", page_num);
[0m[33m      |              [01;31m[K^~~[m[K
[0m[33m[01m[Ksrc/esphome/core/log.h:127:55:[m[K [01;36m[Knote: [m[Kin definition of macro '[01m[Kesph_log_e[m[K'
[0m[33m  127 |   ::esphome::esp_log_printf_(ESPHOME_LOG_LEVEL_ERROR, [01;36m[Ktag[m[K, __LINE__, ESPHOME_LOG_FORMAT(format), ##__VA_ARGS__)
[0m[33m      |                                                       [01;36m[K^~~[m[K
[0m[33m[01m[Ksrc/esphome/components/pn7160/pn7160_mifare_ultralight.cpp:179:5:[m[K [01;36m[Knote: [m[Kin expansion of macro '[01m[KESP_LOGE[m[K'
[0m[33m  179 |     [01;36m[KESP_LOGE[m[K(TAG, "Error writing page %u", page_num);
[0m      |     [01;36m[K^~~~~~~~[m[K
[33m[01m[Ksrc/esphome/components/pn7160/pn7160_mifare_classic.cpp:[m[K In function '[01m[Kuint8_t esphome::nfc::[01;32m[Kwrite_mifare_classic_block_[m[K(uint8_t, std::vector<unsigned char>&)[m[K':
[0m[33m[01m[Ksrc/esphome/components/pn7160/pn7160_mifare_classic.cpp:241:45:[m[K [01;31m[Kerror: [m[K'[01m[KXCHG_DATA_OID[m[K' was not declared in this scope; did you mean '[01m[Kesphome::pn7160::XCHG_DATA_OID[m[K'?
[0m[33m  241 |   nfc::NciMessage tx(nfc::NCI_PKT_MT_DATA, {[01;31m[KXCHG_DATA_OID[m[K, nfc::MIFARE_CMD_WRITE, block_num});
[0m      |                                             [01;31m[K^~~~~~~~~~~~~[m[K
[33m      |                                             [32m[Kesphome::pn7160::XCHG_DATA_OID[m[K
[0m[33m[01m[Ksrc/esphome/components/pn7160/pn7160_mifare_ultralight.cpp:10:26:[m[K [01;36m[Knote: [m[K'[01m[Kesphome::pn7160::TAG[m[K' declared here
[0m[33m   10 | static const char *const [01;36m[KTAG[m[K = "pn7160.mifare_ultralight";
[0m[33m      |                          [01;36m[K^~~[m[K
[0m[33m[01m[Ksrc/esphome/components/pn7160/pn7160.h:353:3:[m[K [01;31m[Kerror: [m[K'[01m[KNCIState[m[K' does not name a type
[0m[33m  353 |   [01;31m[KNCIState[m[K nci_state_{NCIState::NFCC_RESET};
[0m      |   [01;31m[K^~~~~~~~[m[K
[33m[01m[Ksrc/esphome/components/pn7160/pn7160.h:53:22:[m[K [01;36m[Knote: [m[K'[01m[Kesphome::pn7160::XCHG_DATA_OID[m[K' declared here
[0m[33m   53 | static const uint8_t [01;36m[KXCHG_DATA_OID[m[K = 0x10;
[0m      |                      [01;36m[K^~~~~~~~~~~~~[m[K
[33m[01m[Ksrc/esphome/components/pn7160/pn7160.cpp:210:5:[m[K [01;31m[Kerror: [m[Kinvalid use of '[01m[Kthis[m[K' in non-member function
[0m[33m  210 |     [01;31m[Kthis[m[K->nci_fsm_set_state_(NCIState::TEST);
[0m[33m      |     [01;31m[K^~~~[m[K
[0m[33m[01m[Ksrc/esphome/components/pn7160/pn7160.cpp:210:30:[m[K [01;31m[Kerror: [m[K'[01m[KNCIState[m[K' has not been declared
[0m[33m  210 |     this->nci_fsm_set_state_([01;31m[KNCIState[m[K::TEST);
[0m      |                              [01;31m[K^~~~~~~~[m[K
[33m[01m[Ksrc/esphome/components/pn7160/pn7160_mifare_classic.cpp:241:93:[m[K [01;31m[Kerror: [m[Kno matching function for call to '[01m[Kesphome::nfc::NciMessage::NciMessage(const uint8_t&, <brace-enclosed initializer list>)[m[K'
[0m[33m  241 |   nfc::NciMessage tx(nfc::NCI_PKT_MT_DATA, {XCHG_DATA_OID, nfc::MIFARE_CMD_WRITE, block_num}[01;31m[K)[m[K;
[0m[33m      |                                                                                             [01;31m[K^[m[K
[0m[33m[01m[Ksrc/esphome/components/nfc/nci_message.h:17:3:[m[K [01;36m[Knote: [m[Kcandidate: '[01m[Kesphome::nfc::NciMessage::[01;32m[KNciMessage[m[K(const std::vector<unsigned char>&)[m[K'
[0m[33m   17 |   [01;36m[KNciMessage[m[K(const std::vector<uint8_t> &raw_packet);
[0m      |   [01;36m[K^~~~~~~~~~[m[K
[33m[01m[Ksrc/esphome/components/nfc/nci_message.h:17:3:[m[K [01;36m[Knote: [m[K  candidate expects 1 argument, 2 provided
[0m[33m[01m[Ksrc/esphome/components/nfc/nci_message.h:16:3:[m[K [01;36m[Knote: [m[Kcandidate: '[01m[Kesphome::nfc::NciMessage::[01;32m[KNciMessage[m[K(uint8_t, uint8_t, uint8_t, const std::vector<unsigned char>&)[m[K'
[0m[33m   16 |   [01;36m[KNciMessage[m[K(uint8_t message_type, uint8_t gid, uint8_t oid, const std::vector<uint8_t> &payload);
[0m      |   [01;36m[K^~~~~~~~~~[m[K
[33m[01m[Ksrc/esphome/components/nfc/nci_message.h:16:3:[m[K [01;36m[Knote: [m[K  candidate expects 4 arguments, 2 provided
[0m[33m[01m[Ksrc/esphome/components/nfc/nci_message.h:15:3:[m[K [01;36m[Knote: [m[Kcandidate: '[01m[Kesphome::nfc::NciMessage::[01;32m[KNciMessage[m[K(uint8_t, uint8_t, uint8_t)[m[K'
[0m[33m   15 |   [01;36m[KNciMessage[m[K(uint8_t message_type, uint8_t gid, uint8_t oid);
[0m      |   [01;36m[K^~~~~~~~~~[m[K
[33m[01m[Ksrc/esphome/components/nfc/nci_message.h:15:3:[m[K [01;36m[Knote: [m[K  candidate expects 3 arguments, 2 provided
[0m[33m[01m[Ksrc/esphome/components/nfc/nci_message.h:14:3:[m[K [01;36m[Knote: [m[Kcandidate: '[01m[Kesphome::nfc::NciMessage::[01;32m[KNciMessage[m[K(uint8_t, const std::vector<unsigned char>&)[m[K'
[0m[33m   14 |   [01;36m[KNciMessage[m[K(uint8_t message_type, const std::vector<uint8_t> &payload);
[0m      |   [01;36m[K^~~~~~~~~~[m[K
[33m[01m[Ksrc/esphome/components/nfc/nci_message.h:14:64:[m[K [01;36m[Knote: [m[K  no known conversion for argument 2 from '[01m[K<brace-enclosed initializer list>[m[K' to '[01m[Kconst std::vector<unsigned char>&[m[K'
[0m[33m   14 |   NciMessage(uint8_t message_type, [01;36m[Kconst std::vector<uint8_t> &payload[m[K);
[0m      |                                    [01;36m[K~~~~~~~~~~~~~~~~~~~~~~~~~~~~^~~~~~~[m[K
[33m[01m[Ksrc/esphome/components/nfc/nci_message.h:13:3:[m[K [01;36m[Knote: [m[Kcandidate: '[01m[Kesphome::nfc::NciMessage::[01;32m[KNciMessage[m[K()[m[K'
[0m[33m   13 |   [01;36m[KNciMessage[m[K() {}
[0m      |   [01;36m[K^~~~~~~~~~[m[K
[33m[01m[Ksrc/esphome/components/nfc/nci_message.h:13:3:[m[K [01;36m[Knote: [m[K  candidate expects 0 arguments, 2 provided
[0m[33m[01m[Ksrc/esphome/components/nfc/nci_message.h:11:7:[m[K [01;36m[Knote: [m[Kcandidate: '[01m[Kconstexpr esphome::nfc::NciMessage::[01;32m[KNciMessage[m[K(const esphome::nfc::NciMessage&)[m[K'
[0m[33m   11 | class [01;36m[KNciMessage[m[K {
[0m      |       [01;36m[K^~~~~~~~~~[m[K
[33m[01m[Ksrc/esphome/components/nfc/nci_message.h:11:7:[m[K [01;36m[Knote: [m[K  candidate expects 1 argument, 2 provided
[0m[33m[01m[Ksrc/esphome/components/nfc/nci_message.h:11:7:[m[K [01;36m[Knote: [m[Kcandidate: '[01m[Kconstexpr esphome::nfc::NciMessage::[01;32m[KNciMessage[m[K(esphome::nfc::NciMessage&&)[m[K'
[0m[33m[01m[Ksrc/esphome/components/nfc/nci_message.h:11:7:[m[K [01;36m[Knote: [m[K  candidate expects 1 argument, 2 provided
[0m[33m[01m[Ksrc/esphome/components/pn7160/pn7160_mifare_classic.cpp:245:7:[m[K [01;31m[Kerror: [m[Kinvalid use of '[01m[Kthis[m[K' in non-member function
[0m[33m  245 |   if ([01;31m[Kthis[m[K->transceive_(tx, rx) != nfc::STATUS_OK) {
[0m[33m      |       [01;31m[K^~~~[m[K
[0m[33m[01m[Ksrc/esphome/components/pn7160/pn7160_mifare_classic.cpp:246:14:[m[K [01;31m[Kerror: [m[K'[01m[KTAG[m[K' was not declared in this scope; did you mean '[01m[Kesphome::pn7160::TAG[m[K'?
[0m[33m  246 |     ESP_LOGE([01;31m[KTAG[m[K, "Sending XCHG_DATA_REQ failed");
[0m[33m      |              [01;31m[K^~~[m[K
[0m[33m[01m[Ksrc/esphome/core/log.h:127:55:[m[K [01;36m[Knote: [m[Kin definition of macro '[01m[Kesph_log_e[m[K'
[0m[33m  127 |   ::esphome::esp_log_printf_(ESPHOME_LOG_LEVEL_ERROR, [01;36m[Ktag[m[K, __LINE__, ESPHOME_LOG_FORMAT(format), ##__VA_ARGS__)
[0m[33m      |                                                       [01;36m[K^~~[m[K
[0m[33m[01m[Ksrc/esphome/components/pn7160/pn7160_mifare_classic.cpp:246:5:[m[K [01;36m[Knote: [m[Kin expansion of macro '[01m[KESP_LOGE[m[K'
[0m[33m  246 |     [01;36m[KESP_LOGE[m[K(TAG, "Sending XCHG_DATA_REQ failed");
[0m      |     [01;36m[K^~~~~~~~[m[K
[33m[01m[Ksrc/esphome/components/pn7160/pn7160_mifare_classic.cpp:9:26:[m[K [01;36m[Knote: [m[K'[01m[Kesphome::pn7160::TAG[m[K' declared here
[0m[33m    9 | static const char *const [01;36m[KTAG[m[K = "pn7160.mifare_classic";
[0m[33m      |                          [01;36m[K^~~[m[K
[0m[33m[01m[Ksrc/esphome/components/pn7160/pn7160_mifare_classic.cpp:250:17:[m[K [01;31m[Kerror: [m[Kcannot convert '[01m[K<brace-enclosed initializer list>[m[K' to '[01m[Kconst std::vector<unsigned char>&[m[K'
[0m[33m  250 |   [01;31m[Ktx.set_payload({XCHG_DATA_OID})[m[K;
[0m      |   [01;31m[K~~~~~~~~~~~~~~^~~~~~~~~~~~~~~~~[m[K
[33m[01m[Ksrc/esphome/components/nfc/nci_message.h:43:48:[m[K [01;36m[Knote: [m[K  initializing argument 1 of '[01m[Kvoid esphome::nfc::NciMessage::[01;32m[Kset_payload[m[K(const std::vector<unsigned char>&)[m[K'
[0m[33m   43 |   void set_payload([01;36m[Kconst std::vector<uint8_t> &payload[m[K);
[0m      |                    [01;36m[K~~~~~~~~~~~~~~~~~~~~~~~~~~~~^~~~~~~[m[K
[33m[01m[Ksrc/esphome/components/pn7160/pn7160.cpp:216:12:[m[K [01;31m[Kerror: [m[K'[01m[KTAG[m[K' was not declared in this scope; did you mean '[01m[Kesphome::pn7160::TAG[m[K'?
[0m[33m  216 |   ESP_LOGW([01;31m[KTAG[m[K, "Starting test mode, OID 0x%02X", test_oid);
[0m[33m      |            [01;31m[K^~~[m[K
[0m[33m[01m[Ksrc/esphome/core/log.h:118:54:[m[K [01;36m[Knote: [m[Kin definition of macro '[01m[Kesph_log_w[m[K'
[0m[33m  118 |   ::esphome::esp_log_printf_(ESPHOME_LOG_LEVEL_WARN, [01;36m[Ktag[m[K, __LINE__, ESPHOME_LOG_FORMAT(format), ##__VA_ARGS__)
[0m[33m      |                                                      [01;36m[K^~~[m[K
[0m[33m[01m[Ksrc/esphome/components/pn7160/pn7160.cpp:216:3:[m[K [01;36m[Knote: [m[Kin expansion of macro '[01m[KESP_LOGW[m[K'
[0m[33m  216 |   [01;36m[KESP_LOGW[m[K(TAG, "Starting test mode, OID 0x%02X", test_oid);
[0m      |   [01;36m[K^~~~~~~~[m[K
[33m[01m[Ksrc/esphome/components/pn7160/pn7160.cpp:13:26:[m[K [01;36m[Knote: [m[K'[01m[Kesphome::pn7160::TAG[m[K' declared here
[0m[33m   13 | static const char *const [01;36m[KTAG[m[K = "pn7160";
[0m[33m      |                          [01;36m[K^~~[m[K
[0m[33m[01m[Ksrc/esphome/components/pn7160/pn7160_mifare_classic.cpp:254:7:[m[K [01;31m[Kerror: [m[Kinvalid use of '[01m[Kthis[m[K' in non-member function
[0m[33m  254 |   if ([01;31m[Kthis[m[K->transceive_(tx, rx, NFCC_TAG_WRITE_TIMEOUT) != nfc::STATUS_OK) {
[0m[33m      |       [01;31m[K^~~~[m[K
[0m[33m[01m[Ksrc/esphome/components/pn7160/pn7160.h:354:3:[m[K [01;31m[Kerror: [m[K'[01m[KNCIState[m[K' does not name a type
[0m[33m  354 |   [01;31m[KNCIState[m[K nci_state_error_{NCIState::NONE};
[0m      |   [01;31m[K^~~~~~~~[m[K
[33m[01m[Ksrc/esphome/components/pn7160/pn7160.cpp:217:17:[m[K [01;31m[Kerror: [m[Kinvalid use of '[01m[Kthis[m[K' in non-member function
[0m[33m  217 |   auto status = [01;31m[Kthis[m[K->transceive_(tx, rx, NFCC_INIT_TIMEOUT);
[0m[33m      |                 [01;31m[K^~~~[m[K
[0m[33m[01m[Ksrc/esphome/components/pn7160/pn7160_mifare_classic.cpp:254:33:[m[K [01;31m[Kerror: [m[K'[01m[KNFCC_TAG_WRITE_TIMEOUT[m[K' was not declared in this scope; did you mean '[01m[Kesphome::pn7160::NFCC_TAG_WRITE_TIMEOUT[m[K'?
[0m[33m  254 |   if (this->transceive_(tx, rx, [01;31m[KNFCC_TAG_WRITE_TIMEOUT[m[K) != nfc::STATUS_OK) {
[0m      |                                 [01;31m[K^~~~~~~~~~~~~~~~~~~~~~[m[K
[33m      |                                 [32m[Kesphome::pn7160::NFCC_TAG_WRITE_TIMEOUT[m[K
[0m[33m[01m[Ksrc/esphome/components/pn7160/pn7160.h:48:23:[m[K [01;36m[Knote: [m[K'[01m[Kesphome::pn7160::NFCC_TAG_WRITE_TIMEOUT[m[K' declared here
[0m[33m   48 | static const uint16_t [01;36m[KNFCC_TAG_WRITE_TIMEOUT[m[K = 50;
[0m      |                       [01;36m[K^~~~~~~~~~~~~~~~~~~~~~[m[K
[33m[01m[Ksrc/esphome/components/pn7160/pn7160.cpp:217:43:[m[K [01;31m[Kerror: [m[K'[01m[KNFCC_INIT_TIMEOUT[m[K' was not declared in this scope; did you mean '[01m[Kesphome::pn7160::NFCC_INIT_TIMEOUT[m[K'?
[0m[33m  217 |   auto status = this->transceive_(tx, rx, [01;31m[KNFCC_INIT_TIMEOUT[m[K);
[0m      |                                           [01;31m[K^~~~~~~~~~~~~~~~~[m[K
[33m      |                                           [32m[Kesphome::pn7160::NFCC_INIT_TIMEOUT[m[K
[0m[33m[01m[Ksrc/esphome/components/pn7160/pn7160.h:47:23:[m[K [01;36m[Knote: [m[K'[01m[Kesphome::pn7160::NFCC_INIT_TIMEOUT[m[K' declared here
[0m[33m   47 | static const uint16_t [01;36m[KNFCC_INIT_TIMEOUT[m[K = 50;
[0m      |                       [01;36m[K^~~~~~~~~~~~~~~~~[m[K
[33m[01m[Ksrc/esphome/components/pn7160/pn7160.cpp:221:5:[m[K [01;31m[Kerror: [m[Kinvalid use of '[01m[Kthis[m[K' in non-member function
[0m[33m  221 |     [01;31m[Kthis[m[K->nci_fsm_set_state_(NCIState::NFCC_RESET);
[0m[33m      |     [01;31m[K^~~~[m[K
[0m[33m[01m[Ksrc/esphome/components/pn7160/pn7160.cpp:221:30:[m[K [01;31m[Kerror: [m[K'[01m[KNCIState[m[K' has not been declared
[0m[33m  221 |     this->nci_fsm_set_state_([01;31m[KNCIState[m[K::NFCC_RESET);
[0m      |                              [01;31m[K^~~~~~~~[m[K
[33m[01m[Ksrc/esphome/components/pn7160/pn7160_mifare_classic.cpp:255:14:[m[K [01;31m[Kerror: [m[K'[01m[KTAG[m[K' was not declared in this scope; did you mean '[01m[Kesphome::pn7160::TAG[m[K'?
[0m[33m  255 |     ESP_LOGE([01;31m[KTAG[m[K, "MFC XCHG_DATA timed out waiting for XCHG_DATA_RSP during block write");
[0m[33m      |              [01;31m[K^~~[m[K
[0m[33m[01m[Ksrc/esphome/core/log.h:127:55:[m[K [01;36m[Knote: [m[Kin definition of macro '[01m[Kesph_log_e[m[K'
[0m[33m  127 |   ::esphome::esp_log_printf_(ESPHOME_LOG_LEVEL_ERROR, [01;36m[Ktag[m[K, __LINE__, ESPHOME_LOG_FORMAT(format), ##__VA_ARGS__)
[0m[33m      |                                                       [01;36m[K^~~[m[K
[0m[33m[01m[Ksrc/esphome/components/pn7160/pn7160_mifare_classic.cpp:255:5:[m[K [01;36m[Knote: [m[Kin expansion of macro '[01m[KESP_LOGE[m[K'
[0m[33m  255 |     [01;36m[KESP_LOGE[m[K(TAG, "MFC XCHG_DATA timed out waiting for XCHG_DATA_RSP during block write");
[0m      |     [01;36m[K^~~~~~~~[m[K
[33m[01m[Ksrc/esphome/components/pn7160/pn7160_mifare_classic.cpp:9:26:[m[K [01;36m[Knote: [m[K'[01m[Kesphome::pn7160::TAG[m[K' declared here
[0m[33m    9 | static const char *const [01;36m[KTAG[m[K = "pn7160.mifare_classic";
[0m[33m      |                          [01;36m[K^~~[m[K
[0m[33m[01m[Ksrc/esphome/components/pn7160/pn7160_mifare_classic.cpp:261:14:[m[K [01;31m[Kerror: [m[K'[01m[KTAG[m[K' was not declared in this scope; did you mean '[01m[Kesphome::pn7160::TAG[m[K'?
[0m[33m  261 |     ESP_LOGE([01;31m[KTAG[m[K, "MFC write block failed - block 0x%02x", block_num);
[0m[33m      |              [01;31m[K^~~[m[K
[0m[33m[01m[Ksrc/esphome/core/log.h:127:55:[m[K [01;36m[Knote: [m[Kin definition of macro '[01m[Kesph_log_e[m[K'
[0m[33m  127 |   ::esphome::esp_log_printf_(ESPHOME_LOG_LEVEL_ERROR, [01;36m[Ktag[m[K, __LINE__, ESPHOME_LOG_FORMAT(format), ##__VA_ARGS__)
[0m[33m      |                                                       [01;36m[K^~~[m[K
[0m[33m[01m[Ksrc/esphome/components/pn7160/pn7160_mifare_classic.cpp:261:5:[m[K [01;36m[Knote: [m[Kin expansion of macro '[01m[KESP_LOGE[m[K'
[0m[33m  261 |     [01;36m[KESP_LOGE[m[K(TAG, "MFC write block failed - block 0x%02x", block_num);
[0m      |     [01;36m[K^~~~~~~~[m[K
[33m[01m[Ksrc/esphome/components/pn7160/pn7160_mifare_classic.cpp:9:26:[m[K [01;36m[Knote: [m[K'[01m[Kesphome::pn7160::TAG[m[K' declared here
[0m[33m    9 | static const char *const [01;36m[KTAG[m[K = "pn7160.mifare_classic";
[0m[33m      |                          [01;36m[K^~~[m[K
[0m[33m[01m[Ksrc/esphome/components/pn7160/pn7160_mifare_classic.cpp:[m[K At global scope:
[0m[33m[01m[Ksrc/esphome/components/pn7160/pn7160_mifare_classic.cpp:269:9:[m[K [01;31m[Kerror: [m[K'[01m[KPN7160[m[K' has not been declared
[0m[33m  269 | uint8_t [01;31m[KPN7160[m[K::write_mifare_classic_tag_(const std::shared_ptr<nfc::NdefMessage> &message) {
[0m      |         [01;31m[K^~~~~~[m[K
[33m[01m[Ksrc/esphome/components/pn7160/pn7160_mifare_classic.cpp:[m[K In function '[01m[Kuint8_t esphome::nfc::[01;32m[Kwrite_mifare_classic_tag_[m[K(const std::shared_ptr<NdefMessage>&)[m[K':
[0m[33m[01m[Ksrc/esphome/components/pn7160/pn7160_mifare_classic.cpp:292:11:[m[K [01;31m[Kerror: [m[Kinvalid use of '[01m[Kthis[m[K' in non-member function
[0m[33m  292 |       if ([01;31m[Kthis[m[K->auth_mifare_classic_block_(current_block, nfc::MIFARE_CMD_AUTH_A, nfc::NDEF_KEY) != nfc::STATUS_OK) {
[0m[33m      |           [01;31m[K^~~~[m[K
[0m[33m[01m[Ksrc/esphome/components/pn7160/pn7160.cpp:[m[K At global scope:
[0m[33m[01m[Ksrc/esphome/components/pn7160/pn7160.cpp:234:9:[m[K [01;31m[Kerror: [m[K'[01m[KPN7160[m[K' has not been declared
[0m[33m  234 | uint8_t [01;31m[KPN7160[m[K::reset_core_(const bool reset_config, const bool power) {
[0m      |         [01;31m[K^~~~~~[m[K
[33m[01m[Ksrc/esphome/components/pn7160/pn7160.cpp:[m[K In function '[01m[Kuint8_t esphome::nfc::[01;32m[Kreset_core_[m[K(bool, bool)[m[K':
[0m[33m[01m[Ksrc/esphome/components/pn7160/pn7160.cpp:235:7:[m[K [01;31m[Kerror: [m[Kinvalid use of '[01m[Kthis[m[K' in non-member function
[0m[33m  235 |   if ([01;31m[Kthis[m[K->dwl_req_pin_ != nullptr) {
[0m[33m      |       [01;31m[K^~~~[m[K
[0m[33m[01m[Ksrc/esphome/components/pn7160/pn7160.cpp:236:5:[m[K [01;31m[Kerror: [m[Kinvalid use of '[01m[Kthis[m[K' in non-member function
[0m[33m  236 |     [01;31m[Kthis[m[K->dwl_req_pin_->digital_write(false);
[0m[33m      |     [01;31m[K^~~~[m[K
[0m[33m[01m[Ksrc/esphome/components/pn7160/pn7160_mifare_classic.cpp:298:9:[m[K [01;31m[Kerror: [m[Kinvalid use of '[01m[Kthis[m[K' in non-member function
[0m[33m  298 |     if ([01;31m[Kthis[m[K->write_mifare_classic_block_(current_block, data) != nfc::STATUS_OK) {
[0m[33m      |         [01;31m[K^~~~[m[K
[0m[33m[01m[Ksrc/esphome/components/pn7160/pn7160_mifare_classic.cpp:[m[K At global scope:
[0m[33m[01m[Ksrc/esphome/components/pn7160/pn7160_mifare_classic.cpp:312:9:[m[K [01;31m[Kerror: [m[K'[01m[KPN7160[m[K' has not been declared
[0m[33m  312 | uint8_t [01;31m[KPN7160[m[K::halt_mifare_classic_tag_() {
[0m      |         [01;31m[K^~~~~~[m[K
[33m[01m[Ksrc/esphome/components/pn7160/pn7160.cpp:237:11:[m[K [01;31m[Kerror: [m[K'[01m[KNFCC_DEFAULT_TIMEOUT[m[K' was not declared in this scope; did you mean '[01m[Kesphome::pn7160::NFCC_DEFAULT_TIMEOUT[m[K'?
[0m[33m  237 |     delay([01;31m[KNFCC_DEFAULT_TIMEOUT[m[K);
[0m      |           [01;31m[K^~~~~~~~~~~~~~~~~~~~[m[K
[33m      |           [32m[Kesphome::pn7160::NFCC_DEFAULT_TIMEOUT[m[K
[0m[33m[01m[Ksrc/esphome/components/pn7160/pn7160.h:46:23:[m[K [01;36m[Knote: [m[K'[01m[Kesphome::pn7160::NFCC_DEFAULT_TIMEOUT[m[K' declared here
[0m[33m   46 | static const uint16_t [01;36m[KNFCC_DEFAULT_TIMEOUT[m[K = 10;
[0m      |                       [01;36m[K^~~~~~~~~~~~~~~~~~~~[m[K
[33m[01m[Ksrc/esphome/components/pn7160/pn7160.cpp:241:5:[m[K [01;31m[Kerror: [m[Kinvalid use of '[01m[Kthis[m[K' in non-member function
[0m[33m  241 |     [01;31m[Kthis[m[K->ven_pin_->digital_write(true);
[0m[33m      |     [01;31m[K^~~~[m[K
[0m[33m[01m[Ksrc/esphome/components/pn7160/pn7160.cpp:242:11:[m[K [01;31m[Kerror: [m[K'[01m[KNFCC_DEFAULT_TIMEOUT[m[K' was not declared in this scope; did you mean '[01m[Kesphome::pn7160::NFCC_DEFAULT_TIMEOUT[m[K'?
[0m[33m  242 |     delay([01;31m[KNFCC_DEFAULT_TIMEOUT[m[K);
[0m      |           [01;31m[K^~~~~~~~~~~~~~~~~~~~[m[K
[33m      |           [32m[Kesphome::pn7160::NFCC_DEFAULT_TIMEOUT[m[K
[0m[33m[01m[Ksrc/esphome/components/pn7160/pn7160.h:46:23:[m[K [01;36m[Knote: [m[K'[01m[Kesphome::pn7160::NFCC_DEFAULT_TIMEOUT[m[K' declared here
[0m[33m   46 | static const uint16_t [01;36m[KNFCC_DEFAULT_TIMEOUT[m[K = 10;
[0m      |                       [01;36m[K^~~~~~~~~~~~~~~~~~~~[m[K
[33m[01m[Ksrc/esphome/components/pn7160/pn7160.cpp:243:5:[m[K [01;31m[Kerror: [m[Kinvalid use of '[01m[Kthis[m[K' in non-member function
[0m[33m  243 |     [01;31m[Kthis[m[K->ven_pin_->digital_write(false);
[0m[33m      |     [01;31m[K^~~~[m[K
[0m[33m[01m[Ksrc/esphome/components/pn7160/pn7160.cpp:245:5:[m[K [01;31m[Kerror: [m[Kinvalid use of '[01m[Kthis[m[K' in non-member function
[0m[33m  245 |     [01;31m[Kthis[m[K->ven_pin_->digital_write(true);
[0m[33m      |     [01;31m[K^~~~[m[K
[0m[33m[01m[Ksrc/esphome/components/pn7160/pn7160.cpp:246:11:[m[K [01;31m[Kerror: [m[K'[01m[KNFCC_INIT_TIMEOUT[m[K' was not declared in this scope; did you mean '[01m[Kesphome::pn7160::NFCC_INIT_TIMEOUT[m[K'?
[0m[33m  246 |     delay([01;31m[KNFCC_INIT_TIMEOUT[m[K);
[0m      |           [01;31m[K^~~~~~~~~~~~~~~~~[m[K
[33m      |           [32m[Kesphome::pn7160::NFCC_INIT_TIMEOUT[m[K
[0m[33m[01m[Ksrc/esphome/components/pn7160/pn7160.h:47:23:[m[K [01;36m[Knote: [m[K'[01m[Kesphome::pn7160::NFCC_INIT_TIMEOUT[m[K' declared here
[0m[33m   47 | static const uint16_t [01;36m[KNFCC_INIT_TIMEOUT[m[K = 50;
[0m      |                       [01;36m[K^~~~~~~~~~~~~~~~~[m[K
[33m[01m[Ksrc/esphome/components/pn7160/pn7160_mifare_classic.cpp:[m[K In function '[01m[Kuint8_t esphome::nfc::[01;32m[Khalt_mifare_classic_tag_[m[K()[m[K':
[0m[33m[01m[Ksrc/esphome/components/pn7160/pn7160_mifare_classic.cpp:314:45:[m[K [01;31m[Kerror: [m[K'[01m[KXCHG_DATA_OID[m[K' was not declared in this scope; did you mean '[01m[Kesphome::pn7160::XCHG_DATA_OID[m[K'?
[0m[33m  314 |   nfc::NciMessage tx(nfc::NCI_PKT_MT_DATA, {[01;31m[KXCHG_DATA_OID[m[K, nfc::MIFARE_CMD_HALT, 0});
[0m      |                                             [01;31m[K^~~~~~~~~~~~~[m[K
[33m      |                                             [32m[Kesphome::pn7160::XCHG_DATA_OID[m[K
[0m[33m[01m[Ksrc/esphome/components/pn7160/pn7160.h:53:22:[m[K [01;36m[Knote: [m[K'[01m[Kesphome::pn7160::XCHG_DATA_OID[m[K' declared here
[0m[33m   53 | static const uint8_t [01;36m[KXCHG_DATA_OID[m[K = 0x10;
[0m      |                      [01;36m[K^~~~~~~~~~~~~[m[K
[33m[01m[Ksrc/esphome/components/pn7160/pn7160.cpp:249:9:[m[K [01;31m[Kerror: [m[K'[01m[KNFCC_INIT_TIMEOUT[m[K' was not declared in this scope; did you mean '[01m[Kesphome::pn7160::NFCC_INIT_TIMEOUT[m[K'?
[0m[33m  249 |   delay([01;31m[KNFCC_INIT_TIMEOUT[m[K); // Add extra delay before sending the first command
[0m      |         [01;31m[K^~~~~~~~~~~~~~~~~[m[K
[33m      |         [32m[Kesphome::pn7160::NFCC_INIT_TIMEOUT[m[K
[0m[33m[01m[Ksrc/esphome/components/pn7160/pn7160.h:47:23:[m[K [01;36m[Knote: [m[K'[01m[Kesphome::pn7160::NFCC_INIT_TIMEOUT[m[K' declared here
[0m[33m   47 | static const uint16_t [01;36m[KNFCC_INIT_TIMEOUT[m[K = 50;
[0m      |                       [01;36m[K^~~~~~~~~~~~~~~~~[m[K
[33m[01m[Ksrc/esphome/components/pn7160/pn7160_mifare_classic.cpp:314:84:[m[K [01;31m[Kerror: [m[Kno matching function for call to '[01m[Kesphome::nfc::NciMessage::NciMessage(const uint8_t&, <brace-enclosed initializer list>)[m[K'
[0m[33m  314 |   nfc::NciMessage tx(nfc::NCI_PKT_MT_DATA, {XCHG_DATA_OID, nfc::MIFARE_CMD_HALT, 0}[01;31m[K)[m[K;
[0m[33m      |                                                                                    [01;31m[K^[m[K
[0m[33m[01m[Ksrc/esphome/components/nfc/nci_message.h:17:3:[m[K [01;36m[Knote: [m[Kcandidate: '[01m[Kesphome::nfc::NciMessage::[01;32m[KNciMessage[m[K(const std::vector<unsigned char>&)[m[K'
[0m[33m   17 |   [01;36m[KNciMessage[m[K(const std::vector<uint8_t> &raw_packet);
[0m      |   [01;36m[K^~~~~~~~~~[m[K
[33m[01m[Ksrc/esphome/components/nfc/nci_message.h:17:3:[m[K [01;36m[Knote: [m[K  candidate expects 1 argument, 2 provided
[0m[33m[01m[Ksrc/esphome/components/nfc/nci_message.h:16:3:[m[K [01;36m[Knote: [m[Kcandidate: '[01m[Kesphome::nfc::NciMessage::[01;32m[KNciMessage[m[K(uint8_t, uint8_t, uint8_t, const std::vector<unsigned char>&)[m[K'
[0m[33m   16 |   [01;36m[KNciMessage[m[K(uint8_t message_type, uint8_t gid, uint8_t oid, const std::vector<uint8_t> &payload);
[0m      |   [01;36m[K^~~~~~~~~~[m[K
[33m[01m[Ksrc/esphome/components/nfc/nci_message.h:16:3:[m[K [01;36m[Knote: [m[K  candidate expects 4 arguments, 2 provided
[0m[33m[01m[Ksrc/esphome/components/pn7160/pn7160.h:257:56:[m[K [01;31m[Kerror: [m[K'[01m[KNFCC_DEFAULT_TIMEOUT[m[K' was not declared in this scope; did you mean '[01m[Kesphome::pn7160::NFCC_DEFAULT_TIMEOUT[m[K'?
[0m[33m  257 |   uint8_t deactivate_(uint8_t type, uint16_t timeout = [01;31m[KNFCC_DEFAULT_TIMEOUT[m[K);
[0m      |                                                        [01;31m[K^~~~~~~~~~~~~~~~~~~~[m[K
[33m      |                                                        [32m[Kesphome::pn7160::NFCC_DEFAULT_TIMEOUT[m[K
[0m[33m[01m[Ksrc/esphome/components/nfc/nci_message.h:15:3:[m[K [01;36m[Knote: [m[Kcandidate: '[01m[Kesphome::nfc::NciMessage::[01;32m[KNciMessage[m[K(uint8_t, uint8_t, uint8_t)[m[K'
[0m[33m   15 |   [01;36m[KNciMessage[m[K(uint8_t message_type, uint8_t gid, uint8_t oid);
[0m      |   [01;36m[K^~~~~~~~~~[m[K
[33m[01m[Ksrc/esphome/components/nfc/nci_message.h:15:3:[m[K [01;36m[Knote: [m[K  candidate expects 3 arguments, 2 provided
[0m[33m[01m[Ksrc/esphome/components/pn7160/pn7160.h:46:23:[m[K [01;36m[Knote: [m[K'[01m[Kesphome::pn7160::NFCC_DEFAULT_TIMEOUT[m[K' declared here
[0m[33m   46 | static const uint16_t [01;36m[KNFCC_DEFAULT_TIMEOUT[m[K = 10;
[0m      |                       [01;36m[K^~~~~~~~~~~~~~~~~~~~[m[K
[33m[01m[Ksrc/esphome/components/nfc/nci_message.h:14:3:[m[K [01;36m[Knote: [m[Kcandidate: '[01m[Kesphome::nfc::NciMessage::[01;32m[KNciMessage[m[K(uint8_t, const std::vector<unsigned char>&)[m[K'
[0m[33m   14 |   [01;36m[KNciMessage[m[K(uint8_t message_type, const std::vector<uint8_t> &payload);
[0m      |   [01;36m[K^~~~~~~~~~[m[K
[33m[01m[Ksrc/esphome/components/nfc/nci_message.h:14:64:[m[K [01;36m[Knote: [m[K  no known conversion for argument 2 from '[01m[K<brace-enclosed initializer list>[m[K' to '[01m[Kconst std::vector<unsigned char>&[m[K'
[0m[33m   14 |   NciMessage(uint8_t message_type, [01;36m[Kconst std::vector<uint8_t> &payload[m[K);
[0m      |                                    [01;36m[K~~~~~~~~~~~~~~~~~~~~~~~~~~~~^~~~~~~[m[K
[33m[01m[Ksrc/esphome/components/nfc/nci_message.h:13:3:[m[K [01;36m[Knote: [m[Kcandidate: '[01m[Kesphome::nfc::NciMessage::[01;32m[KNciMessage[m[K()[m[K'
[0m[33m   13 |   [01;36m[KNciMessage[m[K() {}
[0m      |   [01;36m[K^~~~~~~~~~[m[K
[33m[01m[Ksrc/esphome/components/nfc/nci_message.h:13:3:[m[K [01;36m[Knote: [m[K  candidate expects 0 arguments, 2 provided
[0m[33m[01m[Ksrc/esphome/components/nfc/nci_message.h:11:7:[m[K [01;36m[Knote: [m[Kcandidate: '[01m[Kconstexpr esphome::nfc::NciMessage::[01;32m[KNciMessage[m[K(const esphome::nfc::NciMessage&)[m[K'
[0m[33m   11 | class [01;36m[KNciMessage[m[K {
[0m      |       [01;36m[K^~~~~~~~~~[m[K
[33m[01m[Ksrc/esphome/components/nfc/nci_message.h:11:7:[m[K [01;36m[Knote: [m[K  candidate expects 1 argument, 2 provided
[0m[33m[01m[Ksrc/esphome/components/nfc/nci_message.h:11:7:[m[K [01;36m[Knote: [m[Kcandidate: '[01m[Kconstexpr esphome::nfc::NciMessage::[01;32m[KNciMessage[m[K(esphome::nfc::NciMessage&&)[m[K'
[0m[33m[01m[Ksrc/esphome/components/nfc/nci_message.h:11:7:[m[K [01;36m[Knote: [m[K  candidate expects 1 argument, 2 provided
[0m[33m[01m[Ksrc/esphome/components/pn7160/pn7160.cpp:255:7:[m[K [01;31m[Kerror: [m[Kinvalid use of '[01m[Kthis[m[K' in non-member function
[0m[33m  255 |   if ([01;31m[Kthis[m[K->transceive_(tx, rx, NFCC_INIT_TIMEOUT) != nfc::STATUS_OK) {
[0m[33m      |       [01;31m[K^~~~[m[K
[0m[33m[01m[Ksrc/esphome/components/pn7160/pn7160_mifare_classic.cpp:318:7:[m[K [01;31m[Kerror: [m[Kinvalid use of '[01m[Kthis[m[K' in non-member function
[0m[33m  318 |   if ([01;31m[Kthis[m[K->transceive_(tx, rx, NFCC_TAG_WRITE_TIMEOUT) != nfc::STATUS_OK) {
[0m[33m      |       [01;31m[K^~~~[m[K
[0m[33m[01m[Ksrc/esphome/components/pn7160/pn7160.cpp:256:14:[m[K [01;31m[Kerror: [m[K'[01m[KTAG[m[K' was not declared in this scope; did you mean '[01m[Kesphome::pn7160::TAG[m[K'?
[0m[33m  256 |     ESP_LOGE([01;31m[KTAG[m[K, "Error sending reset command");
[0m[33m      |              [01;31m[K^~~[m[K
[0m[33m[01m[Ksrc/esphome/core/log.h:127:55:[m[K [01;36m[Knote: [m[Kin definition of macro '[01m[Kesph_log_e[m[K'
[0m[33m  127 |   ::esphome::esp_log_printf_(ESPHOME_LOG_LEVEL_ERROR, [01;36m[Ktag[m[K, __LINE__, ESPHOME_LOG_FORMAT(format), ##__VA_ARGS__)
[0m[33m      |                                                       [01;36m[K^~~[m[K
[0m[33m[01m[Ksrc/esphome/components/pn7160/pn7160.cpp:256:5:[m[K [01;36m[Knote: [m[Kin expansion of macro '[01m[KESP_LOGE[m[K'
[0m[33m  256 |     [01;36m[KESP_LOGE[m[K(TAG, "Error sending reset command");
[0m      |     [01;36m[K^~~~~~~~[m[K
[33m[01m[Ksrc/esphome/components/pn7160/pn7160.cpp:13:26:[m[K [01;36m[Knote: [m[K'[01m[Kesphome::pn7160::TAG[m[K' declared here
[0m[33m   13 | static const char *const [01;36m[KTAG[m[K = "pn7160";
[0m[33m      |                          [01;36m[K^~~[m[K
[0m[33m[01m[Ksrc/esphome/components/pn7160/pn7160.h:286:84:[m[K [01;31m[Kerror: [m[K'[01m[KNFCC_DEFAULT_TIMEOUT[m[K' was not declared in this scope; did you mean '[01m[Kesphome::pn7160::NFCC_DEFAULT_TIMEOUT[m[K'?
[0m[33m  286 |   uint8_t transceive_(nfc::NciMessage &tx, nfc::NciMessage &rx, uint16_t timeout = [01;31m[KNFCC_DEFAULT_TIMEOUT[m[K,
[0m      |                                                                                    [01;31m[K^~~~~~~~~~~~~~~~~~~~[m[K
[33m      |                                                                                    [32m[Kesphome::pn7160::NFCC_DEFAULT_TIMEOUT[m[K
[0m[33m[01m[Ksrc/esphome/components/pn7160/pn7160.h:46:23:[m[K [01;36m[Knote: [m[K'[01m[Kesphome::pn7160::NFCC_DEFAULT_TIMEOUT[m[K' declared here
[0m[33m   46 | static const uint16_t [01;36m[KNFCC_DEFAULT_TIMEOUT[m[K = 10;
[0m      |                       [01;36m[K^~~~~~~~~~~~~~~~~~~~[m[K
[33m[01m[Ksrc/esphome/components/pn7160/pn7160.cpp:262:14:[m[K [01;31m[Kerror: [m[K'[01m[KTAG[m[K' was not declared in this scope; did you mean '[01m[Kesphome::pn7160::TAG[m[K'?
[0m[33m  262 |     ESP_LOGE([01;31m[KTAG[m[K, "Invalid reset response: %s", nfc::format_bytes_to(buf, rx.get_message()));
[0m[33m      |              [01;31m[K^~~[m[K
[0m[33m[01m[Ksrc/esphome/core/log.h:127:55:[m[K [01;36m[Knote: [m[Kin definition of macro '[01m[Kesph_log_e[m[K'
[0m[33m  127 |   ::esphome::esp_log_printf_(ESPHOME_LOG_LEVEL_ERROR, [01;36m[Ktag[m[K, __LINE__, ESPHOME_LOG_FORMAT(format), ##__VA_ARGS__)
[0m[33m      |                                                       [01;36m[K^~~[m[K
[0m[33m[01m[Ksrc/esphome/components/pn7160/pn7160.cpp:262:5:[m[K [01;36m[Knote: [m[Kin expansion of macro '[01m[KESP_LOGE[m[K'
[0m[33m  262 |     [01;36m[KESP_LOGE[m[K(TAG, "Invalid reset response: %s", nfc::format_bytes_to(buf, rx.get_message()));
[0m      |     [01;36m[K^~~~~~~~[m[K
[33m[01m[Ksrc/esphome/components/pn7160/pn7160.cpp:13:26:[m[K [01;36m[Knote: [m[K'[01m[Kesphome::pn7160::TAG[m[K' declared here
[0m[33m   13 | static const char *const [01;36m[KTAG[m[K = "pn7160";
[0m[33m      |                          [01;36m[K^~~[m[K
[0m[33m[01m[Ksrc/esphome/components/pn7160/pn7160_mifare_classic.cpp:318:33:[m[K [01;31m[Kerror: [m[K'[01m[KNFCC_TAG_WRITE_TIMEOUT[m[K' was not declared in this scope; did you mean '[01m[Kesphome::pn7160::NFCC_TAG_WRITE_TIMEOUT[m[K'?
[0m[33m  318 |   if (this->transceive_(tx, rx, [01;31m[KNFCC_TAG_WRITE_TIMEOUT[m[K) != nfc::STATUS_OK) {
[0m      |                                 [01;31m[K^~~~~~~~~~~~~~~~~~~~~~[m[K
[33m      |                                 [32m[Kesphome::pn7160::NFCC_TAG_WRITE_TIMEOUT[m[K
[0m[33m[01m[Ksrc/esphome/components/pn7160/pn7160.h:48:23:[m[K [01;36m[Knote: [m[K'[01m[Kesphome::pn7160::NFCC_TAG_WRITE_TIMEOUT[m[K' declared here
[0m[33m   48 | static const uint16_t [01;36m[KNFCC_TAG_WRITE_TIMEOUT[m[K = 50;
[0m      |                       [01;36m[K^~~~~~~~~~~~~~~~~~~~~~[m[K
[33m[01m[Ksrc/esphome/components/pn7160/pn7160.h:291:44:[m[K [01;31m[Kerror: [m[K'[01m[KNFCC_DEFAULT_TIMEOUT[m[K' was not declared in this scope; did you mean '[01m[Kesphome::pn7160::NFCC_DEFAULT_TIMEOUT[m[K'?
[0m[33m  291 |   uint8_t wait_for_irq_(uint16_t timeout = [01;31m[KNFCC_DEFAULT_TIMEOUT[m[K, bool pin_state = true);
[0m      |                                            [01;31m[K^~~~~~~~~~~~~~~~~~~~[m[K
[33m      |                                            [32m[Kesphome::pn7160::NFCC_DEFAULT_TIMEOUT[m[K
[0m[33m[01m[Ksrc/esphome/components/pn7160/pn7160.h:46:23:[m[K [01;36m[Knote: [m[K'[01m[Kesphome::pn7160::NFCC_DEFAULT_TIMEOUT[m[K' declared here
[0m[33m   46 | static const uint16_t [01;36m[KNFCC_DEFAULT_TIMEOUT[m[K = 10;
[0m      |                       [01;36m[K^~~~~~~~~~~~~~~~~~~~[m[K
[33m[01m[Ksrc/esphome/components/pn7160/pn7160.cpp:266:7:[m[K [01;31m[Kerror: [m[Kinvalid use of '[01m[Kthis[m[K' in non-member function
[0m[33m  266 |   if ([01;31m[Kthis[m[K->read_nfcc(rx, NFCC_INIT_TIMEOUT) != nfc::STATUS_OK) {
[0m[33m      |       [01;31m[K^~~~[m[K
[0m[33m[01m[Ksrc/esphome/components/pn7160/pn7160_mifare_classic.cpp:319:14:[m[K [01;31m[Kerror: [m[K'[01m[KTAG[m[K' was not declared in this scope; did you mean '[01m[Kesphome::pn7160::TAG[m[K'?
[0m[33m  319 |     ESP_LOGE([01;31m[KTAG[m[K, "Sending halt XCHG_DATA_REQ failed");
[0m[33m      |              [01;31m[K^~~[m[K
[0m[33m[01m[Ksrc/esphome/core/log.h:127:55:[m[K [01;36m[Knote: [m[Kin definition of macro '[01m[Kesph_log_e[m[K'
[0m[33m  127 |   ::esphome::esp_log_printf_(ESPHOME_LOG_LEVEL_ERROR, [01;36m[Ktag[m[K, __LINE__, ESPHOME_LOG_FORMAT(format), ##__VA_ARGS__)
[0m[33m      |                                                       [01;36m[K^~~[m[K
[0m[33m[01m[Ksrc/esphome/components/pn7160/pn7160_mifare_classic.cpp:319:5:[m[K [01;36m[Knote: [m[Kin expansion of macro '[01m[KESP_LOGE[m[K'
[0m[33m  319 |     [01;36m[KESP_LOGE[m[K(TAG, "Sending halt XCHG_DATA_REQ failed");
[0m      |     [01;36m[K^~~~~~~~[m[K
[33m[01m[Ksrc/esphome/components/pn7160/pn7160.cpp:267:14:[m[K [01;31m[Kerror: [m[K'[01m[KTAG[m[K' was not declared in this scope; did you mean '[01m[Kesphome::pn7160::TAG[m[K'?
[0m[33m  267 |     ESP_LOGE([01;31m[KTAG[m[K, "Reset notification was not received");
[0m[33m      |              [01;31m[K^~~[m[K
[0m[33m[01m[Ksrc/esphome/core/log.h:127:55:[m[K [01;36m[Knote: [m[Kin definition of macro '[01m[Kesph_log_e[m[K'
[0m[33m  127 |   ::esphome::esp_log_printf_(ESPHOME_LOG_LEVEL_ERROR, [01;36m[Ktag[m[K, __LINE__, ESPHOME_LOG_FORMAT(format), ##__VA_ARGS__)
[0m[33m      |                                                       [01;36m[K^~~[m[K
[0m[33m[01m[Ksrc/esphome/components/pn7160/pn7160.cpp:267:5:[m[K [01;36m[Knote: [m[Kin expansion of macro '[01m[KESP_LOGE[m[K'
[0m[33m  267 |     [01;36m[KESP_LOGE[m[K(TAG, "Reset notification was not received");
[0m      |     [01;36m[K^~~~~~~~[m[K
[33m[01m[Ksrc/esphome/components/pn7160/pn7160.cpp:13:26:[m[K [01;36m[Knote: [m[K'[01m[Kesphome::pn7160::TAG[m[K' declared here
[0m[33m   13 | static const char *const [01;36m[KTAG[m[K = "pn7160";
[0m[33m      |                          [01;36m[K^~~[m[K
[0m[33m[01m[Ksrc/esphome/components/pn7160/pn7160_mifare_classic.cpp:9:26:[m[K [01;36m[Knote: [m[K'[01m[Kesphome::pn7160::TAG[m[K' declared here
[0m[33m    9 | static const char *const [01;36m[KTAG[m[K = "pn7160.mifare_classic";
[0m[33m      |                          [01;36m[K^~~[m[K
[0m[33m[01m[Ksrc/esphome/components/pn7160/pn7160.cpp:275:14:[m[K [01;31m[Kerror: [m[K'[01m[KTAG[m[K' was not declared in this scope; did you mean '[01m[Kesphome::pn7160::TAG[m[K'?
[0m[33m  275 |     ESP_LOGE([01;31m[KTAG[m[K, "Reset notification was malformed: %s", nfc::format_bytes_to(buf, rx.get_message()));
[0m[33m      |              [01;31m[K^~~[m[K
[0m[33m[01m[Ksrc/esphome/core/log.h:127:55:[m[K [01;36m[Knote: [m[Kin definition of macro '[01m[Kesph_log_e[m[K'
[0m[33m  127 |   ::esphome::esp_log_printf_(ESPHOME_LOG_LEVEL_ERROR, [01;36m[Ktag[m[K, __LINE__, ESPHOME_LOG_FORMAT(format), ##__VA_ARGS__)
[0m[33m      |                                                       [01;36m[K^~~[m[K
[0m[33m[01m[Ksrc/esphome/components/pn7160/pn7160.cpp:275:5:[m[K [01;36m[Knote: [m[Kin expansion of macro '[01m[KESP_LOGE[m[K'
[0m[33m  275 |     [01;36m[KESP_LOGE[m[K(TAG, "Reset notification was malformed: %s", nfc::format_bytes_to(buf, rx.get_message()));
[0m      |     [01;36m[K^~~~~~~~[m[K
[33m[01m[Ksrc/esphome/components/pn7160/pn7160.cpp:13:26:[m[K [01;36m[Knote: [m[K'[01m[Kesphome::pn7160::TAG[m[K' declared here
[0m[33m   13 | static const char *const [01;36m[KTAG[m[K = "pn7160";
[0m[33m      |                          [01;36m[K^~~[m[K
[0m[33m[01m[Ksrc/esphome/components/pn7160/pn7160.cpp:279:12:[m[K [01;31m[Kerror: [m[K'[01m[KTAG[m[K' was not declared in this scope; did you mean '[01m[Kesphome::pn7160::TAG[m[K'?
[0m[33m  279 |   ESP_LOGD([01;31m[KTAG[m[K,
[0m[33m      |            [01;31m[K^~~[m[K
[0m[33m[01m[Ksrc/esphome/core/log.h:96:55:[m[K [01;36m[Knote: [m[Kin definition of macro '[01m[Kesph_log_d[m[K'
[0m[33m   96 |   ::esphome::esp_log_printf_(ESPHOME_LOG_LEVEL_DEBUG, [01;36m[Ktag[m[K, __LINE__, ESPHOME_LOG_FORMAT(format), ##__VA_ARGS__)
[0m[33m      |                                                       [01;36m[K^~~[m[K
[0m[33m[01m[Ksrc/esphome/components/pn7160/pn7160.cpp:279:3:[m[K [01;36m[Knote: [m[Kin expansion of macro '[01m[KESP_LOGD[m[K'
[0m[33m  279 |   [01;36m[KESP_LOGD[m[K(TAG,
[0m      |   [01;36m[K^~~~~~~~[m[K
[33m[01m[Ksrc/esphome/components/pn7160/pn7160.cpp:13:26:[m[K [01;36m[Knote: [m[K'[01m[Kesphome::pn7160::TAG[m[K' declared here
[0m[33m   13 | static const char *const [01;36m[KTAG[m[K = "pn7160";
[0m[33m      |                          [01;36m[K^~~[m[K
[0m[33m[01m[Ksrc/esphome/components/pn7160/pn7160.cpp:[m[K At global scope:
[0m[33m[01m[Ksrc/esphome/components/pn7160/pn7160.cpp:292:9:[m[K [01;31m[Kerror: [m[K'[01m[KPN7160[m[K' has not been declared
[0m[33m  292 | uint8_t [01;31m[KPN7160[m[K::init_core_() {
[0m      |         [01;31m[K^~~~~~[m[K
[33m[01m[Ksrc/esphome/components/pn7160/pn7160.h:[m[K In member function '[01m[Kvoid esphome::pn7160::PN7160::[01;32m[Kset_sensitivity[m[K(int)[m[K':
[0m[33m[01m[Ksrc/esphome/components/pn7160/pn7160.h:201:63:[m[K [01;31m[Kerror: [m[K'[01m[Kclass esphome::pn7160::PN7160[m[K' has no member named '[01m[Ksensitivity_[m[K'; did you mean '[01m[Kset_sensitivity[m[K'?
[0m[33m  201 |   void set_sensitivity(PN7160Sensitivity sensitivity) { this->[01;31m[Ksensitivity_[m[K = sensitivity; }
[0m      |                                                               [01;31m[K^~~~~~~~~~~~[m[K
[33m      |                                                               [32m[Kset_sensitivity[m[K
[0m[33m[01m[Ksrc/esphome/components/pn7160/pn7160.cpp:[m[K In function '[01m[Kuint8_t esphome::nfc::[01;32m[Kinit_core_[m[K()[m[K':
[0m[33m[01m[Ksrc/esphome/components/pn7160/pn7160.cpp:296:7:[m[K [01;31m[Kerror: [m[Kinvalid use of '[01m[Kthis[m[K' in non-member function
[0m[33m  296 |   if ([01;31m[Kthis[m[K->transceive_(tx, rx) != nfc::STATUS_OK) {
[0m[33m      |       [01;31m[K^~~~[m[K
[0m[33m[01m[Ksrc/esphome/components/pn7160/pn7160.cpp:297:14:[m[K [01;31m[Kerror: [m[K'[01m[KTAG[m[K' was not declared in this scope; did you mean '[01m[Kesphome::pn7160::TAG[m[K'?
[0m[33m  297 |     ESP_LOGE([01;31m[KTAG[m[K, "Error sending initialise command");
[0m[33m      |              [01;31m[K^~~[m[K
[0m[33m[01m[Ksrc/esphome/core/log.h:127:55:[m[K [01;36m[Knote: [m[Kin definition of macro '[01m[Kesph_log_e[m[K'
[0m[33m  127 |   ::esphome::esp_log_printf_(ESPHOME_LOG_LEVEL_ERROR, [01;36m[Ktag[m[K, __LINE__, ESPHOME_LOG_FORMAT(format), ##__VA_ARGS__)
[0m[33m      |                                                       [01;36m[K^~~[m[K
[0m[33m[01m[Ksrc/esphome/components/pn7160/pn7160.cpp:297:5:[m[K [01;36m[Knote: [m[Kin expansion of macro '[01m[KESP_LOGE[m[K'
[0m[33m  297 |     [01;36m[KESP_LOGE[m[K(TAG, "Error sending initialise command");
[0m      |     [01;36m[K^~~~~~~~[m[K
[33m[01m[Ksrc/esphome/components/pn7160/pn7160.cpp:13:26:[m[K [01;36m[Knote: [m[K'[01m[Kesphome::pn7160::TAG[m[K' declared here
[0m[33m   13 | static const char *const [01;36m[KTAG[m[K = "pn7160";
[0m[33m      |                          [01;36m[K^~~[m[K
[0m[33m[01m[Ksrc/esphome/components/pn7160/pn7160.cpp:303:14:[m[K [01;31m[Kerror: [m[K'[01m[KTAG[m[K' was not declared in this scope; did you mean '[01m[Kesphome::pn7160::TAG[m[K'?
[0m[33m  303 |     ESP_LOGE([01;31m[KTAG[m[K, "Invalid initialise response: %s", nfc::format_bytes_to(buf, rx.get_message()));
[0m[33m      |              [01;31m[K^~~[m[K
[0m[33m[01m[Ksrc/esphome/core/log.h:127:55:[m[K [01;36m[Knote: [m[Kin definition of macro '[01m[Kesph_log_e[m[K'
[0m[33m  127 |   ::esphome::esp_log_printf_(ESPHOME_LOG_LEVEL_ERROR, [01;36m[Ktag[m[K, __LINE__, ESPHOME_LOG_FORMAT(format), ##__VA_ARGS__)
[0m[33m      |                                                       [01;36m[K^~~[m[K
[0m[33m[01m[Ksrc/esphome/components/pn7160/pn7160.cpp:303:5:[m[K [01;36m[Knote: [m[Kin expansion of macro '[01m[KESP_LOGE[m[K'
[0m[33m  303 |     [01;36m[KESP_LOGE[m[K(TAG, "Invalid initialise response: %s", nfc::format_bytes_to(buf, rx.get_message()));
[0m      |     [01;36m[K^~~~~~~~[m[K
[33m[01m[Ksrc/esphome/components/pn7160/pn7160.cpp:13:26:[m[K [01;36m[Knote: [m[K'[01m[Kesphome::pn7160::TAG[m[K' declared here
[0m[33m   13 | static const char *const [01;36m[KTAG[m[K = "pn7160";
[0m[33m      |                          [01;36m[K^~~[m[K
[0m[33m[01m[Ksrc/esphome/components/pn7160/pn7160.cpp:314:12:[m[K [01;31m[Kerror: [m[K'[01m[KTAG[m[K' was not declared in this scope; did you mean '[01m[Kesphome::pn7160::TAG[m[K'?
[0m[33m  314 |   ESP_LOGD([01;31m[KTAG[m[K,
[0m[33m      |            [01;31m[K^~~[m[K
[0m[33m[01m[Ksrc/esphome/core/log.h:96:55:[m[K [01;36m[Knote: [m[Kin definition of macro '[01m[Kesph_log_d[m[K'
[0m[33m   96 |   ::esphome::esp_log_printf_(ESPHOME_LOG_LEVEL_DEBUG, [01;36m[Ktag[m[K, __LINE__, ESPHOME_LOG_FORMAT(format), ##__VA_ARGS__)
[0m[33m      |                                                       [01;36m[K^~~[m[K
[0m[33m[01m[Ksrc/esphome/components/pn7160/pn7160.cpp:314:3:[m[K [01;36m[Knote: [m[Kin expansion of macro '[01m[KESP_LOGD[m[K'
[0m[33m  314 |   [01;36m[KESP_LOGD[m[K(TAG,
[0m      |   [01;36m[K^~~~~~~~[m[K
[33m[01m[Ksrc/esphome/components/pn7160/pn7160.cpp:13:26:[m[K [01;36m[Knote: [m[K'[01m[Kesphome::pn7160::TAG[m[K' declared here
[0m[33m   13 | static const char *const [01;36m[KTAG[m[K = "pn7160";
[0m[33m      |                          [01;36m[K^~~[m[K
[0m[33m[01m[Ksrc/esphome/components/pn7160/pn7160.cpp:[m[K At global scope:
[0m[33m[01m[Ksrc/esphome/components/pn7160/pn7160.cpp:326:9:[m[K [01;31m[Kerror: [m[K'[01m[KPN7160[m[K' has not been declared
[0m[33m  326 | uint8_t [01;31m[KPN7160[m[K::send_init_config_() {
[0m      |         [01;31m[K^~~~~~[m[K
[33m[01m[Ksrc/esphome/components/pn7160/pn7160.cpp:[m[K In function '[01m[Kuint8_t esphome::nfc::[01;32m[Ksend_init_config_[m[K()[m[K':
[0m[33m[01m[Ksrc/esphome/components/pn7160/pn7160.cpp:330:7:[m[K [01;31m[Kerror: [m[Kinvalid use of '[01m[Kthis[m[K' in non-member function
[0m[33m  330 |   if ([01;31m[Kthis[m[K->transceive_(tx, rx) != nfc::STATUS_OK) {
[0m[33m      |       [01;31m[K^~~~[m[K
[0m[33m[01m[Ksrc/esphome/components/pn7160/pn7160.cpp:331:14:[m[K [01;31m[Kerror: [m[K'[01m[KTAG[m[K' was not declared in this scope; did you mean '[01m[Kesphome::pn7160::TAG[m[K'?
[0m[33m  331 |     ESP_LOGE([01;31m[KTAG[m[K, "Error enabling proprietary extensions");
[0m[33m      |              [01;31m[K^~~[m[K
[0m[33m[01m[Ksrc/esphome/core/log.h:127:55:[m[K [01;36m[Knote: [m[Kin definition of macro '[01m[Kesph_log_e[m[K'
[0m[33m  127 |   ::esphome::esp_log_printf_(ESPHOME_LOG_LEVEL_ERROR, [01;36m[Ktag[m[K, __LINE__, ESPHOME_LOG_FORMAT(format), ##__VA_ARGS__)
[0m[33m      |                                                       [01;36m[K^~~[m[K
[0m[33m[01m[Ksrc/esphome/components/pn7160/pn7160.cpp:331:5:[m[K [01;36m[Knote: [m[Kin expansion of macro '[01m[KESP_LOGE[m[K'
[0m[33m  331 |     [01;36m[KESP_LOGE[m[K(TAG, "Error enabling proprietary extensions");
[0m      |     [01;36m[K^~~~~~~~[m[K
[33m[01m[Ksrc/esphome/components/pn7160/pn7160.cpp:13:26:[m[K [01;36m[Knote: [m[K'[01m[Kesphome::pn7160::TAG[m[K' declared here
[0m[33m   13 | static const char *const [01;36m[KTAG[m[K = "pn7160";
[0m[33m      |                          [01;36m[K^~~[m[K
[0m[33m[01m[Ksrc/esphome/components/pn7160/pn7160.cpp:336:50:[m[K [01;31m[Kerror: [m[K'[01m[KPMU_CFG[m[K' was not declared in this scope; did you mean '[01m[Kesphome::pn7160::PMU_CFG[m[K'?
[0m[33m  336 |                  std::vector<uint8_t>(std::begin([01;31m[KPMU_CFG[m[K), std::end(PMU_CFG)));
[0m      |                                                  [01;31m[K^~~~~~~[m[K
[33m      |                                                  [32m[Kesphome::pn7160::PMU_CFG[m[K
[0m[33m[01m[Ksrc/esphome/components/pn7160/pn7160.h:87:22:[m[K [01;36m[Knote: [m[K'[01m[Kesphome::pn7160::PMU_CFG[m[K' declared here
[0m[33m   87 | static const uint8_t [01;36m[KPMU_CFG[m[K[] = {
[0m      |                      [01;36m[K^~~~~~~[m[K
[33m[01m[Ksrc/esphome/components/pn7160/pn7160.cpp:338:7:[m[K [01;31m[Kerror: [m[Kinvalid use of '[01m[Kthis[m[K' in non-member function
[0m[33m  338 |   if ([01;31m[Kthis[m[K->transceive_(tx, rx) != nfc::STATUS_OK) {
[0m[33m      |       [01;31m[K^~~~[m[K
[0m[33m[01m[Ksrc/esphome/components/pn7160/pn7160.cpp:339:14:[m[K [01;31m[Kerror: [m[K'[01m[KTAG[m[K' was not declared in this scope; did you mean '[01m[Kesphome::pn7160::TAG[m[K'?
[0m[33m  339 |     ESP_LOGE([01;31m[KTAG[m[K, "Error sending PMU config");
[0m[33m      |              [01;31m[K^~~[m[K
[0m[33m[01m[Ksrc/esphome/core/log.h:127:55:[m[K [01;36m[Knote: [m[Kin definition of macro '[01m[Kesph_log_e[m[K'
[0m[33m  127 |   ::esphome::esp_log_printf_(ESPHOME_LOG_LEVEL_ERROR, [01;36m[Ktag[m[K, __LINE__, ESPHOME_LOG_FORMAT(format), ##__VA_ARGS__)
[0m[33m      |                                                       [01;36m[K^~~[m[K
[0m[33m[01m[Ksrc/esphome/components/pn7160/pn7160.cpp:339:5:[m[K [01;36m[Knote: [m[Kin expansion of macro '[01m[KESP_LOGE[m[K'
[0m[33m  339 |     [01;36m[KESP_LOGE[m[K(TAG, "Error sending PMU config");
[0m      |     [01;36m[K^~~~~~~~[m[K
[33m[01m[Ksrc/esphome/components/pn7160/pn7160.cpp:13:26:[m[K [01;36m[Knote: [m[K'[01m[Kesphome::pn7160::TAG[m[K' declared here
[0m[33m   13 | static const char *const [01;36m[KTAG[m[K = "pn7160";
[0m[33m      |                          [01;36m[K^~~[m[K
[0m[33m[01m[Ksrc/esphome/components/pn7160/pn7160.cpp:343:7:[m[K [01;31m[Kerror: [m[Kinvalid use of '[01m[Kthis[m[K' in non-member function
[0m[33m  343 |   if ([01;31m[Kthis[m[K->send_rf_config_() != nfc::STATUS_OK) {
[0m[33m      |       [01;31m[K^~~~[m[K
[0m[33m[01m[Ksrc/esphome/components/pn7160/pn7160.cpp:344:14:[m[K [01;31m[Kerror: [m[K'[01m[KTAG[m[K' was not declared in this scope; did you mean '[01m[Kesphome::pn7160::TAG[m[K'?
[0m[33m  344 |     ESP_LOGE([01;31m[KTAG[m[K, "Error sending RF config");
[0m[33m      |              [01;31m[K^~~[m[K
[0m[33m[01m[Ksrc/esphome/core/log.h:127:55:[m[K [01;36m[Knote: [m[Kin definition of macro '[01m[Kesph_log_e[m[K'
[0m[33m  127 |   ::esphome::esp_log_printf_(ESPHOME_LOG_LEVEL_ERROR, [01;36m[Ktag[m[K, __LINE__, ESPHOME_LOG_FORMAT(format), ##__VA_ARGS__)
[0m[33m      |                                                       [01;36m[K^~~[m[K
[0m[33m[01m[Ksrc/esphome/components/pn7160/pn7160.cpp:344:5:[m[K [01;36m[Knote: [m[Kin expansion of macro '[01m[KESP_LOGE[m[K'
[0m[33m  344 |     [01;36m[KESP_LOGE[m[K(TAG, "Error sending RF config");
[0m      |     [01;36m[K^~~~~~~~[m[K
[33m[01m[Ksrc/esphome/components/pn7160/pn7160.cpp:13:26:[m[K [01;36m[Knote: [m[K'[01m[Kesphome::pn7160::TAG[m[K' declared here
[0m[33m   13 | static const char *const [01;36m[KTAG[m[K = "pn7160";
[0m[33m      |                          [01;36m[K^~~[m[K
[0m[33m[01m[Ksrc/esphome/components/pn7160/pn7160.cpp:348:10:[m[K [01;31m[Kerror: [m[Kinvalid use of '[01m[Kthis[m[K' in non-member function
[0m[33m  348 |   return [01;31m[Kthis[m[K->send_core_config_();
[0m[33m      |          [01;31m[K^~~~[m[K
[0m[33m[01m[Ksrc/esphome/components/pn7160/pn7160.cpp:[m[K At global scope:
[0m[33m[01m[Ksrc/esphome/components/pn7160/pn7160.cpp:351:9:[m[K [01;31m[Kerror: [m[K'[01m[KPN7160[m[K' has not been declared
[0m[33m  351 | uint8_t [01;31m[KPN7160[m[K::send_rf_config_() {
[0m      |         [01;31m[K^~~~~~[m[K
[33m[01m[Ksrc/esphome/components/pn7160/pn7160.cpp:[m[K In function '[01m[Kuint8_t esphome::nfc::[01;32m[Ksend_rf_config_[m[K()[m[K':
[0m[33m[01m[Ksrc/esphome/components/pn7160/pn7160.cpp:352:7:[m[K [01;31m[Kerror: [m[Kinvalid use of '[01m[Kthis[m[K' in non-member function
[0m[33m  352 |   if ([01;31m[Kthis[m[K->sensitivity_ == PN7160_SENSITIVITY_HIGH) {
[0m[33m      |       [01;31m[K^~~~[m[K
[0m[33m[01m[Ksrc/esphome/components/pn7160/pn7160.cpp:352:29:[m[K [01;31m[Kerror: [m[K'[01m[KPN7160_SENSITIVITY_HIGH[m[K' was not declared in this scope; did you mean '[01m[Kesphome::pn7160::PN7160_SENSITIVITY_HIGH[m[K'?
[0m[33m  352 |   if (this->sensitivity_ == [01;31m[KPN7160_SENSITIVITY_HIGH[m[K) {
[0m      |                             [01;31m[K^~~~~~~~~~~~~~~~~~~~~~~[m[K
[33m      |                             [32m[Kesphome::pn7160::PN7160_SENSITIVITY_HIGH[m[K
[0m[33m[01m[Ksrc/esphome/components/pn7160/pn7160.h:43:3:[m[K [01;36m[Knote: [m[K'[01m[Kesphome::pn7160::PN7160_SENSITIVITY_HIGH[m[K' declared here
[0m[33m   43 |   [01;36m[KPN7160_SENSITIVITY_HIGH[m[K,
[0m      |   [01;36m[K^~~~~~~~~~~~~~~~~~~~~~~[m[K
[33mIn file included from [01m[Ksrc/esphome/components/i2c/i2c.h:7[m[K,
[0m[33m                 from [01m[Ksrc/esphome/components/pn7160_i2c/pn7160_i2c.h:5[m[K:
[0m[33m[01m[Ksrc/esphome/components/i2c/i2c_bus.h:[m[K At global scope:
[0m[33m[01m[Ksrc/esphome/components/i2c/i2c_bus.h:58:11:[m[K [01;31m[Kerror: [m[K'[01m[KErrorCode[m[K' does not name a type
[0m[33m   58 |   virtual [01;31m[KErrorCode[m[K write_readv(uint8_t address, const uint8_t *write_buffer, size_t write_count, uint8_t *read_buffer,
[0m      |           [01;31m[K^~~~~~~~~[m[K
[33m[01m[Ksrc/esphome/components/pn7160/pn7160.cpp:369:14:[m[K [01;31m[Kerror: [m[K'[01m[KTAG[m[K' was not declared in this scope; did you mean '[01m[Kesphome::pn7160::TAG[m[K'?
[0m[33m  369 |     ESP_LOGD([01;31m[KTAG[m[K, "Setting High Sensitivity (MIN_LEVEL=2)");
[0m[33m      |              [01;31m[K^~~[m[K
[0m[33m[01m[Ksrc/esphome/core/log.h:96:55:[m[K [01;36m[Knote: [m[Kin definition of macro '[01m[Kesph_log_d[m[K'
[0m[33m   96 |   ::esphome::esp_log_printf_(ESPHOME_LOG_LEVEL_DEBUG, [01;36m[Ktag[m[K, __LINE__, ESPHOME_LOG_FORMAT(format), ##__VA_ARGS__)
[0m[33m      |                                                       [01;36m[K^~~[m[K
[0m[33m[01m[Ksrc/esphome/components/pn7160/pn7160.cpp:369:5:[m[K [01;36m[Knote: [m[Kin expansion of macro '[01m[KESP_LOGD[m[K'
[0m[33m  369 |     [01;36m[KESP_LOGD[m[K(TAG, "Setting High Sensitivity (MIN_LEVEL=2)");
[0m      |     [01;36m[K^~~~~~~~[m[K
[33m[01m[Ksrc/esphome/components/pn7160/pn7160.cpp:13:26:[m[K [01;36m[Knote: [m[K'[01m[Kesphome::pn7160::TAG[m[K' declared here
[0m[33m   13 | static const char *const [01;36m[KTAG[m[K = "pn7160";
[0m[33m      |                          [01;36m[K^~~[m[K
[0m[33m[01m[Ksrc/esphome/components/i2c/i2c_bus.h:63:3:[m[K [01;31m[Kerror: [m[K'[01m[KErrorCode[m[K' does not name a type
[0m[33m   63 |   [01;31m[KErrorCode[m[K read(uint8_t address, uint8_t *buffer, size_t len) {
[0m      |   [01;31m[K^~~~~~~~~[m[K
[33m[01m[Ksrc/esphome/components/pn7160/pn7160.cpp:370:9:[m[K [01;31m[Kerror: [m[Kinvalid use of '[01m[Kthis[m[K' in non-member function
[0m[33m  370 |     if ([01;31m[Kthis[m[K->transceive_(tx, rx) != nfc::STATUS_OK) {
[0m[33m      |         [01;31m[K^~~~[m[K
[0m[33m[01m[Ksrc/esphome/components/pn7160/pn7160.cpp:376:8:[m[K [01;31m[Kerror: [m[Kinvalid use of '[01m[Kthis[m[K' in non-member function
[0m[33m  376 |   if (![01;31m[Kthis[m[K->proprietary_config_.empty()) {
[0m[33m      |        [01;31m[K^~~~[m[K
[0m[33m[01m[Ksrc/esphome/components/pn7160/pn7160.cpp:379:24:[m[K [01;31m[Kerror: [m[Kinvalid use of '[01m[Kthis[m[K' in non-member function
[0m[33m  379 |                        [01;31m[Kthis[m[K->proprietary_config_);
[0m[33m      |                        [01;31m[K^~~~[m[K
[0m[33m[01m[Ksrc/esphome/components/pn7160/pn7160.cpp:381:14:[m[K [01;31m[Kerror: [m[K'[01m[KTAG[m[K' was not declared in this scope; did you mean '[01m[Kesphome::pn7160::TAG[m[K'?
[0m[33m  381 |     ESP_LOGD([01;31m[KTAG[m[K, "Sending proprietary config (%u bytes)", this->proprietary_config_.size());
[0m[33m      |              [01;31m[K^~~[m[K
[0m[33m[01m[Ksrc/esphome/core/log.h:96:55:[m[K [01;36m[Knote: [m[Kin definition of macro '[01m[Kesph_log_d[m[K'
[0m[33m   96 |   ::esphome::esp_log_printf_(ESPHOME_LOG_LEVEL_DEBUG, [01;36m[Ktag[m[K, __LINE__, ESPHOME_LOG_FORMAT(format), ##__VA_ARGS__)
[0m[33m      |                                                       [01;36m[K^~~[m[K
[0m[33m[01m[Ksrc/esphome/components/pn7160/pn7160.cpp:381:5:[m[K [01;36m[Knote: [m[Kin expansion of macro '[01m[KESP_LOGD[m[K'
[0m[33m  381 |     [01;36m[KESP_LOGD[m[K(TAG, "Sending proprietary config (%u bytes)", this->proprietary_config_.size());
[0m      |     [01;36m[K^~~~~~~~[m[K
[33m[01m[Ksrc/esphome/components/pn7160/pn7160.cpp:13:26:[m[K [01;36m[Knote: [m[K'[01m[Kesphome::pn7160::TAG[m[K' declared here
[0m[33m   13 | static const char *const [01;36m[KTAG[m[K = "pn7160";
[0m[33m      |                          [01;36m[K^~~[m[K
[0m[33m[01m[Ksrc/esphome/components/pn7160/pn7160.cpp:381:60:[m[K [01;31m[Kerror: [m[Kinvalid use of '[01m[Kthis[m[K' in non-member function
[0m[33m  381 |     ESP_LOGD(TAG, "Sending proprietary config (%u bytes)", [01;31m[Kthis[m[K->proprietary_config_.size());
[0m[33m      |                                                            [01;31m[K^~~~[m[K
[0m[33m[01m[Ksrc/esphome/core/log.h:96:100:[m[K [01;36m[Knote: [m[Kin definition of macro '[01m[Kesph_log_d[m[K'
[0m[33m   96 |   ::esphome::esp_log_printf_(ESPHOME_LOG_LEVEL_DEBUG, tag, __LINE__, ESPHOME_LOG_FORMAT(format), ##[01;36m[K__VA_ARGS__[m[K)
[0m      |                                                                                                    [01;36m[K^~~~~~~~~~~[m[K
[33m[01m[Ksrc/esphome/components/pn7160/pn7160.cpp:381:5:[m[K [01;36m[Knote: [m[Kin expansion of macro '[01m[KESP_LOGD[m[K'
[0m[33m  381 |     [01;36m[KESP_LOGD[m[K(TAG, "Sending proprietary config (%u bytes)", this->proprietary_config_.size());
[0m      |     [01;36m[K^~~~~~~~[m[K
[33m[01m[Ksrc/esphome/components/pn7160/pn7160.cpp:382:9:[m[K [01;31m[Kerror: [m[Kinvalid use of '[01m[Kthis[m[K' in non-member function
[0m[33m  382 |     if ([01;31m[Kthis[m[K->transceive_(tx, rx) != nfc::STATUS_OK) {
[0m[33m      |         [01;31m[K^~~~[m[K
[0m[33m[01m[Ksrc/esphome/components/pn7160/pn7160.cpp:[m[K At global scope:
[0m[33m[01m[Ksrc/esphome/components/pn7160/pn7160.cpp:391:9:[m[K [01;31m[Kerror: [m[K'[01m[KPN7160[m[K' has not been declared
[0m[33m  391 | uint8_t [01;31m[KPN7160[m[K::send_core_config_() {
[0m      |         [01;31m[K^~~~~~[m[K
[33m[01m[Ksrc/esphome/components/pn7160/pn7160.cpp:[m[K In function '[01m[Kuint8_t esphome::nfc::[01;32m[Ksend_core_config_[m[K()[m[K':
[0m[33m[01m[Ksrc/esphome/components/pn7160/pn7160.cpp:392:46:[m[K [01;31m[Kerror: [m[K'[01m[KCORE_CONFIG_SOLO[m[K' was not declared in this scope; did you mean '[01m[Kesphome::pn7160::CORE_CONFIG_SOLO[m[K'?
[0m[33m  392 |   const auto *core_config_begin = std::begin([01;31m[KCORE_CONFIG_SOLO[m[K);
[0m      |                                              [01;31m[K^~~~~~~~~~~~~~~~[m[K
[33m      |                                              [32m[Kesphome::pn7160::CORE_CONFIG_SOLO[m[K
[0m[33m[01m[Ksrc/esphome/components/pn7160/pn7160.h:75:22:[m[K [01;36m[Knote: [m[K'[01m[Kesphome::pn7160::CORE_CONFIG_SOLO[m[K' declared here
[0m[33m   75 | static const uint8_t [01;36m[KCORE_CONFIG_SOLO[m[K[] = {0x01,   // Number of parameter fields
[0m      |                      [01;36m[K^~~~~~~~~~~~~~~~[m[K
[33m[01m[Ksrc/esphome/components/pn7160/pn7160.cpp:394:3:[m[K [01;31m[Kerror: [m[Kinvalid use of '[01m[Kthis[m[K' in non-member function
[0m[33m  394 |   [01;31m[Kthis[m[K->core_config_is_solo_ = true;
[0m[33m      |   [01;31m[K^~~~[m[K
[0m[33m[01m[Ksrc/esphome/components/pn7160/pn7160.cpp:396:7:[m[K [01;31m[Kerror: [m[Kinvalid use of '[01m[Kthis[m[K' in non-member function
[0m[33m  396 |   if ([01;31m[Kthis[m[K->listening_enabled_ && this->polling_enabled_) {
[0m[33m      |       [01;31m[K^~~~[m[K
[0m[33m[01m[Ksrc/esphome/components/pn7160/pn7160.cpp:396:35:[m[K [01;31m[Kerror: [m[Kinvalid use of '[01m[Kthis[m[K' in non-member function
[0m[33m  396 |   if (this->listening_enabled_ && [01;31m[Kthis[m[K->polling_enabled_) {
[0m[33m      |                                   [01;31m[K^~~~[m[K
[0m[33m[01m[Ksrc/esphome/components/pn7160/pn7160.cpp:397:36:[m[K [01;31m[Kerror: [m[K'[01m[KCORE_CONFIG_RW_CE[m[K' was not declared in this scope; did you mean '[01m[Kesphome::pn7160::CORE_CONFIG_RW_CE[m[K'?
[0m[33m  397 |     core_config_begin = std::begin([01;31m[KCORE_CONFIG_RW_CE[m[K);
[0m      |                                    [01;31m[K^~~~~~~~~~~~~~~~~[m[K
[33m      |                                    [32m[Kesphome::pn7160::CORE_CONFIG_RW_CE[m[K
[0m[33m[01m[Ksrc/esphome/components/pn7160/pn7160.h:81:22:[m[K [01;36m[Knote: [m[K'[01m[Kesphome::pn7160::CORE_CONFIG_RW_CE[m[K' declared here
[0m[33m   81 | static const uint8_t [01;36m[KCORE_CONFIG_RW_CE[m[K[] = {0x01,   // Number of parameter fields
[0m      |                      [01;36m[K^~~~~~~~~~~~~~~~~[m[K
[33m[01m[Ksrc/esphome/components/pn7160/pn7160.cpp:399:5:[m[K [01;31m[Kerror: [m[Kinvalid use of '[01m[Kthis[m[K' in non-member function
[0m[33m  399 |     [01;31m[Kthis[m[K->core_config_is_solo_ = false;
[0m[33m      |     [01;31m[K^~~~[m[K
[0m[33m[01m[Ksrc/esphome/components/pn7160/pn7160.cpp:406:7:[m[K [01;31m[Kerror: [m[Kinvalid use of '[01m[Kthis[m[K' in non-member function
[0m[33m  406 |   if ([01;31m[Kthis[m[K->transceive_(tx, rx) != nfc::STATUS_OK) {
[0m[33m      |       [01;31m[K^~~~[m[K
[0m[33m[01m[Ksrc/esphome/components/pn7160/pn7160.cpp:407:14:[m[K [01;31m[Kerror: [m[K'[01m[KTAG[m[K' was not declared in this scope; did you mean '[01m[Kesphome::pn7160::TAG[m[K'?
[0m[33m  407 |     ESP_LOGW([01;31m[KTAG[m[K, "Error sending core config");
[0m[33m      |              [01;31m[K^~~[m[K
[0m[33m[01m[Ksrc/esphome/core/log.h:118:54:[m[K [01;36m[Knote: [m[Kin definition of macro '[01m[Kesph_log_w[m[K'
[0m[33m  118 |   ::esphome::esp_log_printf_(ESPHOME_LOG_LEVEL_WARN, [01;36m[Ktag[m[K, __LINE__, ESPHOME_LOG_FORMAT(format), ##__VA_ARGS__)
[0m[33m      |                                                      [01;36m[K^~~[m[K
[0m[33m[01m[Ksrc/esphome/components/pn7160/pn7160.cpp:407:5:[m[K [01;36m[Knote: [m[Kin expansion of macro '[01m[KESP_LOGW[m[K'
[0m[33m  407 |     [01;36m[KESP_LOGW[m[K(TAG, "Error sending core config");
[0m      |     [01;36m[K^~~~~~~~[m[K
[33m[01m[Ksrc/esphome/components/pn7160/pn7160.cpp:13:26:[m[K [01;36m[Knote: [m[K'[01m[Kesphome::pn7160::TAG[m[K' declared here
[0m[33m   13 | static const char *const [01;36m[KTAG[m[K = "pn7160";
[0m[33m      |                          [01;36m[K^~~[m[K
[0m[33m[01m[Ksrc/esphome/components/pn7160/pn7160.cpp:[m[K At global scope:
[0m[33m[01m[Ksrc/esphome/components/pn7160/pn7160.cpp:414:9:[m[K [01;31m[Kerror: [m[K'[01m[KPN7160[m[K' has not been declared
[0m[33m  414 | uint8_t [01;31m[KPN7160[m[K::refresh_core_config_() {
[0m      |         [01;31m[K^~~~~~[m[K
[33m[01m[Ksrc/esphome/components/pn7160/pn7160.cpp:[m[K In function '[01m[Kuint8_t esphome::nfc::[01;32m[Krefresh_core_config_[m[K()[m[K':
[0m[33m[01m[Ksrc/esphome/components/pn7160/pn7160.cpp:415:39:[m[K [01;31m[Kerror: [m[Kinvalid use of '[01m[Kthis[m[K' in non-member function
[0m[33m  415 |   bool core_config_should_be_solo = !([01;31m[Kthis[m[K->listening_enabled_ && this->polling_enabled_);
[0m[33m      |                                       [01;31m[K^~~~[m[K
[0m[33m[01m[Ksrc/esphome/components/pn7160/pn7160.cpp:415:67:[m[K [01;31m[Kerror: [m[Kinvalid use of '[01m[Kthis[m[K' in non-member function
[0m[33m  415 |   bool core_config_should_be_solo = !(this->listening_enabled_ && [01;31m[Kthis[m[K->polling_enabled_);
[0m[33m      |                                                                   [01;31m[K^~~~[m[K
[0m[33m[01m[Ksrc/esphome/components/pn7160/pn7160.cpp:417:7:[m[K [01;31m[Kerror: [m[Kinvalid use of '[01m[Kthis[m[K' in non-member function
[0m[33m  417 |   if ([01;31m[Kthis[m[K->nci_state_ == NCIState::RFST_DISCOVERY) {
[0m[33m      |       [01;31m[K^~~~[m[K
[0m[33m[01m[Ksrc/esphome/components/pn7160/pn7160.cpp:417:27:[m[K [01;31m[Kerror: [m[K'[01m[KNCIState[m[K' has not been declared
[0m[33m  417 |   if (this->nci_state_ == [01;31m[KNCIState[m[K::RFST_DISCOVERY) {
[0m      |                           [01;31m[K^~~~~~~~[m[K
[33m[01m[Ksrc/esphome/components/pn7160/pn7160.cpp:418:9:[m[K [01;31m[Kerror: [m[Kinvalid use of '[01m[Kthis[m[K' in non-member function
[0m[33m  418 |     if ([01;31m[Kthis[m[K->stop_discovery_() != nfc::STATUS_OK) {
[0m[33m      |         [01;31m[K^~~~[m[K
[0m[33m[01m[Ksrc/esphome/components/pn7160/pn7160.cpp:419:7:[m[K [01;31m[Kerror: [m[Kinvalid use of '[01m[Kthis[m[K' in non-member function
[0m[33m  419 |       [01;31m[Kthis[m[K->nci_fsm_set_state_(NCIState::NFCC_RESET);
[0m[33m      |       [01;31m[K^~~~[m[K
[0m[33m[01m[Ksrc/esphome/components/pn7160/pn7160.cpp:419:32:[m[K [01;31m[Kerror: [m[K'[01m[KNCIState[m[K' has not been declared
[0m[33m  419 |       this->nci_fsm_set_state_([01;31m[KNCIState[m[K::NFCC_RESET);
[0m      |                                [01;31m[K^~~~~~~~[m[K
[33m[01m[Ksrc/esphome/components/pn7160/pn7160.cpp:422:5:[m[K [01;31m[Kerror: [m[Kinvalid use of '[01m[Kthis[m[K' in non-member function
[0m[33m  422 |     [01;31m[Kthis[m[K->nci_fsm_set_state_(NCIState::RFST_IDLE);
[0m[33m      |     [01;31m[K^~~~[m[K
[0m[33m[01m[Ksrc/esphome/components/pn7160/pn7160.cpp:422:30:[m[K [01;31m[Kerror: [m[K'[01m[KNCIState[m[K' has not been declared
[0m[33m  422 |     this->nci_fsm_set_state_([01;31m[KNCIState[m[K::RFST_IDLE);
[0m      |                              [01;31m[K^~~~~~~~[m[K
[33m[01m[Ksrc/esphome/components/pn7160/pn7160.cpp:425:7:[m[K [01;31m[Kerror: [m[Kinvalid use of '[01m[Kthis[m[K' in non-member function
[0m[33m  425 |   if ([01;31m[Kthis[m[K->core_config_is_solo_ != core_config_should_be_solo) {
[0m[33m      |       [01;31m[K^~~~[m[K
[0m[33m[01m[Ksrc/esphome/components/pn7160/pn7160.cpp:426:9:[m[K [01;31m[Kerror: [m[Kinvalid use of '[01m[Kthis[m[K' in non-member function
[0m[33m  426 |     if ([01;31m[Kthis[m[K->send_core_config_() != nfc::STATUS_OK) {
[0m[33m      |         [01;31m[K^~~~[m[K
[0m[33m[01m[Ksrc/esphome/components/pn7160/pn7160.cpp:431:3:[m[K [01;31m[Kerror: [m[Kinvalid use of '[01m[Kthis[m[K' in non-member function
[0m[33m  431 |   [01;31m[Kthis[m[K->config_refresh_pending_ = false;
[0m[33m      |   [01;31m[K^~~~[m[K
[0m[33m[01m[Ksrc/esphome/components/pn7160/pn7160.cpp:[m[K At global scope:
[0m[33m[01m[Ksrc/esphome/components/pn7160/pn7160.cpp:435:9:[m[K [01;31m[Kerror: [m[K'[01m[KPN7160[m[K' has not been declared
[0m[33m  435 | uint8_t [01;31m[KPN7160[m[K::set_discover_map_() {
[0m      |         [01;31m[K^~~~~~[m[K
[33m[01m[Ksrc/esphome/components/pn7160/pn7160.cpp:[m[K In function '[01m[Kuint8_t esphome::nfc::[01;32m[Kset_discover_map_[m[K()[m[K':
[0m[33m[01m[Ksrc/esphome/components/pn7160/pn7160.cpp:436:47:[m[K [01;31m[Kerror: [m[K'[01m[KRF_DISCOVER_MAP_CONFIG[m[K' was not declared in this scope; did you mean '[01m[Kesphome::pn7160::RF_DISCOVER_MAP_CONFIG[m[K'?
[0m[33m  436 |   std::vector<uint8_t> discover_map = {sizeof([01;31m[KRF_DISCOVER_MAP_CONFIG[m[K) / 3};
[0m      |                                               [01;31m[K^~~~~~~~~~~~~~~~~~~~~~[m[K
[33m      |                                               [32m[Kesphome::pn7160::RF_DISCOVER_MAP_CONFIG[m[K
[0m[33m[01m[Ksrc/esphome/components/pn7160/pn7160.h:106:22:[m[K [01;36m[Knote: [m[K'[01m[Kesphome::pn7160::RF_DISCOVER_MAP_CONFIG[m[K' declared here
[0m[33m  106 | static const uint8_t [01;36m[KRF_DISCOVER_MAP_CONFIG[m[K[] = {  // poll modes
[0m      |                      [01;36m[K^~~~~~~~~~~~~~~~~~~~~~[m[K
[33m[01m[Ksrc/esphome/components/pn7160/pn7160.cpp:436:74:[m[K [01;31m[Kerror: [m[Kcould not convert '[01m[K{<expression error>}[m[K' from '[01m[K<brace-enclosed initializer list>[m[K' to '[01m[Kstd::vector<unsigned char>[m[K'
[0m[33m  436 |   std::vector<uint8_t> discover_map = {sizeof(RF_DISCOVER_MAP_CONFIG) / 3[01;31m[K}[m[K;
[0m[33m      |                                                                          [01;31m[K^[m[K
[0m[33m      |                                                                          [01;31m[K|[m[K
[0m[33m      |                                                                          [01;31m[K<brace-enclosed initializer list>[m[K
[0m[33m[01m[Ksrc/esphome/components/pn7160/pn7160.cpp:442:7:[m[K [01;31m[Kerror: [m[Kinvalid use of '[01m[Kthis[m[K' in non-member function
[0m[33m  442 |   if ([01;31m[Kthis[m[K->transceive_(tx, rx) != nfc::STATUS_OK) {
[0m[33m      |       [01;31m[K^~~~[m[K
[0m[33m[01m[Ksrc/esphome/components/i2c/i2c_bus.h:67:3:[m[K [01;31m[Kerror: [m[K'[01m[KErrorCode[m[K' does not name a type
[0m[33m   67 |   [01;31m[KErrorCode[m[K write(uint8_t address, const uint8_t *buffer, size_t len, bool stop = true) {
[0m      |   [01;31m[K^~~~~~~~~[m[K
[33m[01m[Ksrc/esphome/components/pn7160/pn7160.cpp:443:14:[m[K [01;31m[Kerror: [m[K'[01m[KTAG[m[K' was not declared in this scope; did you mean '[01m[Kesphome::pn7160::TAG[m[K'?
[0m[33m  443 |     ESP_LOGE([01;31m[KTAG[m[K, "Error sending discover map poll config");
[0m[33m      |              [01;31m[K^~~[m[K
[0m[33m[01m[Ksrc/esphome/core/log.h:127:55:[m[K [01;36m[Knote: [m[Kin definition of macro '[01m[Kesph_log_e[m[K'
[0m[33m  127 |   ::esphome::esp_log_printf_(ESPHOME_LOG_LEVEL_ERROR, [01;36m[Ktag[m[K, __LINE__, ESPHOME_LOG_FORMAT(format), ##__VA_ARGS__)
[0m[33m      |                                                       [01;36m[K^~~[m[K
[0m[33m[01m[Ksrc/esphome/components/pn7160/pn7160.cpp:443:5:[m[K [01;36m[Knote: [m[Kin expansion of macro '[01m[KESP_LOGE[m[K'
[0m[33m  443 |     [01;36m[KESP_LOGE[m[K(TAG, "Error sending discover map poll config");
[0m      |     [01;36m[K^~~~~~~~[m[K
[33m[01m[Ksrc/esphome/components/pn7160/pn7160.cpp:13:26:[m[K [01;36m[Knote: [m[K'[01m[Kesphome::pn7160::TAG[m[K' declared here
[0m[33m   13 | static const char *const [01;36m[KTAG[m[K = "pn7160";
[0m[33m      |                          [01;36m[K^~~[m[K
[0m[33m[01m[Ksrc/esphome/components/pn7160/pn7160.cpp:[m[K At global scope:
[0m[33m[01m[Ksrc/esphome/components/pn7160/pn7160.cpp:449:9:[m[K [01;31m[Kerror: [m[K'[01m[KPN7160[m[K' has not been declared
[0m[33m  449 | uint8_t [01;31m[KPN7160[m[K::set_listen_mode_routing_() {
[0m      |         [01;31m[K^~~~~~[m[K
[33m[01m[Ksrc/esphome/components/pn7160/pn7160.cpp:[m[K In function '[01m[Kuint8_t esphome::nfc::[01;32m[Kset_listen_mode_routing_[m[K()[m[K':
[0m[33m[01m[Ksrc/esphome/components/pn7160/pn7160.cpp:453:39:[m[K [01;31m[Kerror: [m[K'[01m[KRF_LISTEN_MODE_ROUTING_CONFIG[m[K' was not declared in this scope; did you mean '[01m[Kesphome::pn7160::RF_LISTEN_MODE_ROUTING_CONFIG[m[K'?
[0m[33m  453 |       std::vector<uint8_t>(std::begin([01;31m[KRF_LISTEN_MODE_ROUTING_CONFIG[m[K), std::end(RF_LISTEN_MODE_ROUTING_CONFIG)));
[0m      |                                       [01;31m[K^~~~~~~~~~~~~~~~~~~~~~~~~~~~~[m[K
[33m      |                                       [32m[Kesphome::pn7160::RF_LISTEN_MODE_ROUTING_CONFIG[m[K
[0m[33m[01m[Ksrc/esphome/components/pn7160/pn7160.h:133:22:[m[K [01;36m[Knote: [m[K'[01m[Kesphome::pn7160::RF_LISTEN_MODE_ROUTING_CONFIG[m[K' declared here
[0m[33m  133 | static const uint8_t [01;36m[KRF_LISTEN_MODE_ROUTING_CONFIG[m[K[] = {0x00,  // "more" (another message is coming)
[0m      |                      [01;36m[K^~~~~~~~~~~~~~~~~~~~~~~~~~~~~[m[K
[33m[01m[Ksrc/esphome/components/pn7160/pn7160.cpp:455:7:[m[K [01;31m[Kerror: [m[Kinvalid use of '[01m[Kthis[m[K' in non-member function
[0m[33m  455 |   if ([01;31m[Kthis[m[K->transceive_(tx, rx) != nfc::STATUS_OK) {
[0m[33m      |       [01;31m[K^~~~[m[K
[0m[33m[01m[Ksrc/esphome/components/pn7160/pn7160.cpp:456:14:[m[K [01;31m[Kerror: [m[K'[01m[KTAG[m[K' was not declared in this scope; did you mean '[01m[Kesphome::pn7160::TAG[m[K'?
[0m[33m  456 |     ESP_LOGE([01;31m[KTAG[m[K, "Error setting listen mode routing config");
[0m[33m      |              [01;31m[K^~~[m[K
[0m[33m[01m[Ksrc/esphome/core/log.h:127:55:[m[K [01;36m[Knote: [m[Kin definition of macro '[01m[Kesph_log_e[m[K'
[0m[33m  127 |   ::esphome::esp_log_printf_(ESPHOME_LOG_LEVEL_ERROR, [01;36m[Ktag[m[K, __LINE__, ESPHOME_LOG_FORMAT(format), ##__VA_ARGS__)
[0m[33m      |                                                       [01;36m[K^~~[m[K
[0m[33m[01m[Ksrc/esphome/components/pn7160/pn7160.cpp:456:5:[m[K [01;36m[Knote: [m[Kin expansion of macro '[01m[KESP_LOGE[m[K'
[0m[33m  456 |     [01;36m[KESP_LOGE[m[K(TAG, "Error setting listen mode routing config");
[0m      |     [01;36m[K^~~~~~~~[m[K
[33m[01m[Ksrc/esphome/components/pn7160/pn7160.cpp:13:26:[m[K [01;36m[Knote: [m[K'[01m[Kesphome::pn7160::TAG[m[K' declared here
[0m[33m   13 | static const char *const [01;36m[KTAG[m[K = "pn7160";
[0m[33m      |                          [01;36m[K^~~[m[K
[0m[33m[01m[Ksrc/esphome/components/pn7160/pn7160.cpp:[m[K At global scope:
[0m[33m[01m[Ksrc/esphome/components/pn7160/pn7160.cpp:462:9:[m[K [01;31m[Kerror: [m[K'[01m[KPN7160[m[K' has not been declared
[0m[33m  462 | uint8_t [01;31m[KPN7160[m[K::start_discovery_() {
[0m      |         [01;31m[K^~~~~~[m[K
[33m[01m[Ksrc/esphome/components/i2c/i2c_bus.h:73:3:[m[K [01;31m[Kerror: [m[K'[01m[KErrorCode[m[K' does not name a type
[0m[33m   73 |   [01;31m[KErrorCode[m[K readv(uint8_t address, ReadBuffer *read_buffers, size_t count) {
[0m      |   [01;31m[K^~~~~~~~~[m[K
[33m[01m[Ksrc/esphome/components/pn7160/pn7160.cpp:[m[K In function '[01m[Kuint8_t esphome::nfc::[01;32m[Kstart_discovery_[m[K()[m[K':
[0m[33m[01m[Ksrc/esphome/components/pn7160/pn7160.cpp:463:40:[m[K [01;31m[Kerror: [m[K'[01m[KRF_DISCOVERY_CONFIG[m[K' was not declared in this scope; did you mean '[01m[Kesphome::pn7160::RF_DISCOVERY_CONFIG[m[K'?
[0m[33m  463 |   const uint8_t *rf_discovery_config = [01;31m[KRF_DISCOVERY_CONFIG[m[K;
[0m      |                                        [01;31m[K^~~~~~~~~~~~~~~~~~~[m[K
[33m      |                                        [32m[Kesphome::pn7160::RF_DISCOVERY_CONFIG[m[K
[0m[33m[01m[Ksrc/esphome/components/pn7160/pn7160.h:126:22:[m[K [01;36m[Knote: [m[K'[01m[Kesphome::pn7160::RF_DISCOVERY_CONFIG[m[K' declared here
[0m[33m  126 | static const uint8_t [01;36m[KRF_DISCOVERY_CONFIG[m[K[] = {nfc::MODE_POLL | nfc::TECH_PASSIVE_NFCA,          // poll mode
[0m      |                      [01;36m[K^~~~~~~~~~~~~~~~~~~[m[K
[33m[01m[Ksrc/esphome/components/pn7160/pn7160.cpp:466:8:[m[K [01;31m[Kerror: [m[Kinvalid use of '[01m[Kthis[m[K' in non-member function
[0m[33m  466 |   if (![01;31m[Kthis[m[K->listening_enabled_) {
[0m[33m      |        [01;31m[K^~~~[m[K
[0m[33m[01m[Ksrc/esphome/components/pn7160/pn7160.cpp:467:21:[m[K [01;31m[Kerror: [m[K'[01m[KRF_DISCOVERY_POLL_CONFIG[m[K' was not declared in this scope; did you mean '[01m[Kesphome::pn7160::RF_DISCOVERY_POLL_CONFIG[m[K'?
[0m[33m  467 |     length = sizeof([01;31m[KRF_DISCOVERY_POLL_CONFIG[m[K);
[0m      |                     [01;31m[K^~~~~~~~~~~~~~~~~~~~~~~~[m[K
[33m      |                     [32m[Kesphome::pn7160::RF_DISCOVERY_POLL_CONFIG[m[K
[0m[33m[01m[Ksrc/esphome/components/pn7160/pn7160.h:122:22:[m[K [01;36m[Knote: [m[K'[01m[Kesphome::pn7160::RF_DISCOVERY_POLL_CONFIG[m[K' declared here
[0m[33m  122 | static const uint8_t [01;36m[KRF_DISCOVERY_POLL_CONFIG[m[K[] = {nfc::MODE_POLL | nfc::TECH_PASSIVE_NFCA,   // poll mode
[0m      |                      [01;36m[K^~~~~~~~~~~~~~~~~~~~~~~~[m[K
[33m[01m[Ksrc/esphome/components/pn7160/pn7160.cpp:469:15:[m[K [01;31m[Kerror: [m[Kinvalid use of '[01m[Kthis[m[K' in non-member function
[0m[33m  469 |   } else if (![01;31m[Kthis[m[K->polling_enabled_) {
[0m[33m      |               [01;31m[K^~~~[m[K
[0m[33m[01m[Ksrc/esphome/components/pn7160/pn7160.cpp:470:21:[m[K [01;31m[Kerror: [m[K'[01m[KRF_DISCOVERY_LISTEN_CONFIG[m[K' was not declared in this scope; did you mean '[01m[Kesphome::pn7160::RF_DISCOVERY_LISTEN_CONFIG[m[K'?
[0m[33m  470 |     length = sizeof([01;31m[KRF_DISCOVERY_LISTEN_CONFIG[m[K);
[0m      |                     [01;31m[K^~~~~~~~~~~~~~~~~~~~~~~~~~[m[K
[33m      |                     [32m[Kesphome::pn7160::RF_DISCOVERY_LISTEN_CONFIG[m[K
[0m[33m[01m[Ksrc/esphome/components/pn7160/pn7160.h:118:22:[m[K [01;36m[Knote: [m[K'[01m[Kesphome::pn7160::RF_DISCOVERY_LISTEN_CONFIG[m[K' declared here
[0m[33m  118 | static const uint8_t [01;36m[KRF_DISCOVERY_LISTEN_CONFIG[m[K[] = {nfc::MODE_LISTEN_MASK | nfc::TECH_PASSIVE_NFCA,   // listen mode
[0m      |                      [01;36m[K^~~~~~~~~~~~~~~~~~~~~~~~~~[m[K
[33m[01m[Ksrc/esphome/components/pn7160/pn7160.cpp:485:7:[m[K [01;31m[Kerror: [m[Kinvalid use of '[01m[Kthis[m[K' in non-member function
[0m[33m  485 |   if ([01;31m[Kthis[m[K->transceive_(tx, rx) != nfc::STATUS_OK) {
[0m[33m      |       [01;31m[K^~~~[m[K
[0m[33m[01m[Ksrc/esphome/components/i2c/i2c_bus.h:97:3:[m[K [01;31m[Kerror: [m[K'[01m[KErrorCode[m[K' does not name a type
[0m[33m   97 |   [01;31m[KErrorCode[m[K writev(uint8_t address, const WriteBuffer *write_buffers, size_t count, bool stop = true) {
[0m      |   [01;31m[K^~~~~~~~~[m[K
[33m[01m[Ksrc/esphome/components/pn7160/pn7160.cpp:495:18:[m[K [01;31m[Kerror: [m[K'[01m[KTAG[m[K' was not declared in this scope; did you mean '[01m[Kesphome::pn7160::TAG[m[K'?
[0m[33m  495 |         ESP_LOGE([01;31m[KTAG[m[K, "Error starting discovery");
[0m[33m      |                  [01;31m[K^~~[m[K
[0m[33m[01m[Ksrc/esphome/core/log.h:127:55:[m[K [01;36m[Knote: [m[Kin definition of macro '[01m[Kesph_log_e[m[K'
[0m[33m  127 |   ::esphome::esp_log_printf_(ESPHOME_LOG_LEVEL_ERROR, [01;36m[Ktag[m[K, __LINE__, ESPHOME_LOG_FORMAT(format), ##__VA_ARGS__)
[0m[33m      |                                                       [01;36m[K^~~[m[K
[0m[33m[01m[Ksrc/esphome/components/pn7160/pn7160.cpp:495:9:[m[K [01;36m[Knote: [m[Kin expansion of macro '[01m[KESP_LOGE[m[K'
[0m[33m  495 |         [01;36m[KESP_LOGE[m[K(TAG, "Error starting discovery");
[0m      |         [01;36m[K^~~~~~~~[m[K
[33m[01m[Ksrc/esphome/components/i2c/i2c_bus.h:123:38:[m[K [01;31m[Kerror: [m[Kexpected class-name before '[01m[K{[m[K' token
[0m[33m  123 | class InternalI2CBus : public I2CBus [01;31m[K{[m[K
[0m[33m      |                                      [01;31m[K^[m[K
[0m[33m[01m[Ksrc/esphome/components/pn7160/pn7160.cpp:13:26:[m[K [01;36m[Knote: [m[K'[01m[Kesphome::pn7160::TAG[m[K' declared here
[0m[33m   13 | static const char *const [01;36m[KTAG[m[K = "pn7160";
[0m[33m      |                          [01;36m[K^~~[m[K
[0m[33m[01m[Ksrc/esphome/components/i2c/i2c.h:65:24:[m[K [01;31m[Kerror: [m[Kexpected '[01m[K)[m[K' before '[01m[K*[m[K' token
[0m[33m   65 |   I2CRegister[34m[K([m[KI2CDevice[01;31m[K [m[K[32m[K*[m[Kparent, uint8_t a_register) : parent_(parent), register_(a_register) {}
[0m[33m      |              [34m[K~[m[K         [01;31m[K^[m[K[32m[K~[m[K
[0m[33m      |                        [32m[K)[m[K
[0m[33m[01m[Ksrc/esphome/components/pn7160/pn7160.cpp:[m[K At global scope:
[0m[33m[01m[Ksrc/esphome/components/pn7160/pn7160.cpp:503:9:[m[K [01;31m[Kerror: [m[K'[01m[KPN7160[m[K' has not been declared
[0m[33m  503 | uint8_t [01;31m[KPN7160[m[K::stop_discovery_() { return this->deactivate_(nfc::DEACTIVATION_TYPE_IDLE, NFCC_TAG_WRITE_TIMEOUT); }
[0m      |         [01;31m[K^~~~~~[m[K
[33m[01m[Ksrc/esphome/components/pn7160/pn7160.cpp:[m[K In function '[01m[Kuint8_t esphome::nfc::[01;32m[Kstop_discovery_[m[K()[m[K':
[0m[33m[01m[Ksrc/esphome/components/pn7160/pn7160.cpp:503:44:[m[K [01;31m[Kerror: [m[Kinvalid use of '[01m[Kthis[m[K' in non-member function
[0m[33m  503 | uint8_t PN7160::stop_discovery_() { return [01;31m[Kthis[m[K->deactivate_(nfc::DEACTIVATION_TYPE_IDLE, NFCC_TAG_WRITE_TIMEOUT); }
[0m[33m      |                                            [01;31m[K^~~~[m[K
[0m[33m[01m[Ksrc/esphome/components/pn7160/pn7160.cpp:503:91:[m[K [01;31m[Kerror: [m[K'[01m[KNFCC_TAG_WRITE_TIMEOUT[m[K' was not declared in this scope; did you mean '[01m[Kesphome::pn7160::NFCC_TAG_WRITE_TIMEOUT[m[K'?
[0m[33m  503 | uint8_t PN7160::stop_discovery_() { return this->deactivate_(nfc::DEACTIVATION_TYPE_IDLE, [01;31m[KNFCC_TAG_WRITE_TIMEOUT[m[K); }
[0m      |                                                                                           [01;31m[K^~~~~~~~~~~~~~~~~~~~~~[m[K
[33m      |                                                                                           [32m[Kesphome::pn7160::NFCC_TAG_WRITE_TIMEOUT[m[K
[0m[33m[01m[Ksrc/esphome/components/pn7160/pn7160.h:48:23:[m[K [01;36m[Knote: [m[K'[01m[Kesphome::pn7160::NFCC_TAG_WRITE_TIMEOUT[m[K' declared here
[0m[33m   48 | static const uint16_t [01;36m[KNFCC_TAG_WRITE_TIMEOUT[m[K = 50;
[0m      |                       [01;36m[K^~~~~~~~~~~~~~~~~~~~~~[m[K
[33m[01m[Ksrc/esphome/components/pn7160/pn7160.cpp:[m[K At global scope:
[0m[33m[01m[Ksrc/esphome/components/pn7160/pn7160.cpp:505:9:[m[K [01;31m[Kerror: [m[K'[01m[KPN7160[m[K' has not been declared
[0m[33m  505 | uint8_t [01;31m[KPN7160[m[K::deactivate_(const uint8_t type, const uint16_t timeout) {
[0m      |         [01;31m[K^~~~~~[m[K
[33m[01m[Ksrc/esphome/components/pn7160/pn7160.cpp:[m[K In function '[01m[Kuint8_t esphome::nfc::[01;32m[Kdeactivate_[m[K(uint8_t, uint16_t)[m[K':
[0m[33m[01m[Ksrc/esphome/components/pn7160/pn7160.cpp:509:17:[m[K [01;31m[Kerror: [m[Kinvalid use of '[01m[Kthis[m[K' in non-member function
[0m[33m  509 |   auto status = [01;31m[Kthis[m[K->transceive_(tx, rx, timeout);
[0m[33m      |                 [01;31m[K^~~~[m[K
[0m[33m[01m[Ksrc/esphome/components/pn7160/pn7160.cpp:[m[K At global scope:
[0m[33m[01m[Ksrc/esphome/components/pn7160/pn7160.cpp:517:6:[m[K [01;31m[Kerror: [m[K'[01m[KPN7160[m[K' has not been declared
[0m[33m  517 | void [01;31m[KPN7160[m[K::select_endpoint_() {
[0m      |      [01;31m[K^~~~~~[m[K
[33m[01m[Ksrc/esphome/components/pn7160/pn7160.cpp:[m[K In function '[01m[Kvoid esphome::nfc::[01;32m[Kselect_endpoint_[m[K()[m[K':
[0m[33m[01m[Ksrc/esphome/components/pn7160/pn7160.cpp:518:7:[m[K [01;31m[Kerror: [m[Kinvalid use of '[01m[Kthis[m[K' in non-member function
[0m[33m  518 |   if ([01;31m[Kthis[m[K->discovered_endpoint_.empty()) {
[0m[33m      |       [01;31m[K^~~~[m[K
[0m[33m[01m[Ksrc/esphome/components/pn7160/pn7160.cpp:519:14:[m[K [01;31m[Kerror: [m[K'[01m[KTAG[m[K' was not declared in this scope; did you mean '[01m[Kesphome::pn7160::TAG[m[K'?
[0m[33m  519 |     ESP_LOGW([01;31m[KTAG[m[K, "No cached tags to select");
[0m[33m      |              [01;31m[K^~~[m[K
[0m[33m[01m[Ksrc/esphome/core/log.h:118:54:[m[K [01;36m[Knote: [m[Kin definition of macro '[01m[Kesph_log_w[m[K'
[0m[33m  118 |   ::esphome::esp_log_printf_(ESPHOME_LOG_LEVEL_WARN, [01;36m[Ktag[m[K, __LINE__, ESPHOME_LOG_FORMAT(format), ##__VA_ARGS__)
[0m[33m      |                                                      [01;36m[K^~~[m[K
[0m[33m[01m[Ksrc/esphome/components/pn7160/pn7160.cpp:519:5:[m[K [01;36m[Knote: [m[Kin expansion of macro '[01m[KESP_LOGW[m[K'
[0m[33m  519 |     [01;36m[KESP_LOGW[m[K(TAG, "No cached tags to select");
[0m      |     [01;36m[K^~~~~~~~[m[K
[33m[01m[Ksrc/esphome/components/pn7160/pn7160.cpp:13:26:[m[K [01;36m[Knote: [m[K'[01m[Kesphome::pn7160::TAG[m[K' declared here
[0m[33m   13 | static const char *const [01;36m[KTAG[m[K = "pn7160";
[0m[33m      |                          [01;36m[K^~~[m[K
[0m[33m[01m[Ksrc/esphome/components/pn7160/pn7160.cpp:520:5:[m[K [01;31m[Kerror: [m[Kinvalid use of '[01m[Kthis[m[K' in non-member function
[0m[33m  520 |     [01;31m[Kthis[m[K->stop_discovery_();
[0m[33m      |     [01;31m[K^~~~[m[K
[0m[33m[01m[Ksrc/esphome/components/pn7160/pn7160.cpp:521:5:[m[K [01;31m[Kerror: [m[Kinvalid use of '[01m[Kthis[m[K' in non-member function
[0m[33m  521 |     [01;31m[Kthis[m[K->nci_fsm_set_state_(NCIState::RFST_IDLE);
[0m[33m      |     [01;31m[K^~~~[m[K
[0m[33m[01m[Ksrc/esphome/components/pn7160/pn7160.cpp:521:30:[m[K [01;31m[Kerror: [m[K'[01m[KNCIState[m[K' has not been declared
[0m[33m  521 |     this->nci_fsm_set_state_([01;31m[KNCIState[m[K::RFST_IDLE);
[0m      |                              [01;31m[K^~~~~~~~[m[K
[33m[01m[Ksrc/esphome/components/pn7160/pn7160.cpp:524:41:[m[K [01;31m[Kerror: [m[Kinvalid use of '[01m[Kthis[m[K' in non-member function
[0m[33m  524 |   std::vector<uint8_t> endpoint_data = {[01;31m[Kthis[m[K->discovered_endpoint_[0].id, this->discovered_endpoint_[0].protocol,
[0m[33m      |                                         [01;31m[K^~~~[m[K
[0m[33m[01m[Ksrc/esphome/components/pn7160/pn7160.cpp:524:75:[m[K [01;31m[Kerror: [m[Kinvalid use of '[01m[Kthis[m[K' in non-member function
[0m[33m  524 |   std::vector<uint8_t> endpoint_data = {this->discovered_endpoint_[0].id, [01;31m[Kthis[m[K->discovered_endpoint_[0].protocol,
[0m[33m      |                                                                           [01;31m[K^~~~[m[K
[0m[33m[01m[Ksrc/esphome/components/pn7160/pn7160.cpp:525:45:[m[K [01;31m[Kerror: [m[Kcould not convert '[01m[K{<expression error>, <expression error>, 1}[m[K' from '[01m[K<brace-enclosed initializer list>[m[K' to '[01m[Kstd::vector<unsigned char>[m[K'
[0m[33m  525 |                                         0x01[01;31m[K}[m[K;  // that last byte is the interface ID
[0m[33m      |                                             [01;31m[K^[m[K
[0m[33m      |                                             [01;31m[K|[m[K
[0m[33m      |                                             [01;31m[K<brace-enclosed initializer list>[m[K
[0m[33m[01m[Ksrc/esphome/components/pn7160/pn7160.cpp:526:26:[m[K [01;31m[Kerror: [m[Kinvalid use of '[01m[Kthis[m[K' in non-member function
[0m[33m  526 |   for (size_t i = 0; i < [01;31m[Kthis[m[K->discovered_endpoint_.size(); i++) {
[0m[33m      |                          [01;31m[K^~~~[m[K
[0m[33m[01m[Ksrc/esphome/components/pn7160/pn7160.cpp:527:10:[m[K [01;31m[Kerror: [m[Kinvalid use of '[01m[Kthis[m[K' in non-member function
[0m[33m  527 |     if (![01;31m[Kthis[m[K->discovered_endpoint_[i].trig_called) {
[0m[33m      |          [01;31m[K^~~~[m[K
[0m[33m[01m[Ksrc/esphome/components/i2c/i2c.h:67:3:[m[K [01;31m[Kerror: [m[K'[01m[KI2CDevice[m[K' does not name a type
[0m[33m   67 |   [01;31m[KI2CDevice[m[K *parent_;  ///< I2CDevice object pointer
[0m      |   [01;31m[K^~~~~~~~~[m[K
[33m[01m[Ksrc/esphome/components/pn7160/pn7160.cpp:528:24:[m[K [01;31m[Kerror: [m[Kinvalid use of '[01m[Kthis[m[K' in non-member function
[0m[33m  528 |       endpoint_data = {[01;31m[Kthis[m[K->discovered_endpoint_[i].id, this->discovered_endpoint_[i].protocol,
[0m[33m      |                        [01;31m[K^~~~[m[K
[0m[33m[01m[Ksrc/esphome/components/pn7160/pn7160.cpp:528:58:[m[K [01;31m[Kerror: [m[Kinvalid use of '[01m[Kthis[m[K' in non-member function
[0m[33m  528 |       endpoint_data = {this->discovered_endpoint_[i].id, [01;31m[Kthis[m[K->discovered_endpoint_[i].protocol,
[0m[33m      |                                                          [01;31m[K^~~~[m[K
[0m[33m[01m[Ksrc/esphome/components/pn7160/pn7160.cpp:529:28:[m[K [01;31m[Kerror: [m[Kno match for '[01m[Koperator=[m[K' (operand types are '[01m[Kstd::vector<unsigned char>[m[K' and '[01m[K<brace-enclosed initializer list>[m[K')
[0m[33m  529 |                        0x01[01;31m[K}[m[K;  // that last byte is the interface ID
[0m[33m      |                            [01;31m[K^[m[K
[0m[33mIn file included from [01m[K/config/.esphome/platformio/packages/toolchain-xtensa-esp-elf/xtensa-esp-elf/include/c++/14.2.0/vector:72[m[K,
[0m[33m                 from [01m[K/config/.esphome/platformio/packages/toolchain-xtensa-esp-elf/xtensa-esp-elf/include/c++/14.2.0/functional:64[m[K,
[0m[33m                 from [01m[Ksrc/esphome/core/component.h:5[m[K:
[0m[33m[01m[K/config/.esphome/platformio/packages/toolchain-xtensa-esp-elf/xtensa-esp-elf/include/c++/14.2.0/bits/vector.tcc:210:5:[m[K [01;36m[Knote: [m[Kcandidate: '[01m[Kconstexpr std::vector<_Tp, _Alloc>& std::vector<_Tp, _Alloc>::[01;32m[Koperator=[m[K(const std::vector<_Tp, _Alloc>&) [35m[K[with _Tp = unsigned char; _Alloc = std::allocator<unsigned char>][m[K[m[K'
[0m[33m  210 |     [01;36m[Kvector<_Tp, _Alloc>[m[K::
[0m      |     [01;36m[K^~~~~~~~~~~~~~~~~~~[m[K
[33m[01m[Ksrc/esphome/components/i2c/i2c.h:120:26:[m[K [01;31m[Kerror: [m[Kexpected '[01m[K)[m[K' before '[01m[K*[m[K' token
[0m[33m  120 |   I2CRegister16[34m[K([m[KI2CDevice[01;31m[K [m[K[32m[K*[m[Kparent, uint16_t a_register) : parent_(parent), register_(a_register) {}
[0m[33m      |                [34m[K~[m[K         [01;31m[K^[m[K[32m[K~[m[K
[0m[33m      |                          [32m[K)[m[K
[0m[33m[01m[K/config/.esphome/platformio/packages/toolchain-xtensa-esp-elf/xtensa-esp-elf/include/c++/14.2.0/bits/vector.tcc:211:42:[m[K [01;36m[Knote: [m[K  no known conversion for argument 1 from '[01m[K<brace-enclosed initializer list>[m[K' to '[01m[Kconst std::vector<unsigned char>&[m[K'
[0m[33m  211 |     operator=([01;36m[Kconst vector<_Tp, _Alloc>& __x[m[K)
[0m      |               [01;36m[K~~~~~~~~~~~~~~~~~~~~~~~~~~~^~~[m[K
[33mIn file included from [01m[K/config/.esphome/platformio/packages/toolchain-xtensa-esp-elf/xtensa-esp-elf/include/c++/14.2.0/vector:66[m[K:
[0m[33m[01m[K/config/.esphome/platformio/packages/toolchain-xtensa-esp-elf/xtensa-esp-elf/include/c++/14.2.0/bits/stl_vector.h:766:7:[m[K [01;36m[Knote: [m[Kcandidate: '[01m[Kconstexpr std::vector<_Tp, _Alloc>& std::vector<_Tp, _Alloc>::[01;32m[Koperator=[m[K(std::vector<_Tp, _Alloc>&&) [35m[K[with _Tp = unsigned char; _Alloc = std::allocator<unsigned char>][m[K[m[K'
[0m[33m  766 |       [01;36m[Koperator[m[K=(vector&& __x) noexcept(_Alloc_traits::_S_nothrow_move())
[0m      |       [01;36m[K^~~~~~~~[m[K
[33m[01m[K/config/.esphome/platformio/packages/toolchain-xtensa-esp-elf/xtensa-esp-elf/include/c++/14.2.0/bits/stl_vector.h:766:26:[m[K [01;36m[Knote: [m[K  no known conversion for argument 1 from '[01m[K<brace-enclosed initializer list>[m[K' to '[01m[Kstd::vector<unsigned char>&&[m[K'
[0m[33m  766 |       operator=([01;36m[Kvector&& __x[m[K) noexcept(_Alloc_traits::_S_nothrow_move())
[0m      |                 [01;36m[K~~~~~~~~~^~~[m[K
[33m[01m[K/config/.esphome/platformio/packages/toolchain-xtensa-esp-elf/xtensa-esp-elf/include/c++/14.2.0/bits/stl_vector.h:788:7:[m[K [01;36m[Knote: [m[Kcandidate: '[01m[Kconstexpr std::vector<_Tp, _Alloc>& std::vector<_Tp, _Alloc>::[01;32m[Koperator=[m[K(std::initializer_list<_Tp>) [35m[K[with _Tp = unsigned char; _Alloc = std::allocator<unsigned char>][m[K[m[K'
[0m[33m  788 |       [01;36m[Koperator[m[K=(initializer_list<value_type> __l)
[0m      |       [01;36m[K^~~~~~~~[m[K
[33m[01m[K/config/.esphome/platformio/packages/toolchain-xtensa-esp-elf/xtensa-esp-elf/include/c++/14.2.0/bits/stl_vector.h:788:46:[m[K [01;36m[Knote: [m[K  no known conversion for argument 1 from '[01m[K<brace-enclosed initializer list>[m[K' to '[01m[Kstd::initializer_list<unsigned char>[m[K'
[0m[33m  788 |       operator=([01;36m[Kinitializer_list<value_type> __l[m[K)
[0m      |                 [01;36m[K~~~~~~~~~~~~~~~~~~~~~~~~~~~~~^~~[m[K
[33m[01m[Ksrc/esphome/components/pn7160/pn7160.cpp:530:7:[m[K [01;31m[Kerror: [m[Kinvalid use of '[01m[Kthis[m[K' in non-member function
[0m[33m  530 |       [01;31m[Kthis[m[K->selecting_endpoint_ = i;
[0m[33m      |       [01;31m[K^~~~[m[K
[0m[33m[01m[Ksrc/esphome/components/pn7160/pn7160.cpp:538:7:[m[K [01;31m[Kerror: [m[Kinvalid use of '[01m[Kthis[m[K' in non-member function
[0m[33m  538 |   if ([01;31m[Kthis[m[K->transceive_(tx, rx) != nfc::STATUS_OK) {
[0m[33m      |       [01;31m[K^~~~[m[K
[0m[33m[01m[Ksrc/esphome/components/pn7160/pn7160.cpp:539:14:[m[K [01;31m[Kerror: [m[K'[01m[KTAG[m[K' was not declared in this scope; did you mean '[01m[Kesphome::pn7160::TAG[m[K'?
[0m[33m  539 |     ESP_LOGE([01;31m[KTAG[m[K, "Error selecting endpoint");
[0m[33m      |              [01;31m[K^~~[m[K
[0m[33m[01m[Ksrc/esphome/core/log.h:127:55:[m[K [01;36m[Knote: [m[Kin definition of macro '[01m[Kesph_log_e[m[K'
[0m[33m  127 |   ::esphome::esp_log_printf_(ESPHOME_LOG_LEVEL_ERROR, [01;36m[Ktag[m[K, __LINE__, ESPHOME_LOG_FORMAT(format), ##__VA_ARGS__)
[0m[33m      |                                                       [01;36m[K^~~[m[K
[0m[33m[01m[Ksrc/esphome/components/pn7160/pn7160.cpp:539:5:[m[K [01;36m[Knote: [m[Kin expansion of macro '[01m[KESP_LOGE[m[K'
[0m[33m  539 |     [01;36m[KESP_LOGE[m[K(TAG, "Error selecting endpoint");
[0m      |     [01;36m[K^~~~~~~~[m[K
[33m[01m[Ksrc/esphome/components/pn7160/pn7160.cpp:13:26:[m[K [01;36m[Knote: [m[K'[01m[Kesphome::pn7160::TAG[m[K' declared here
[0m[33m   13 | static const char *const [01;36m[KTAG[m[K = "pn7160";
[0m[33m      |                          [01;36m[K^~~[m[K
[0m[33m[01m[Ksrc/esphome/components/pn7160/pn7160.cpp:541:5:[m[K [01;31m[Kerror: [m[Kinvalid use of '[01m[Kthis[m[K' in non-member function
[0m[33m  541 |     [01;31m[Kthis[m[K->nci_fsm_set_state_(NCIState::EP_SELECTING);
[0m[33m      |     [01;31m[K^~~~[m[K
[0m[33m[01m[Ksrc/esphome/components/pn7160/pn7160.cpp:541:30:[m[K [01;31m[Kerror: [m[K'[01m[KNCIState[m[K' has not been declared
[0m[33m  541 |     this->nci_fsm_set_state_([01;31m[KNCIState[m[K::EP_SELECTING);
[0m      |                              [01;31m[K^~~~~~~~[m[K
[33m[01m[Ksrc/esphome/components/pn7160/pn7160.cpp:[m[K At global scope:
[0m[33m[01m[Ksrc/esphome/components/pn7160/pn7160.cpp:545:9:[m[K [01;31m[Kerror: [m[K'[01m[KPN7160[m[K' has not been declared
[0m[33m  545 | uint8_t [01;31m[KPN7160[m[K::read_endpoint_data_(nfc::NfcTag &tag) {
[0m      |         [01;31m[K^~~~~~[m[K
[33m[01m[Ksrc/esphome/components/pn7160/pn7160.cpp:[m[K In function '[01m[Kuint8_t esphome::nfc::[01;32m[Kread_endpoint_data_[m[K(NfcTag&)[m[K':
[0m[33m[01m[Ksrc/esphome/components/pn7160/pn7160.cpp:551:14:[m[K [01;31m[Kerror: [m[Kinvalid use of '[01m[Kthis[m[K' in non-member function
[0m[33m  551 |       return [01;31m[Kthis[m[K->read_mifare_classic_tag_(tag);
[0m[33m      |              [01;31m[K^~~~[m[K
[0m[33m[01m[Ksrc/esphome/components/i2c/i2c.h:122:3:[m[K [01;31m[Kerror: [m[K'[01m[KI2CDevice[m[K' does not name a type
[0m[33m  122 |   [01;31m[KI2CDevice[m[K *parent_;  ///< I2CDevice object pointer
[0m      |   [01;31m[K^~~~~~~~~[m[K
[33m[01m[Ksrc/esphome/components/pn7160/pn7160.cpp:555:14:[m[K [01;31m[Kerror: [m[Kinvalid use of '[01m[Kthis[m[K' in non-member function
[0m[33m  555 |       return [01;31m[Kthis[m[K->read_mifare_ultralight_tag_(tag);
[0m[33m      |              [01;31m[K^~~~[m[K
[0m[33m[01m[Ksrc/esphome/components/pn7160/pn7160.cpp:[m[K At global scope:
[0m[33m[01m[Ksrc/esphome/components/pn7160/pn7160.cpp:565:9:[m[K [01;31m[Kerror: [m[K'[01m[KPN7160[m[K' has not been declared
[0m[33m  565 | uint8_t [01;31m[KPN7160[m[K::clean_endpoint_(nfc::NfcTagUid &uid) {
[0m      |         [01;31m[K^~~~~~[m[K
[33m[01m[Ksrc/esphome/components/pn7160/pn7160.cpp:[m[K In function '[01m[Kuint8_t esphome::nfc::[01;32m[Kclean_endpoint_[m[K(NfcTagUid&)[m[K':
[0m[33m[01m[Ksrc/esphome/components/pn7160/pn7160.cpp:569:14:[m[K [01;31m[Kerror: [m[Kinvalid use of '[01m[Kthis[m[K' in non-member function
[0m[33m  569 |       return [01;31m[Kthis[m[K->format_mifare_classic_mifare_();
[0m[33m      |              [01;31m[K^~~~[m[K
[0m[33m[01m[Ksrc/esphome/components/pn7160/pn7160.cpp:572:14:[m[K [01;31m[Kerror: [m[Kinvalid use of '[01m[Kthis[m[K' in non-member function
[0m[33m  572 |       return [01;31m[Kthis[m[K->clean_mifare_ultralight_();
[0m[33m      |              [01;31m[K^~~~[m[K
[0m[33m[01m[Ksrc/esphome/components/i2c/i2c.h:148:20:[m[K [01;31m[Kerror: [m[K'[01m[KI2CBus[m[K' has not been declared
[0m[33m  148 |   void set_i2c_bus([01;31m[KI2CBus[m[K *bus) { bus_ = bus; }
[0m      |                    [01;31m[K^~~~~~[m[K
[33m[01m[Ksrc/esphome/components/pn7160/pn7160.cpp:575:16:[m[K [01;31m[Kerror: [m[K'[01m[KTAG[m[K' was not declared in this scope; did you mean '[01m[Kesphome::pn7160::TAG[m[K'?
[0m[33m  575 |       ESP_LOGE([01;31m[KTAG[m[K, "Unsupported tag for cleaning");
[0m[33m      |                [01;31m[K^~~[m[K
[0m[33m[01m[Ksrc/esphome/core/log.h:127:55:[m[K [01;36m[Knote: [m[Kin definition of macro '[01m[Kesph_log_e[m[K'
[0m[33m  127 |   ::esphome::esp_log_printf_(ESPHOME_LOG_LEVEL_ERROR, [01;36m[Ktag[m[K, __LINE__, ESPHOME_LOG_FORMAT(format), ##__VA_ARGS__)
[0m[33m      |                                                       [01;36m[K^~~[m[K
[0m[33m[01m[Ksrc/esphome/components/pn7160/pn7160.cpp:575:7:[m[K [01;36m[Knote: [m[Kin expansion of macro '[01m[KESP_LOGE[m[K'
[0m[33m  575 |       [01;36m[KESP_LOGE[m[K(TAG, "Unsupported tag for cleaning");
[0m      |       [01;36m[K^~~~~~~~[m[K
[33m[01m[Ksrc/esphome/components/pn7160/pn7160.cpp:13:26:[m[K [01;36m[Knote: [m[K'[01m[Kesphome::pn7160::TAG[m[K' declared here
[0m[33m   13 | static const char *const [01;36m[KTAG[m[K = "pn7160";
[0m[33m      |                          [01;36m[K^~~[m[K
[0m[33m[01m[Ksrc/esphome/components/pn7160/pn7160.cpp:[m[K At global scope:
[0m[33m[01m[Ksrc/esphome/components/pn7160/pn7160.cpp:581:9:[m[K [01;31m[Kerror: [m[K'[01m[KPN7160[m[K' has not been declared
[0m[33m  581 | uint8_t [01;31m[KPN7160[m[K::format_endpoint_(nfc::NfcTagUid &uid) {
[0m      |         [01;31m[K^~~~~~[m[K
[33m[01m[Ksrc/esphome/components/pn7160/pn7160.cpp:[m[K In function '[01m[Kuint8_t esphome::nfc::[01;32m[Kformat_endpoint_[m[K(NfcTagUid&)[m[K':
[0m[33m[01m[Ksrc/esphome/components/pn7160/pn7160.cpp:585:14:[m[K [01;31m[Kerror: [m[Kinvalid use of '[01m[Kthis[m[K' in non-member function
[0m[33m  585 |       return [01;31m[Kthis[m[K->format_mifare_classic_ndef_();
[0m[33m      |              [01;31m[K^~~~[m[K
[0m[33m[01m[Ksrc/esphome/components/pn7160/pn7160.cpp:588:14:[m[K [01;31m[Kerror: [m[Kinvalid use of '[01m[Kthis[m[K' in non-member function
[0m[33m  588 |       return [01;31m[Kthis[m[K->clean_mifare_ultralight_();
[0m[33m      |              [01;31m[K^~~~[m[K
[0m[33m[01m[Ksrc/esphome/components/pn7160/pn7160.cpp:591:16:[m[K [01;31m[Kerror: [m[K'[01m[KTAG[m[K' was not declared in this scope; did you mean '[01m[Kesphome::pn7160::TAG[m[K'?
[0m[33m  591 |       ESP_LOGE([01;31m[KTAG[m[K, "Unsupported tag for formatting");
[0m[33m      |                [01;31m[K^~~[m[K
[0m[33m[01m[Ksrc/esphome/core/log.h:127:55:[m[K [01;36m[Knote: [m[Kin definition of macro '[01m[Kesph_log_e[m[K'
[0m[33m  127 |   ::esphome::esp_log_printf_(ESPHOME_LOG_LEVEL_ERROR, [01;36m[Ktag[m[K, __LINE__, ESPHOME_LOG_FORMAT(format), ##__VA_ARGS__)
[0m[33m      |                                                       [01;36m[K^~~[m[K
[0m[33m[01m[Ksrc/esphome/components/pn7160/pn7160.cpp:591:7:[m[K [01;36m[Knote: [m[Kin expansion of macro '[01m[KESP_LOGE[m[K'
[0m[33m  591 |       [01;36m[KESP_LOGE[m[K(TAG, "Unsupported tag for formatting");
[0m      |       [01;36m[K^~~~~~~~[m[K
[33m[01m[Ksrc/esphome/components/i2c/i2c.h:153:3:[m[K [01;31m[Kerror: [m[K'[01m[KI2CRegister[m[K' does not name a type
[0m[33m  153 |   [01;31m[KI2CRegister[m[K reg(uint8_t a_register) { return {this, a_register}; }
[0m      |   [01;31m[K^~~~~~~~~~~[m[K
[33m[01m[Ksrc/esphome/components/pn7160/pn7160.cpp:13:26:[m[K [01;36m[Knote: [m[K'[01m[Kesphome::pn7160::TAG[m[K' declared here
[0m[33m   13 | static const char *const [01;36m[KTAG[m[K = "pn7160";
[0m[33m      |                          [01;36m[K^~~[m[K
[0m[33m[01m[Ksrc/esphome/components/pn7160/pn7160.cpp:[m[K At global scope:
[0m[33m[01m[Ksrc/esphome/components/pn7160/pn7160.cpp:597:9:[m[K [01;31m[Kerror: [m[K'[01m[KPN7160[m[K' has not been declared
[0m[33m  597 | uint8_t [01;31m[KPN7160[m[K::write_endpoint_(nfc::NfcTagUid &uid, std::shared_ptr<nfc::NdefMessage> &message) {
[0m      |         [01;31m[K^~~~~~[m[K
[33m[01m[Ksrc/esphome/components/pn7160/pn7160.cpp:[m[K In function '[01m[Kuint8_t esphome::nfc::[01;32m[Kwrite_endpoint_[m[K(NfcTagUid&, std::shared_ptr<NdefMessage>&)[m[K':
[0m[33m[01m[Ksrc/esphome/components/pn7160/pn7160.cpp:601:14:[m[K [01;31m[Kerror: [m[Kinvalid use of '[01m[Kthis[m[K' in non-member function
[0m[33m  601 |       return [01;31m[Kthis[m[K->write_mifare_classic_tag_(message);
[0m[33m      |              [01;31m[K^~~~[m[K
[0m[33m[01m[Ksrc/esphome/components/pn7160/pn7160.cpp:604:14:[m[K [01;31m[Kerror: [m[Kinvalid use of '[01m[Kthis[m[K' in non-member function
[0m[33m  604 |       return [01;31m[Kthis[m[K->write_mifare_ultralight_tag_(uid, message);
[0m[33m      |              [01;31m[K^~~~[m[K
[0m[33m[01m[Ksrc/esphome/components/pn7160/pn7160.cpp:607:16:[m[K [01;31m[Kerror: [m[K'[01m[KTAG[m[K' was not declared in this scope; did you mean '[01m[Kesphome::pn7160::TAG[m[K'?
[0m[33m  607 |       ESP_LOGE([01;31m[KTAG[m[K, "Unsupported tag for writing");
[0m[33m      |                [01;31m[K^~~[m[K
[0m[33m[01m[Ksrc/esphome/core/log.h:127:55:[m[K [01;36m[Knote: [m[Kin definition of macro '[01m[Kesph_log_e[m[K'
[0m[33m  127 |   ::esphome::esp_log_printf_(ESPHOME_LOG_LEVEL_ERROR, [01;36m[Ktag[m[K, __LINE__, ESPHOME_LOG_FORMAT(format), ##__VA_ARGS__)
[0m[33m      |                                                       [01;36m[K^~~[m[K
[0m[33m[01m[Ksrc/esphome/components/pn7160/pn7160.cpp:607:7:[m[K [01;36m[Knote: [m[Kin expansion of macro '[01m[KESP_LOGE[m[K'
[0m[33m  607 |       [01;36m[KESP_LOGE[m[K(TAG, "Unsupported tag for writing");
[0m      |       [01;36m[K^~~~~~~~[m[K
[33m[01m[Ksrc/esphome/components/pn7160/pn7160.cpp:13:26:[m[K [01;36m[Knote: [m[K'[01m[Kesphome::pn7160::TAG[m[K' declared here
[0m[33m   13 | static const char *const [01;36m[KTAG[m[K = "pn7160";
[0m[33m      |                          [01;36m[K^~~[m[K
[0m[33m[01m[Ksrc/esphome/components/pn7160/pn7160.cpp:[m[K At global scope:
[0m[33m[01m[Ksrc/esphome/components/pn7160/pn7160.cpp:613:30:[m[K [01;31m[Kerror: [m[K'[01m[KPN7160[m[K' has not been declared
[0m[33m  613 | std::unique_ptr<nfc::NfcTag> [01;31m[KPN7160[m[K::build_tag_(const uint8_t mode_tech, const std::vector<uint8_t> &data) {
[0m      |                              [01;31m[K^~~~~~[m[K
[33m[01m[Ksrc/esphome/components/pn7160/pn7160.cpp:[m[K In function '[01m[Kstd::unique_ptr<esphome::nfc::NfcTag> esphome::nfc::[01;32m[Kbuild_tag_[m[K(uint8_t, const std::vector<unsigned char>&)[m[K':
[0m[33m[01m[Ksrc/esphome/components/pn7160/pn7160.cpp:618:18:[m[K [01;31m[Kerror: [m[K'[01m[KTAG[m[K' was not declared in this scope; did you mean '[01m[Kesphome::pn7160::TAG[m[K'?
[0m[33m  618 |         ESP_LOGE([01;31m[KTAG[m[K, "UID length cannot be zero");
[0m[33m      |                  [01;31m[K^~~[m[K
[0m[33m[01m[Ksrc/esphome/core/log.h:127:55:[m[K [01;36m[Knote: [m[Kin definition of macro '[01m[Kesph_log_e[m[K'
[0m[33m  127 |   ::esphome::esp_log_printf_(ESPHOME_LOG_LEVEL_ERROR, [01;36m[Ktag[m[K, __LINE__, ESPHOME_LOG_FORMAT(format), ##__VA_ARGS__)
[0m[33m      |                                                       [01;36m[K^~~[m[K
[0m[33m[01m[Ksrc/esphome/components/pn7160/pn7160.cpp:618:9:[m[K [01;36m[Knote: [m[Kin expansion of macro '[01m[KESP_LOGE[m[K'
[0m[33m  618 |         [01;36m[KESP_LOGE[m[K(TAG, "UID length cannot be zero");
[0m      |         [01;36m[K^~~~~~~~[m[K
[33m[01m[Ksrc/esphome/components/pn7160/pn7160.cpp:13:26:[m[K [01;36m[Knote: [m[K'[01m[Kesphome::pn7160::TAG[m[K' declared here
[0m[33m   13 | static const char *const [01;36m[KTAG[m[K = "pn7160";
[0m[33m      |                          [01;36m[K^~~[m[K
[0m[33m[01m[Ksrc/esphome/components/i2c/i2c.h:158:3:[m[K [01;31m[Kerror: [m[K'[01m[KI2CRegister16[m[K' does not name a type
[0m[33m  158 |   [01;31m[KI2CRegister16[m[K reg16(uint16_t a_register) { return {this, a_register}; }
[0m      |   [01;31m[K^~~~~~~~~~~~~[m[K
[33m[01m[Ksrc/esphome/components/pn7160/pn7160.cpp:[m[K At global scope:
[0m[33m[01m[Ksrc/esphome/components/pn7160/pn7160.cpp:630:18:[m[K [01;31m[Kerror: [m[K'[01m[KPN7160[m[K' has not been declared
[0m[33m  630 | optional<size_t> [01;31m[KPN7160[m[K::find_tag_uid_(const nfc::NfcTagUid &uid) {
[0m      |                  [01;31m[K^~~~~~[m[K
[33m[01m[Ksrc/esphome/components/pn7160/pn7160.cpp:[m[K In function '[01m[Kesphome::optional<unsigned int> esphome::nfc::[01;32m[Kfind_tag_uid_[m[K(const NfcTagUid&)[m[K':
[0m[33m[01m[Ksrc/esphome/components/pn7160/pn7160.cpp:631:8:[m[K [01;31m[Kerror: [m[Kinvalid use of '[01m[Kthis[m[K' in non-member function
[0m[33m  631 |   if (![01;31m[Kthis[m[K->discovered_endpoint_.empty()) {
[0m[33m      |        [01;31m[K^~~~[m[K
[0m[33m[01m[Ksrc/esphome/components/pn7160/pn7160.cpp:632:28:[m[K [01;31m[Kerror: [m[Kinvalid use of '[01m[Kthis[m[K' in non-member function
[0m[33m  632 |     for (size_t i = 0; i < [01;31m[Kthis[m[K->discovered_endpoint_.size(); i++) {
[0m[33m      |                            [01;31m[K^~~~[m[K
[0m[33m[01m[Ksrc/esphome/components/pn7160/pn7160.cpp:633:31:[m[K [01;31m[Kerror: [m[Kinvalid use of '[01m[Kthis[m[K' in non-member function
[0m[33m  633 |       auto existing_tag_uid = [01;31m[Kthis[m[K->discovered_endpoint_[i].tag->get_uid();
[0m[33m      |                               [01;31m[K^~~~[m[K
[0m[33m[01m[Ksrc/esphome/components/pn7160/pn7160.cpp:[m[K At global scope:
[0m[33m[01m[Ksrc/esphome/components/pn7160/pn7160.cpp:649:6:[m[K [01;31m[Kerror: [m[K'[01m[KPN7160[m[K' has not been declared
[0m[33m  649 | void [01;31m[KPN7160[m[K::purge_old_tags_() {
[0m      |      [01;31m[K^~~~~~[m[K
[33m[01m[Ksrc/esphome/components/pn7160/pn7160.cpp:[m[K In function '[01m[Kvoid esphome::nfc::[01;32m[Kpurge_old_tags_[m[K()[m[K':
[0m[33m[01m[Ksrc/esphome/components/pn7160/pn7160.cpp:650:26:[m[K [01;31m[Kerror: [m[Kinvalid use of '[01m[Kthis[m[K' in non-member function
[0m[33m  650 |   for (size_t i = 0; i < [01;31m[Kthis[m[K->discovered_endpoint_.size(); i++) {
[0m[33m      |                          [01;31m[K^~~~[m[K
[0m[33m[01m[Ksrc/esphome/components/pn7160/pn7160.cpp:651:20:[m[K [01;31m[Kerror: [m[Kinvalid use of '[01m[Kthis[m[K' in non-member function
[0m[33m  651 |     if (millis() - [01;31m[Kthis[m[K->discovered_endpoint_[i].last_seen > this->tag_ttl_) {
[0m[33m      |                    [01;31m[K^~~~[m[K
[0m[33m[01m[Ksrc/esphome/components/pn7160/pn7160.cpp:651:62:[m[K [01;31m[Kerror: [m[Kinvalid use of '[01m[Kthis[m[K' in non-member function
[0m[33m  651 |     if (millis() - this->discovered_endpoint_[i].last_seen > [01;31m[Kthis[m[K->tag_ttl_) {
[0m[33m      |                                                              [01;31m[K^~~~[m[K
[0m[33m[01m[Ksrc/esphome/components/i2c/i2c.h:164:3:[m[K [01;31m[Kerror: [m[K'[01m[KErrorCode[m[K' does not name a type
[0m[33m  164 |   [01;31m[KErrorCode[m[K read(uint8_t *data, size_t len) const { return bus_->write_readv(this->address_, nullptr, 0, data, len); }
[0m      |   [01;31m[K^~~~~~~~~[m[K
[33m[01m[Ksrc/esphome/components/pn7160/pn7160.cpp:652:7:[m[K [01;31m[Kerror: [m[Kinvalid use of '[01m[Kthis[m[K' in non-member function
[0m[33m  652 |       [01;31m[Kthis[m[K->erase_tag_(i);
[0m[33m      |       [01;31m[K^~~~[m[K
[0m[33m[01m[Ksrc/esphome/components/pn7160/pn7160.cpp:[m[K At global scope:
[0m[33m[01m[Ksrc/esphome/components/pn7160/pn7160.cpp:657:6:[m[K [01;31m[Kerror: [m[K'[01m[KPN7160[m[K' has not been declared
[0m[33m  657 | void [01;31m[KPN7160[m[K::erase_tag_(const uint8_t tag_index) {
[0m      |      [01;31m[K^~~~~~[m[K
[33m[01m[Ksrc/esphome/components/pn7160/pn7160.cpp:[m[K In function '[01m[Kvoid esphome::nfc::[01;32m[Kerase_tag_[m[K(uint8_t)[m[K':
[0m[33m[01m[Ksrc/esphome/components/pn7160/pn7160.cpp:658:19:[m[K [01;31m[Kerror: [m[Kinvalid use of '[01m[Kthis[m[K' in non-member function
[0m[33m  658 |   if (tag_index < [01;31m[Kthis[m[K->discovered_endpoint_.size()) {
[0m[33m      |                   [01;31m[K^~~~[m[K
[0m[33m[01m[Ksrc/esphome/components/pn7160/pn7160.cpp:659:26:[m[K [01;31m[Kerror: [m[Kinvalid use of '[01m[Kthis[m[K' in non-member function
[0m[33m  659 |     for (auto *trigger : [01;31m[Kthis[m[K->triggers_ontagremoved_) {
[0m[33m      |                          [01;31m[K^~~~[m[K
[0m[33m[01m[Ksrc/esphome/components/pn7160/pn7160.cpp:660:24:[m[K [01;31m[Kerror: [m[Kinvalid use of '[01m[Kthis[m[K' in non-member function
[0m[33m  660 |       trigger->process([01;31m[Kthis[m[K->discovered_endpoint_[tag_index].tag);
[0m[33m      |                        [01;31m[K^~~~[m[K
[0m[33m[01m[Ksrc/esphome/components/pn7160/pn7160.cpp:662:27:[m[K [01;31m[Kerror: [m[Kinvalid use of '[01m[Kthis[m[K' in non-member function
[0m[33m  662 |     for (auto *listener : [01;31m[Kthis[m[K->tag_listeners_) {
[0m[33m      |                           [01;31m[K^~~~[m[K
[0m[33m[01m[Ksrc/esphome/components/pn7160/pn7160.cpp:663:26:[m[K [01;31m[Kerror: [m[Kinvalid use of '[01m[Kthis[m[K' in non-member function
[0m[33m  663 |       listener->tag_off(*[01;31m[Kthis[m[K->discovered_endpoint_[tag_index].tag);
[0m[33m      |                          [01;31m[K^~~~[m[K
[0m[33m[01m[Ksrc/esphome/components/pn7160/pn7160.cpp:666:14:[m[K [01;31m[Kerror: [m[K'[01m[KTAG[m[K' was not declared in this scope; did you mean '[01m[Kesphome::pn7160::TAG[m[K'?
[0m[33m  666 |     ESP_LOGI([01;31m[KTAG[m[K, "Tag %s removed", nfc::format_uid_to(uid_buf, this->discovered_endpoint_[tag_index].tag->get_uid()));
[0m[33m      |              [01;31m[K^~~[m[K
[0m[33m[01m[Ksrc/esphome/core/log.h:109:54:[m[K [01;36m[Knote: [m[Kin definition of macro '[01m[Kesph_log_i[m[K'
[0m[33m  109 |   ::esphome::esp_log_printf_(ESPHOME_LOG_LEVEL_INFO, [01;36m[Ktag[m[K, __LINE__, ESPHOME_LOG_FORMAT(format), ##__VA_ARGS__)
[0m[33m      |                                                      [01;36m[K^~~[m[K
[0m[33m[01m[Ksrc/esphome/components/pn7160/pn7160.cpp:666:5:[m[K [01;36m[Knote: [m[Kin expansion of macro '[01m[KESP_LOGI[m[K'
[0m[33m  666 |     [01;36m[KESP_LOGI[m[K(TAG, "Tag %s removed", nfc::format_uid_to(uid_buf, this->discovered_endpoint_[tag_index].tag->get_uid()));
[0m      |     [01;36m[K^~~~~~~~[m[K
[33m[01m[Ksrc/esphome/components/pn7160/pn7160.cpp:13:26:[m[K [01;36m[Knote: [m[K'[01m[Kesphome::pn7160::TAG[m[K' declared here
[0m[33m   13 | static const char *const [01;36m[KTAG[m[K = "pn7160";
[0m[33m      |                          [01;36m[K^~~[m[K
[0m[33m[01m[Ksrc/esphome/components/pn7160/pn7160.cpp:666:65:[m[K [01;31m[Kerror: [m[Kinvalid use of '[01m[Kthis[m[K' in non-member function
[0m[33m  666 |     ESP_LOGI(TAG, "Tag %s removed", nfc::format_uid_to(uid_buf, [01;31m[Kthis[m[K->discovered_endpoint_[tag_index].tag->get_uid()));
[0m[33m      |                                                                 [01;31m[K^~~~[m[K
[0m[33m[01m[Ksrc/esphome/core/log.h:109:99:[m[K [01;36m[Knote: [m[Kin definition of macro '[01m[Kesph_log_i[m[K'
[0m[33m  109 |   ::esphome::esp_log_printf_(ESPHOME_LOG_LEVEL_INFO, tag, __LINE__, ESPHOME_LOG_FORMAT(format), ##[01;36m[K__VA_ARGS__[m[K)
[0m      |                                                                                                   [01;36m[K^~~~~~~~~~~[m[K
[33m[01m[Ksrc/esphome/components/pn7160/pn7160.cpp:666:5:[m[K [01;36m[Knote: [m[Kin expansion of macro '[01m[KESP_LOGI[m[K'
[0m[33m  666 |     [01;36m[KESP_LOGI[m[K(TAG, "Tag %s removed", nfc::format_uid_to(uid_buf, this->discovered_endpoint_[tag_index].tag->get_uid()));
[0m      |     [01;36m[K^~~~~~~~[m[K
[33m[01m[Ksrc/esphome/components/pn7160/pn7160.cpp:667:5:[m[K [01;31m[Kerror: [m[Kinvalid use of '[01m[Kthis[m[K' in non-member function
[0m[33m  667 |     [01;31m[Kthis[m[K->discovered_endpoint_.erase(this->discovered_endpoint_.begin() + tag_index);
[0m[33m      |     [01;31m[K^~~~[m[K
[0m[33m[01m[Ksrc/esphome/components/pn7160/pn7160.cpp:667:38:[m[K [01;31m[Kerror: [m[Kinvalid use of '[01m[Kthis[m[K' in non-member function
[0m[33m  667 |     this->discovered_endpoint_.erase([01;31m[Kthis[m[K->discovered_endpoint_.begin() + tag_index);
[0m[33m      |                                      [01;31m[K^~~~[m[K
[0m[33m[01m[Ksrc/esphome/components/pn7160/pn7160.cpp:[m[K At global scope:
[0m[33m[01m[Ksrc/esphome/components/pn7160/pn7160.cpp:671:6:[m[K [01;31m[Kerror: [m[K'[01m[KPN7160[m[K' has not been declared
[0m[33m  671 | void [01;31m[KPN7160[m[K::nci_fsm_transition_() {
[0m      |      [01;31m[K^~~~~~[m[K
[33m[01m[Ksrc/esphome/components/pn7160/pn7160.cpp:[m[K In function '[01m[Kvoid esphome::nfc::[01;32m[Knci_fsm_transition_[m[K()[m[K':
[0m[33m[01m[Ksrc/esphome/components/pn7160/pn7160.cpp:672:11:[m[K [01;31m[Kerror: [m[Kinvalid use of '[01m[Kthis[m[K' in non-member function
[0m[33m  672 |   switch ([01;31m[Kthis[m[K->nci_state_) {
[0m[33m      |           [01;31m[K^~~~[m[K
[0m[33m[01m[Ksrc/esphome/components/pn7160/pn7160.cpp:673:10:[m[K [01;31m[Kerror: [m[K'[01m[KNCIState[m[K' has not been declared
[0m[33m  673 |     case [01;31m[KNCIState[m[K::NFCC_RESET:
[0m      |          [01;31m[K^~~~~~~~[m[K
[33m[01m[Ksrc/esphome/components/pn7160/pn7160.cpp:674:11:[m[K [01;31m[Kerror: [m[Kinvalid use of '[01m[Kthis[m[K' in non-member function
[0m[33m  674 |       if ([01;31m[Kthis[m[K->reset_core_(true, true) != nfc::STATUS_OK) {
[0m[33m      |           [01;31m[K^~~~[m[K
[0m[33m[01m[Ksrc/esphome/components/pn7160/pn7160.cpp:675:18:[m[K [01;31m[Kerror: [m[K'[01m[KTAG[m[K' was not declared in this scope; did you mean '[01m[Kesphome::pn7160::TAG[m[K'?
[0m[33m  675 |         ESP_LOGE([01;31m[KTAG[m[K, "Failed to reset NCI core");
[0m[33m      |                  [01;31m[K^~~[m[K
[0m[33m[01m[Ksrc/esphome/core/log.h:127:55:[m[K [01;36m[Knote: [m[Kin definition of macro '[01m[Kesph_log_e[m[K'
[0m[33m  127 |   ::esphome::esp_log_printf_(ESPHOME_LOG_LEVEL_ERROR, [01;36m[Ktag[m[K, __LINE__, ESPHOME_LOG_FORMAT(format), ##__VA_ARGS__)
[0m[33m      |                                                       [01;36m[K^~~[m[K
[0m[33m[01m[Ksrc/esphome/components/pn7160/pn7160.cpp:675:9:[m[K [01;36m[Knote: [m[Kin expansion of macro '[01m[KESP_LOGE[m[K'
[0m[33m  675 |         [01;36m[KESP_LOGE[m[K(TAG, "Failed to reset NCI core");
[0m      |         [01;36m[K^~~~~~~~[m[K
[33m[01m[Ksrc/esphome/components/pn7160/pn7160.cpp:13:26:[m[K [01;36m[Knote: [m[K'[01m[Kesphome::pn7160::TAG[m[K' declared here
[0m[33m   13 | static const char *const [01;36m[KTAG[m[K = "pn7160";
[0m[33m      |                          [01;36m[K^~~[m[K
[0m[33m[01m[Ksrc/esphome/components/pn7160/pn7160.cpp:676:9:[m[K [01;31m[Kerror: [m[Kinvalid use of '[01m[Kthis[m[K' in non-member function
[0m[33m  676 |         [01;31m[Kthis[m[K->nci_fsm_set_error_state_(NCIState::NFCC_RESET);
[0m[33m      |         [01;31m[K^~~~[m[K
[0m[33m[01m[Ksrc/esphome/components/i2c/i2c.h:171:3:[m[K [01;31m[Kerror: [m[K'[01m[KErrorCode[m[K' does not name a type
[0m[33m  171 |   [01;31m[KErrorCode[m[K read_register(uint8_t a_register, uint8_t *data, size_t len);
[0m      |   [01;31m[K^~~~~~~~~[m[K
[33m[01m[Ksrc/esphome/components/pn7160/pn7160.cpp:676:40:[m[K [01;31m[Kerror: [m[K'[01m[KNCIState[m[K' has not been declared
[0m[33m  676 |         this->nci_fsm_set_error_state_([01;31m[KNCIState[m[K::NFCC_RESET);
[0m      |                                        [01;31m[K^~~~~~~~[m[K
[33m[01m[Ksrc/esphome/components/pn7160/pn7160.cpp:679:9:[m[K [01;31m[Kerror: [m[Kinvalid use of '[01m[Kthis[m[K' in non-member function
[0m[33m  679 |         [01;31m[Kthis[m[K->nci_fsm_set_state_(NCIState::NFCC_INIT);
[0m[33m      |         [01;31m[K^~~~[m[K
[0m[33m[01m[Ksrc/esphome/components/pn7160/pn7160.cpp:679:34:[m[K [01;31m[Kerror: [m[K'[01m[KNCIState[m[K' has not been declared
[0m[33m  679 |         this->nci_fsm_set_state_([01;31m[KNCIState[m[K::NFCC_INIT);
[0m      |                                  [01;31m[K^~~~~~~~[m[K
[33m[01m[Ksrc/esphome/components/pn7160/pn7160.cpp:683:10:[m[K [01;31m[Kerror: [m[K'[01m[KNCIState[m[K' has not been declared
[0m[33m  683 |     case [01;31m[KNCIState[m[K::NFCC_INIT:
[0m      |          [01;31m[K^~~~~~~~[m[K
[33m[01m[Ksrc/esphome/components/pn7160/pn7160.cpp:684:11:[m[K [01;31m[Kerror: [m[Kinvalid use of '[01m[Kthis[m[K' in non-member function
[0m[33m  684 |       if ([01;31m[Kthis[m[K->init_core_() != nfc::STATUS_OK) {
[0m[33m      |           [01;31m[K^~~~[m[K
[0m[33m[01m[Ksrc/esphome/components/pn7160/pn7160.cpp:685:18:[m[K [01;31m[Kerror: [m[K'[01m[KTAG[m[K' was not declared in this scope; did you mean '[01m[Kesphome::pn7160::TAG[m[K'?
[0m[33m  685 |         ESP_LOGE([01;31m[KTAG[m[K, "Failed to initialise NCI core");
[0m[33m      |                  [01;31m[K^~~[m[K
[0m[33m[01m[Ksrc/esphome/core/log.h:127:55:[m[K [01;36m[Knote: [m[Kin definition of macro '[01m[Kesph_log_e[m[K'
[0m[33m  127 |   ::esphome::esp_log_printf_(ESPHOME_LOG_LEVEL_ERROR, [01;36m[Ktag[m[K, __LINE__, ESPHOME_LOG_FORMAT(format), ##__VA_ARGS__)
[0m[33m      |                                                       [01;36m[K^~~[m[K
[0m[33m[01m[Ksrc/esphome/components/pn7160/pn7160.cpp:685:9:[m[K [01;36m[Knote: [m[Kin expansion of macro '[01m[KESP_LOGE[m[K'
[0m[33m  685 |         [01;36m[KESP_LOGE[m[K(TAG, "Failed to initialise NCI core");
[0m      |         [01;36m[K^~~~~~~~[m[K
[33m[01m[Ksrc/esphome/components/pn7160/pn7160.cpp:13:26:[m[K [01;36m[Knote: [m[K'[01m[Kesphome::pn7160::TAG[m[K' declared here
[0m[33m   13 | static const char *const [01;36m[KTAG[m[K = "pn7160";
[0m[33m      |                          [01;36m[K^~~[m[K
[0m[33m[01m[Ksrc/esphome/components/pn7160/pn7160.cpp:686:9:[m[K [01;31m[Kerror: [m[Kinvalid use of '[01m[Kthis[m[K' in non-member function
[0m[33m  686 |         [01;31m[Kthis[m[K->nci_fsm_set_error_state_(NCIState::NFCC_INIT);
[0m[33m      |         [01;31m[K^~~~[m[K
[0m[33m[01m[Ksrc/esphome/components/pn7160/pn7160.cpp:686:40:[m[K [01;31m[Kerror: [m[K'[01m[KNCIState[m[K' has not been declared
[0m[33m  686 |         this->nci_fsm_set_error_state_([01;31m[KNCIState[m[K::NFCC_INIT);
[0m      |                                        [01;31m[K^~~~~~~~[m[K
[33m[01m[Ksrc/esphome/components/pn7160/pn7160.cpp:689:9:[m[K [01;31m[Kerror: [m[Kinvalid use of '[01m[Kthis[m[K' in non-member function
[0m[33m  689 |         [01;31m[Kthis[m[K->nci_fsm_set_state_(NCIState::NFCC_CONFIG);
[0m[33m      |         [01;31m[K^~~~[m[K
[0m[33m[01m[Ksrc/esphome/components/pn7160/pn7160.cpp:689:34:[m[K [01;31m[Kerror: [m[K'[01m[KNCIState[m[K' has not been declared
[0m[33m  689 |         this->nci_fsm_set_state_([01;31m[KNCIState[m[K::NFCC_CONFIG);
[0m      |                                  [01;31m[K^~~~~~~~[m[K
[33m[01m[Ksrc/esphome/components/pn7160/pn7160.cpp:693:10:[m[K [01;31m[Kerror: [m[K'[01m[KNCIState[m[K' has not been declared
[0m[33m  693 |     case [01;31m[KNCIState[m[K::NFCC_CONFIG:
[0m      |          [01;31m[K^~~~~~~~[m[K
[33m[01m[Ksrc/esphome/components/pn7160/pn7160.cpp:694:11:[m[K [01;31m[Kerror: [m[Kinvalid use of '[01m[Kthis[m[K' in non-member function
[0m[33m  694 |       if ([01;31m[Kthis[m[K->send_init_config_() != nfc::STATUS_OK) {
[0m[33m      |           [01;31m[K^~~~[m[K
[0m[33m[01m[Ksrc/esphome/components/pn7160/pn7160.cpp:695:18:[m[K [01;31m[Kerror: [m[K'[01m[KTAG[m[K' was not declared in this scope; did you mean '[01m[Kesphome::pn7160::TAG[m[K'?
[0m[33m  695 |         ESP_LOGE([01;31m[KTAG[m[K, "Failed to send initial config");
[0m[33m      |                  [01;31m[K^~~[m[K
[0m[33m[01m[Ksrc/esphome/core/log.h:127:55:[m[K [01;36m[Knote: [m[Kin definition of macro '[01m[Kesph_log_e[m[K'
[0m[33m  127 |   ::esphome::esp_log_printf_(ESPHOME_LOG_LEVEL_ERROR, [01;36m[Ktag[m[K, __LINE__, ESPHOME_LOG_FORMAT(format), ##__VA_ARGS__)
[0m[33m      |                                                       [01;36m[K^~~[m[K
[0m[33m[01m[Ksrc/esphome/components/pn7160/pn7160.cpp:695:9:[m[K [01;36m[Knote: [m[Kin expansion of macro '[01m[KESP_LOGE[m[K'
[0m[33m  695 |         [01;36m[KESP_LOGE[m[K(TAG, "Failed to send initial config");
[0m      |         [01;36m[K^~~~~~~~[m[K
[33m[01m[Ksrc/esphome/components/pn7160/pn7160.cpp:13:26:[m[K [01;36m[Knote: [m[K'[01m[Kesphome::pn7160::TAG[m[K' declared here
[0m[33m   13 | static const char *const [01;36m[KTAG[m[K = "pn7160";
[0m[33m      |                          [01;36m[K^~~[m[K
[0m[33m[01m[Ksrc/esphome/components/pn7160/pn7160.cpp:696:9:[m[K [01;31m[Kerror: [m[Kinvalid use of '[01m[Kthis[m[K' in non-member function
[0m[33m  696 |         [01;31m[Kthis[m[K->nci_fsm_set_error_state_(NCIState::NFCC_CONFIG);
[0m[33m      |         [01;31m[K^~~~[m[K
[0m[33m[01m[Ksrc/esphome/components/pn7160/pn7160.cpp:696:40:[m[K [01;31m[Kerror: [m[K'[01m[KNCIState[m[K' has not been declared
[0m[33m  696 |         this->nci_fsm_set_error_state_([01;31m[KNCIState[m[K::NFCC_CONFIG);
[0m      |                                        [01;31m[K^~~~~~~~[m[K
[33m[01m[Ksrc/esphome/components/pn7160/pn7160.cpp:699:9:[m[K [01;31m[Kerror: [m[Kinvalid use of '[01m[Kthis[m[K' in non-member function
[0m[33m  699 |         [01;31m[Kthis[m[K->config_refresh_pending_ = false;
[0m[33m      |         [01;31m[K^~~~[m[K
[0m[33m[01m[Ksrc/esphome/components/pn7160/pn7160.cpp:700:9:[m[K [01;31m[Kerror: [m[Kinvalid use of '[01m[Kthis[m[K' in non-member function
[0m[33m  700 |         [01;31m[Kthis[m[K->nci_fsm_set_state_(NCIState::NFCC_SET_DISCOVER_MAP);
[0m[33m      |         [01;31m[K^~~~[m[K
[0m[33m[01m[Ksrc/esphome/components/pn7160/pn7160.cpp:700:34:[m[K [01;31m[Kerror: [m[K'[01m[KNCIState[m[K' has not been declared
[0m[33m  700 |         this->nci_fsm_set_state_([01;31m[KNCIState[m[K::NFCC_SET_DISCOVER_MAP);
[0m      |                                  [01;31m[K^~~~~~~~[m[K
[33m[01m[Ksrc/esphome/components/pn7160/pn7160.cpp:704:10:[m[K [01;31m[Kerror: [m[K'[01m[KNCIState[m[K' has not been declared
[0m[33m  704 |     case [01;31m[KNCIState[m[K::NFCC_SET_DISCOVER_MAP:
[0m      |          [01;31m[K^~~~~~~~[m[K
[33m[01m[Ksrc/esphome/components/pn7160/pn7160.cpp:705:11:[m[K [01;31m[Kerror: [m[Kinvalid use of '[01m[Kthis[m[K' in non-member function
[0m[33m  705 |       if ([01;31m[Kthis[m[K->set_discover_map_() != nfc::STATUS_OK) {
[0m[33m      |           [01;31m[K^~~~[m[K
[0m[33m[01m[Ksrc/esphome/components/i2c/i2c.h:178:3:[m[K [01;31m[Kerror: [m[K'[01m[KErrorCode[m[K' does not name a type
[0m[33m  178 |   [01;31m[KErrorCode[m[K read_register16(uint16_t a_register, uint8_t *data, size_t len);
[0m      |   [01;31m[K^~~~~~~~~[m[K
[33m[01m[Ksrc/esphome/components/i2c/i2c.h:184:3:[m[K [01;31m[Kerror: [m[K'[01m[KErrorCode[m[K' does not name a type
[0m[33m  184 |   [01;31m[KErrorCode[m[K write(const uint8_t *data, size_t len) const {
[0m      |   [01;31m[K^~~~~~~~~[m[K
[33m[01m[Ksrc/esphome/components/pn7160/pn7160.cpp:706:18:[m[K [01;31m[Kerror: [m[K'[01m[KTAG[m[K' was not declared in this scope; did you mean '[01m[Kesphome::pn7160::TAG[m[K'?
[0m[33m  706 |         ESP_LOGE([01;31m[KTAG[m[K, "Failed to set discover map");
[0m[33m      |                  [01;31m[K^~~[m[K
[0m[33m[01m[Ksrc/esphome/core/log.h:127:55:[m[K [01;36m[Knote: [m[Kin definition of macro '[01m[Kesph_log_e[m[K'
[0m[33m  127 |   ::esphome::esp_log_printf_(ESPHOME_LOG_LEVEL_ERROR, [01;36m[Ktag[m[K, __LINE__, ESPHOME_LOG_FORMAT(format), ##__VA_ARGS__)
[0m[33m      |                                                       [01;36m[K^~~[m[K
[0m[33m[01m[Ksrc/esphome/components/pn7160/pn7160.cpp:706:9:[m[K [01;36m[Knote: [m[Kin expansion of macro '[01m[KESP_LOGE[m[K'
[0m[33m  706 |         [01;36m[KESP_LOGE[m[K(TAG, "Failed to set discover map");
[0m      |         [01;36m[K^~~~~~~~[m[K
[33m[01m[Ksrc/esphome/components/i2c/i2c.h:194:3:[m[K [01;31m[Kerror: [m[K'[01m[KErrorCode[m[K' does not name a type
[0m[33m  194 |   [01;31m[KErrorCode[m[K write_read(const uint8_t *write_data, size_t write_len, uint8_t *read_data, size_t read_len) const {
[0m      |   [01;31m[K^~~~~~~~~[m[K
[33m[01m[Ksrc/esphome/components/pn7160/pn7160.cpp:13:26:[m[K [01;36m[Knote: [m[K'[01m[Kesphome::pn7160::TAG[m[K' declared here
[0m[33m   13 | static const char *const [01;36m[KTAG[m[K = "pn7160";
[0m[33m      |                          [01;36m[K^~~[m[K
[0m[33m[01m[Ksrc/esphome/components/pn7160/pn7160.cpp:707:9:[m[K [01;31m[Kerror: [m[Kinvalid use of '[01m[Kthis[m[K' in non-member function
[0m[33m  707 |         [01;31m[Kthis[m[K->nci_fsm_set_error_state_(NCIState::NFCC_SET_LISTEN_MODE_ROUTING);
[0m[33m      |         [01;31m[K^~~~[m[K
[0m[33m[01m[Ksrc/esphome/components/pn7160/pn7160.cpp:707:40:[m[K [01;31m[Kerror: [m[K'[01m[KNCIState[m[K' has not been declared
[0m[33m  707 |         this->nci_fsm_set_error_state_([01;31m[KNCIState[m[K::NFCC_SET_LISTEN_MODE_ROUTING);
[0m      |                                        [01;31m[K^~~~~~~~[m[K
[33m[01m[Ksrc/esphome/components/pn7160/pn7160.cpp:710:9:[m[K [01;31m[Kerror: [m[Kinvalid use of '[01m[Kthis[m[K' in non-member function
[0m[33m  710 |         [01;31m[Kthis[m[K->nci_fsm_set_state_(NCIState::NFCC_SET_LISTEN_MODE_ROUTING);
[0m[33m      |         [01;31m[K^~~~[m[K
[0m[33m[01m[Ksrc/esphome/components/pn7160/pn7160.cpp:710:34:[m[K [01;31m[Kerror: [m[K'[01m[KNCIState[m[K' has not been declared
[0m[33m  710 |         this->nci_fsm_set_state_([01;31m[KNCIState[m[K::NFCC_SET_LISTEN_MODE_ROUTING);
[0m      |                                  [01;31m[K^~~~~~~~[m[K
[33m[01m[Ksrc/esphome/components/pn7160/pn7160.cpp:714:10:[m[K [01;31m[Kerror: [m[K'[01m[KNCIState[m[K' has not been declared
[0m[33m  714 |     case [01;31m[KNCIState[m[K::NFCC_SET_LISTEN_MODE_ROUTING:
[0m      |          [01;31m[K^~~~~~~~[m[K
[33m[01m[Ksrc/esphome/components/pn7160/pn7160.cpp:715:11:[m[K [01;31m[Kerror: [m[Kinvalid use of '[01m[Kthis[m[K' in non-member function
[0m[33m  715 |       if ([01;31m[Kthis[m[K->set_listen_mode_routing_() != nfc::STATUS_OK) {
[0m[33m      |           [01;31m[K^~~~[m[K
[0m[33m[01m[Ksrc/esphome/components/pn7160/pn7160.cpp:716:18:[m[K [01;31m[Kerror: [m[K'[01m[KTAG[m[K' was not declared in this scope; did you mean '[01m[Kesphome::pn7160::TAG[m[K'?
[0m[33m  716 |         ESP_LOGE([01;31m[KTAG[m[K, "Failed to set listen mode routing");
[0m[33m      |                  [01;31m[K^~~[m[K
[0m[33m[01m[Ksrc/esphome/core/log.h:127:55:[m[K [01;36m[Knote: [m[Kin definition of macro '[01m[Kesph_log_e[m[K'
[0m[33m  127 |   ::esphome::esp_log_printf_(ESPHOME_LOG_LEVEL_ERROR, [01;36m[Ktag[m[K, __LINE__, ESPHOME_LOG_FORMAT(format), ##__VA_ARGS__)
[0m[33m      |                                                       [01;36m[K^~~[m[K
[0m[33m[01m[Ksrc/esphome/components/pn7160/pn7160.cpp:716:9:[m[K [01;36m[Knote: [m[Kin expansion of macro '[01m[KESP_LOGE[m[K'
[0m[33m  716 |         [01;36m[KESP_LOGE[m[K(TAG, "Failed to set listen mode routing");
[0m      |         [01;36m[K^~~~~~~~[m[K
[33m[01m[Ksrc/esphome/components/pn7160/pn7160.cpp:13:26:[m[K [01;36m[Knote: [m[K'[01m[Kesphome::pn7160::TAG[m[K' declared here
[0m[33m   13 | static const char *const [01;36m[KTAG[m[K = "pn7160";
[0m[33m      |                          [01;36m[K^~~[m[K
[0m[33m[01m[Ksrc/esphome/components/pn7160/pn7160.cpp:717:9:[m[K [01;31m[Kerror: [m[Kinvalid use of '[01m[Kthis[m[K' in non-member function
[0m[33m  717 |         [01;31m[Kthis[m[K->nci_fsm_set_error_state_(NCIState::RFST_IDLE);
[0m[33m      |         [01;31m[K^~~~[m[K
[0m[33m[01m[Ksrc/esphome/components/pn7160/pn7160.cpp:717:40:[m[K [01;31m[Kerror: [m[K'[01m[KNCIState[m[K' has not been declared
[0m[33m  717 |         this->nci_fsm_set_error_state_([01;31m[KNCIState[m[K::RFST_IDLE);
[0m      |                                        [01;31m[K^~~~~~~~[m[K
[33m[01m[Ksrc/esphome/components/pn7160/pn7160.cpp:720:9:[m[K [01;31m[Kerror: [m[Kinvalid use of '[01m[Kthis[m[K' in non-member function
[0m[33m  720 |         [01;31m[Kthis[m[K->nci_fsm_set_state_(NCIState::RFST_IDLE);
[0m[33m      |         [01;31m[K^~~~[m[K
[0m[33m[01m[Ksrc/esphome/components/pn7160/pn7160.cpp:720:34:[m[K [01;31m[Kerror: [m[K'[01m[KNCIState[m[K' has not been declared
[0m[33m  720 |         this->nci_fsm_set_state_([01;31m[KNCIState[m[K::RFST_IDLE);
[0m      |                                  [01;31m[K^~~~~~~~[m[K
[33m[01m[Ksrc/esphome/components/pn7160/pn7160.cpp:724:10:[m[K [01;31m[Kerror: [m[K'[01m[KNCIState[m[K' has not been declared
[0m[33m  724 |     case [01;31m[KNCIState[m[K::RFST_IDLE:
[0m      |          [01;31m[K^~~~~~~~[m[K
[33m[01m[Ksrc/esphome/components/pn7160/pn7160.cpp:725:11:[m[K [01;31m[Kerror: [m[Kinvalid use of '[01m[Kthis[m[K' in non-member function
[0m[33m  725 |       if ([01;31m[Kthis[m[K->nci_state_error_ == NCIState::RFST_DISCOVERY) {
[0m[33m      |           [01;31m[K^~~~[m[K
[0m[33m[01m[Ksrc/esphome/components/pn7160/pn7160.cpp:725:37:[m[K [01;31m[Kerror: [m[K'[01m[KNCIState[m[K' has not been declared
[0m[33m  725 |       if (this->nci_state_error_ == [01;31m[KNCIState[m[K::RFST_DISCOVERY) {
[0m      |                                     [01;31m[K^~~~~~~~[m[K
[33m[01m[Ksrc/esphome/components/pn7160/pn7160.cpp:726:9:[m[K [01;31m[Kerror: [m[Kinvalid use of '[01m[Kthis[m[K' in non-member function
[0m[33m  726 |         [01;31m[Kthis[m[K->stop_discovery_();
[0m[33m      |         [01;31m[K^~~~[m[K
[0m[33m[01m[Ksrc/esphome/components/pn7160/pn7160.cpp:729:11:[m[K [01;31m[Kerror: [m[Kinvalid use of '[01m[Kthis[m[K' in non-member function
[0m[33m  729 |       if ([01;31m[Kthis[m[K->config_refresh_pending_) {
[0m[33m      |           [01;31m[K^~~~[m[K
[0m[33m[01m[Ksrc/esphome/components/pn7160/pn7160.cpp:730:9:[m[K [01;31m[Kerror: [m[Kinvalid use of '[01m[Kthis[m[K' in non-member function
[0m[33m  730 |         [01;31m[Kthis[m[K->refresh_core_config_();
[0m[33m      |         [01;31m[K^~~~[m[K
[0m[33m[01m[Ksrc/esphome/components/pn7160/pn7160.cpp:733:12:[m[K [01;31m[Kerror: [m[Kinvalid use of '[01m[Kthis[m[K' in non-member function
[0m[33m  733 |       if (![01;31m[Kthis[m[K->listening_enabled_ && !this->polling_enabled_) {
[0m[33m      |            [01;31m[K^~~~[m[K
[0m[33m[01m[Ksrc/esphome/components/pn7160/pn7160.cpp:733:41:[m[K [01;31m[Kerror: [m[Kinvalid use of '[01m[Kthis[m[K' in non-member function
[0m[33m  733 |       if (!this->listening_enabled_ && ![01;31m[Kthis[m[K->polling_enabled_) {
[0m[33m      |                                         [01;31m[K^~~~[m[K
[0m[33m[01m[Ksrc/esphome/components/pn7160/pn7160.cpp:737:11:[m[K [01;31m[Kerror: [m[Kinvalid use of '[01m[Kthis[m[K' in non-member function
[0m[33m  737 |       if ([01;31m[Kthis[m[K->start_discovery_() != nfc::STATUS_OK) {
[0m[33m      |           [01;31m[K^~~~[m[K
[0m[33m[01m[Ksrc/esphome/components/pn7160/pn7160.cpp:739:9:[m[K [01;31m[Kerror: [m[Kinvalid use of '[01m[Kthis[m[K' in non-member function
[0m[33m  739 |         [01;31m[Kthis[m[K->nci_fsm_set_error_state_(NCIState::RFST_DISCOVERY);
[0m[33m      |         [01;31m[K^~~~[m[K
[0m[33m[01m[Ksrc/esphome/components/pn7160/pn7160.cpp:739:40:[m[K [01;31m[Kerror: [m[K'[01m[KNCIState[m[K' has not been declared
[0m[33m  739 |         this->nci_fsm_set_error_state_([01;31m[KNCIState[m[K::RFST_DISCOVERY);
[0m      |                                        [01;31m[K^~~~~~~~[m[K
[33m[01m[Ksrc/esphome/components/pn7160/pn7160.cpp:741:9:[m[K [01;31m[Kerror: [m[Kinvalid use of '[01m[Kthis[m[K' in non-member function
[0m[33m  741 |         [01;31m[Kthis[m[K->nci_fsm_set_state_(NCIState::RFST_DISCOVERY);
[0m[33m      |         [01;31m[K^~~~[m[K
[0m[33m[01m[Ksrc/esphome/components/pn7160/pn7160.cpp:741:34:[m[K [01;31m[Kerror: [m[K'[01m[KNCIState[m[K' has not been declared
[0m[33m  741 |         this->nci_fsm_set_state_([01;31m[KNCIState[m[K::RFST_DISCOVERY);
[0m      |                                  [01;31m[K^~~~~~~~[m[K
[33m[01m[Ksrc/esphome/components/pn7160/pn7160.cpp:745:10:[m[K [01;31m[Kerror: [m[K'[01m[KNCIState[m[K' has not been declared
[0m[33m  745 |     case [01;31m[KNCIState[m[K::RFST_W4_HOST_SELECT:
[0m      |          [01;31m[K^~~~~~~~[m[K
[33m[01m[Ksrc/esphome/components/i2c/i2c.h:203:3:[m[K [01;31m[Kerror: [m[K'[01m[KErrorCode[m[K' does not name a type
[0m[33m  203 |   [01;31m[KErrorCode[m[K write_register(uint8_t a_register, const uint8_t *data, size_t len) const;
[0m      |   [01;31m[K^~~~~~~~~[m[K
[33m[01m[Ksrc/esphome/components/pn7160/pn7160.cpp:746:7:[m[K [01;31m[Kerror: [m[K'[01m[Kselect_endpoint_[m[K' was not declared in this scope; did you mean '[01m[Kesphome::nfc::select_endpoint_[m[K'?
[0m[33m  746 |       [01;31m[Kselect_endpoint_[m[K();
[0m      |       [01;31m[K^~~~~~~~~~~~~~~~[m[K
[33m      |       [32m[Kesphome::nfc::select_endpoint_[m[K
[0m[33m[01m[Ksrc/esphome/components/pn7160/pn7160.cpp:517:6:[m[K [01;36m[Knote: [m[K'[01m[Kesphome::nfc::select_endpoint_[m[K' declared here
[0m[33m  517 | void [01;36m[KPN7160[m[K::select_endpoint_() {
[0m      |      [01;36m[K^~~~~~[m[K
[33m[01m[Ksrc/esphome/components/pn7160/pn7160.cpp:750:10:[m[K [01;31m[Kerror: [m[K'[01m[KNCIState[m[K' has not been declared
[0m[33m  750 |     case [01;31m[KNCIState[m[K::RFST_DISCOVERY:
[0m      |          [01;31m[K^~~~~~~~[m[K
[33m[01m[Ksrc/esphome/components/pn7160/pn7160.cpp:751:11:[m[K [01;31m[Kerror: [m[Kinvalid use of '[01m[Kthis[m[K' in non-member function
[0m[33m  751 |       if ([01;31m[Kthis[m[K->config_refresh_pending_) {
[0m[33m      |           [01;31m[K^~~~[m[K
[0m[33m[01m[Ksrc/esphome/components/pn7160/pn7160.cpp:752:9:[m[K [01;31m[Kerror: [m[Kinvalid use of '[01m[Kthis[m[K' in non-member function
[0m[33m  752 |         [01;31m[Kthis[m[K->refresh_core_config_();
[0m[33m      |         [01;31m[K^~~~[m[K
[0m[33m[01m[Ksrc/esphome/components/pn7160/pn7160.cpp:756:10:[m[K [01;31m[Kerror: [m[K'[01m[KNCIState[m[K' has not been declared
[0m[33m  756 |     case [01;31m[KNCIState[m[K::RFST_LISTEN_ACTIVE:
[0m      |          [01;31m[K^~~~~~~~[m[K
[33m[01m[Ksrc/esphome/components/pn7160/pn7160.cpp:757:10:[m[K [01;31m[Kerror: [m[K'[01m[KNCIState[m[K' has not been declared
[0m[33m  757 |     case [01;31m[KNCIState[m[K::RFST_LISTEN_SLEEP:
[0m      |          [01;31m[K^~~~~~~~[m[K
[33m[01m[Ksrc/esphome/components/pn7160/pn7160.cpp:758:10:[m[K [01;31m[Kerror: [m[K'[01m[KNCIState[m[K' has not been declared
[0m[33m  758 |     case [01;31m[KNCIState[m[K::RFST_POLL_ACTIVE:
[0m      |          [01;31m[K^~~~~~~~[m[K
[33m[01m[Ksrc/esphome/components/pn7160/pn7160.cpp:759:10:[m[K [01;31m[Kerror: [m[K'[01m[KNCIState[m[K' has not been declared
[0m[33m  759 |     case [01;31m[KNCIState[m[K::EP_SELECTING:
[0m      |          [01;31m[K^~~~~~~~[m[K
[33m[01m[Ksrc/esphome/components/pn7160/pn7160.cpp:760:10:[m[K [01;31m[Kerror: [m[K'[01m[KNCIState[m[K' has not been declared
[0m[33m  760 |     case [01;31m[KNCIState[m[K::EP_DEACTIVATING:
[0m      |          [01;31m[K^~~~~~~~[m[K
[33m[01m[Ksrc/esphome/components/pn7160/pn7160.cpp:761:11:[m[K [01;31m[Kerror: [m[Kinvalid use of '[01m[Kthis[m[K' in non-member function
[0m[33m  761 |       if ([01;31m[Kthis[m[K->irq_pin_->digital_read()) {
[0m[33m      |           [01;31m[K^~~~[m[K
[0m[33m[01m[Ksrc/esphome/components/pn7160/pn7160.cpp:762:9:[m[K [01;31m[Kerror: [m[Kinvalid use of '[01m[Kthis[m[K' in non-member function
[0m[33m  762 |         [01;31m[Kthis[m[K->process_message_();
[0m[33m      |         [01;31m[K^~~~[m[K
[0m[33m[01m[Ksrc/esphome/components/pn7160/pn7160.cpp:766:10:[m[K [01;31m[Kerror: [m[K'[01m[KNCIState[m[K' has not been declared
[0m[33m  766 |     case [01;31m[KNCIState[m[K::FAILED:
[0m      |          [01;31m[K^~~~~~~~[m[K
[33m[01m[Ksrc/esphome/components/pn7160/pn7160.cpp:767:10:[m[K [01;31m[Kerror: [m[K'[01m[KNCIState[m[K' has not been declared
[0m[33m  767 |     case [01;31m[KNCIState[m[K::NONE:
[0m      |          [01;31m[K^~~~~~~~[m[K
[33m[01m[Ksrc/esphome/components/pn7160/pn7160.cpp:[m[K At global scope:
[0m[33m[01m[Ksrc/esphome/components/pn7160/pn7160.cpp:773:6:[m[K [01;31m[Kerror: [m[K'[01m[KPN7160[m[K' has not been declared
[0m[33m  773 | void [01;31m[KPN7160[m[K::nci_fsm_set_state_(NCIState new_state) {
[0m      |      [01;31m[K^~~~~~[m[K
[33m[01m[Ksrc/esphome/components/pn7160/pn7160.cpp:773:6:[m[K [01;31m[Kerror: [m[Kvariable or field '[01m[Knci_fsm_set_state_[m[K' declared void
[0m[33m[01m[Ksrc/esphome/components/pn7160/pn7160.cpp:773:33:[m[K [01;31m[Kerror: [m[K'[01m[KNCIState[m[K' was not declared in this scope; did you mean '[01m[Kesphome::pn7160::NCIState[m[K'?
[0m[33m  773 | void PN7160::nci_fsm_set_state_([01;31m[KNCIState[m[K new_state) {
[0m      |                                 [01;31m[K^~~~~~~~[m[K
[33m      |                                 [32m[Kesphome::pn7160::NCIState[m[K
[0m[33m[01m[Ksrc/esphome/components/pn7160/pn7160.h:154:12:[m[K [01;36m[Knote: [m[K'[01m[Kesphome::pn7160::NCIState[m[K' declared here
[0m[33m  154 | enum class [01;36m[KNCIState[m[K : uint8_t {
[0m      |            [01;36m[K^~~~~~~~[m[K
[33m[01m[Ksrc/esphome/components/pn7160/pn7160.cpp:781:6:[m[K [01;31m[Kerror: [m[K'[01m[KPN7160[m[K' has not been declared
[0m[33m  781 | bool [01;31m[KPN7160[m[K::nci_fsm_set_error_state_(NCIState new_state) {
[0m      |      [01;31m[K^~~~~~[m[K
[33m[01m[Ksrc/esphome/components/pn7160/pn7160.cpp:781:48:[m[K [01;31m[Kerror: [m[Kexpected primary-expression before '[01m[Knew_state[m[K'
[0m[33m  781 | bool PN7160::nci_fsm_set_error_state_(NCIState [01;31m[Knew_state[m[K) {
[0m      |                                                [01;31m[K^~~~~~~~~[m[K
[33m[01m[Ksrc/esphome/components/pn7160/pn7160.cpp:798:6:[m[K [01;31m[Kerror: [m[K'[01m[KPN7160[m[K' has not been declared
[0m[33m  798 | void [01;31m[KPN7160[m[K::process_message_() {
[0m      |      [01;31m[K^~~~~~[m[K
[33m[01m[Ksrc/esphome/components/pn7160/pn7160.cpp:[m[K In function '[01m[Kvoid esphome::nfc::[01;32m[Kprocess_message_[m[K()[m[K':
[0m[33m[01m[Ksrc/esphome/components/pn7160/pn7160.cpp:800:7:[m[K [01;31m[Kerror: [m[Kinvalid use of '[01m[Kthis[m[K' in non-member function
[0m[33m  800 |   if ([01;31m[Kthis[m[K->read_nfcc(rx, NFCC_DEFAULT_TIMEOUT) != nfc::STATUS_OK) {
[0m[33m      |       [01;31m[K^~~~[m[K
[0m[33m[01m[Ksrc/esphome/components/pn7160/pn7160.cpp:800:27:[m[K [01;31m[Kerror: [m[K'[01m[KNFCC_DEFAULT_TIMEOUT[m[K' was not declared in this scope; did you mean '[01m[Kesphome::pn7160::NFCC_DEFAULT_TIMEOUT[m[K'?
[0m[33m  800 |   if (this->read_nfcc(rx, [01;31m[KNFCC_DEFAULT_TIMEOUT[m[K) != nfc::STATUS_OK) {
[0m      |                           [01;31m[K^~~~~~~~~~~~~~~~~~~~[m[K
[33m      |                           [32m[Kesphome::pn7160::NFCC_DEFAULT_TIMEOUT[m[K
[0m[33m[01m[Ksrc/esphome/components/pn7160/pn7160.h:46:23:[m[K [01;36m[Knote: [m[K'[01m[Kesphome::pn7160::NFCC_DEFAULT_TIMEOUT[m[K' declared here
[0m[33m   46 | static const uint16_t [01;36m[KNFCC_DEFAULT_TIMEOUT[m[K = 10;
[0m      |                       [01;36m[K^~~~~~~~~~~~~~~~~~~~[m[K
[33m[01m[Ksrc/esphome/components/pn7160/pn7160.cpp:810:13:[m[K [01;31m[Kerror: [m[Kinvalid use of '[01m[Kthis[m[K' in non-member function
[0m[33m  810 |             [01;31m[Kthis[m[K->process_rf_intf_activated_oid_(rx);
[0m[33m      |             [01;31m[K^~~~[m[K
[0m[33m[01m[Ksrc/esphome/components/pn7160/pn7160.cpp:815:13:[m[K [01;31m[Kerror: [m[Kinvalid use of '[01m[Kthis[m[K' in non-member function
[0m[33m  815 |             [01;31m[Kthis[m[K->process_rf_discover_oid_(rx);
[0m[33m      |             [01;31m[K^~~~[m[K
[0m[33m[01m[Ksrc/esphome/components/pn7160/pn7160.cpp:820:13:[m[K [01;31m[Kerror: [m[Kinvalid use of '[01m[Kthis[m[K' in non-member function
[0m[33m  820 |             [01;31m[Kthis[m[K->process_rf_deactivate_oid_(rx);
[0m[33m      |             [01;31m[K^~~~[m[K
[0m[33m[01m[Ksrc/esphome/components/pn7160/pn7160.cpp:838:21:[m[K [01;31m[Kerror: [m[Kinvalid use of '[01m[Kthis[m[K' in non-member function
[0m[33m  838 |                 if ([01;31m[Kthis[m[K->nci_state_ == NCIState::EP_SELECTING) {
[0m[33m      |                     [01;31m[K^~~~[m[K
[0m[33m[01m[Ksrc/esphome/components/pn7160/pn7160.cpp:838:41:[m[K [01;31m[Kerror: [m[K'[01m[KNCIState[m[K' has not been declared
[0m[33m  838 |                 if (this->nci_state_ == [01;31m[KNCIState[m[K::EP_SELECTING) {
[0m      |                                         [01;31m[K^~~~~~~~[m[K
[33m[01m[Ksrc/esphome/components/i2c/i2c.h:210:3:[m[K [01;31m[Kerror: [m[K'[01m[KErrorCode[m[K' does not name a type
[0m[33m  210 |   [01;31m[KErrorCode[m[K write_register16(uint16_t a_register, const uint8_t *data, size_t len) const;
[0m      |   [01;31m[K^~~~~~~~~[m[K
[33m[01m[Ksrc/esphome/components/pn7160/pn7160.cpp:839:19:[m[K [01;31m[Kerror: [m[Kinvalid use of '[01m[Kthis[m[K' in non-member function
[0m[33m  839 |                   [01;31m[Kthis[m[K->nci_fsm_set_state_(NCIState::RFST_W4_HOST_SELECT);
[0m[33m      |                   [01;31m[K^~~~[m[K
[0m[33m[01m[Ksrc/esphome/components/pn7160/pn7160.cpp:839:44:[m[K [01;31m[Kerror: [m[K'[01m[KNCIState[m[K' has not been declared
[0m[33m  839 |                   this->nci_fsm_set_state_([01;31m[KNCIState[m[K::RFST_W4_HOST_SELECT);
[0m      |                                            [01;31m[K^~~~~~~~[m[K
[33m[01m[Ksrc/esphome/components/pn7160/pn7160.cpp:840:24:[m[K [01;31m[Kerror: [m[Kinvalid use of '[01m[Kthis[m[K' in non-member function
[0m[33m  840 |                   if (![01;31m[Kthis[m[K->discovered_endpoint_.empty()) {
[0m[33m      |                        [01;31m[K^~~~[m[K
[0m[33m[01m[Ksrc/esphome/components/pn7160/pn7160.cpp:841:21:[m[K [01;31m[Kerror: [m[Kinvalid use of '[01m[Kthis[m[K' in non-member function
[0m[33m  841 |                     [01;31m[Kthis[m[K->erase_tag_(this->selecting_endpoint_);
[0m[33m      |                     [01;31m[K^~~~[m[K
[0m[33m[01m[Ksrc/esphome/components/pn7160/pn7160.cpp:841:38:[m[K [01;31m[Kerror: [m[Kinvalid use of '[01m[Kthis[m[K' in non-member function
[0m[33m  841 |                     this->erase_tag_([01;31m[Kthis[m[K->selecting_endpoint_);
[0m[33m      |                                      [01;31m[K^~~~[m[K
[0m[33m[01m[Ksrc/esphome/components/pn7160/pn7160.cpp:844:19:[m[K [01;31m[Kerror: [m[Kinvalid use of '[01m[Kthis[m[K' in non-member function
[0m[33m  844 |                   [01;31m[Kthis[m[K->stop_discovery_();
[0m[33m      |                   [01;31m[K^~~~[m[K
[0m[33m[01m[Ksrc/esphome/components/pn7160/pn7160.cpp:845:19:[m[K [01;31m[Kerror: [m[Kinvalid use of '[01m[Kthis[m[K' in non-member function
[0m[33m  845 |                   [01;31m[Kthis[m[K->nci_fsm_set_state_(NCIState::RFST_IDLE);
[0m[33m      |                   [01;31m[K^~~~[m[K
[0m[33m[01m[Ksrc/esphome/components/pn7160/pn7160.cpp:845:44:[m[K [01;31m[Kerror: [m[K'[01m[KNCIState[m[K' has not been declared
[0m[33m  845 |                   this->nci_fsm_set_state_([01;31m[KNCIState[m[K::RFST_IDLE);
[0m      |                                            [01;31m[K^~~~~~~~[m[K
[33m[01m[Ksrc/esphome/components/pn7160/pn7160.cpp:854:26:[m[K [01;31m[Kerror: [m[K'[01m[KTAG[m[K' was not declared in this scope; did you mean '[01m[Kesphome::pn7160::TAG[m[K'?
[0m[31m  854 |                 ESP_LOGW([01;31m[KTAG[m[K, "Unknown error: 0x%02X", rx.get_simple_status_response());
[0m[33m      |                          [01;31m[K^~~[m[K
[0m[33m[01m[Ksrc/esphome/core/log.h:118:54:[m[K [01;36m[Knote: [m[Kin definition of macro '[01m[Kesph_log_w[m[K'
[0m[33m  118 |   ::esphome::esp_log_printf_(ESPHOME_LOG_LEVEL_WARN, [01;36m[Ktag[m[K, __LINE__, ESPHOME_LOG_FORMAT(format), ##__VA_ARGS__)
[0m[33m      |                                                      [01;36m[K^~~[m[K
[0m[33m[01m[Ksrc/esphome/components/pn7160/pn7160.cpp:854:17:[m[K [01;36m[Knote: [m[Kin expansion of macro '[01m[KESP_LOGW[m[K'
[0m[31m  854 |                 [01;36m[KESP_LOGW[m[K(TAG, "Unknown error: 0x%02X", rx.get_simple_status_response());
[0m      |                 [01;36m[K^~~~~~~~[m[K
[33m[01m[Ksrc/esphome/components/pn7160/pn7160.cpp:13:26:[m[K [01;36m[Knote: [m[K'[01m[Kesphome::pn7160::TAG[m[K' declared here
[0m[33m   13 | static const char *const [01;36m[KTAG[m[K = "pn7160";
[0m[33m      |                          [01;36m[K^~~[m[K
[0m[33m[01m[Ksrc/esphome/components/pn7160/pn7160.cpp:882:7:[m[K [01;31m[Kerror: [m[Kinvalid use of '[01m[Kthis[m[K' in non-member function
[0m[33m  882 |       [01;31m[Kthis[m[K->process_data_message_(rx);
[0m[33m      |       [01;31m[K^~~~[m[K
[0m[33m[01m[Ksrc/esphome/components/pn7160/pn7160.cpp:[m[K At global scope:
[0m[33m[01m[Ksrc/esphome/components/pn7160/pn7160.cpp:893:6:[m[K [01;31m[Kerror: [m[K'[01m[KPN7160[m[K' has not been declared
[0m[33m  893 | void [01;31m[KPN7160[m[K::process_rf_intf_activated_oid_(nfc::NciMessage &rx) {  // an endpoint was activated
[0m      |      [01;31m[K^~~~~~[m[K
[33m[01m[Ksrc/esphome/components/pn7160/pn7160.cpp:[m[K In function '[01m[Kvoid esphome::nfc::[01;32m[Kprocess_rf_intf_activated_oid_[m[K(NciMessage&)[m[K':
[0m[33m[01m[Ksrc/esphome/components/pn7160/pn7160.cpp:905:5:[m[K [01;31m[Kerror: [m[Kinvalid use of '[01m[Kthis[m[K' in non-member function
[0m[33m  905 |     [01;31m[Kthis[m[K->nci_fsm_set_state_(NCIState::RFST_LISTEN_ACTIVE);
[0m[33m      |     [01;31m[K^~~~[m[K
[0m[33m[01m[Ksrc/esphome/components/pn7160/pn7160.cpp:905:30:[m[K [01;31m[Kerror: [m[K'[01m[KNCIState[m[K' has not been declared
[0m[33m  905 |     this->nci_fsm_set_state_([01;31m[KNCIState[m[K::RFST_LISTEN_ACTIVE);
[0m      |                              [01;31m[K^~~~~~~~[m[K
[33m[01m[Ksrc/esphome/components/pn7160/pn7160.cpp:909:3:[m[K [01;31m[Kerror: [m[Kinvalid use of '[01m[Kthis[m[K' in non-member function
[0m[33m  909 |   [01;31m[Kthis[m[K->nci_fsm_set_state_(NCIState::RFST_POLL_ACTIVE);
[0m[33m      |   [01;31m[K^~~~[m[K
[0m[33m[01m[Ksrc/esphome/components/pn7160/pn7160.cpp:909:28:[m[K [01;31m[Kerror: [m[K'[01m[KNCIState[m[K' has not been declared
[0m[33m  909 |   this->nci_fsm_set_state_([01;31m[KNCIState[m[K::RFST_POLL_ACTIVE);
[0m      |                            [01;31m[K^~~~~~~~[m[K
[33m[01m[Ksrc/esphome/components/pn7160/pn7160.cpp:911:7:[m[K [01;31m[Kerror: [m[Kinvalid use of '[01m[Kthis[m[K' in non-member function
[0m[33m  911 |       [01;31m[Kthis[m[K->build_tag_(mode_tech, std::vector<uint8_t>(rx.get_message().begin() + 10, rx.get_message().end()));
[0m[33m      |       [01;31m[K^~~~[m[K
[0m[33m[01m[Ksrc/esphome/components/pn7160/pn7160.cpp:914:14:[m[K [01;31m[Kerror: [m[K'[01m[KTAG[m[K' was not declared in this scope; did you mean '[01m[Kesphome::pn7160::TAG[m[K'?
[0m[33m  914 |     ESP_LOGE([01;31m[KTAG[m[K, "Could not build tag");
[0m[33m      |              [01;31m[K^~~[m[K
[0m[33m[01m[Ksrc/esphome/core/log.h:127:55:[m[K [01;36m[Knote: [m[Kin definition of macro '[01m[Kesph_log_e[m[K'
[0m[33m  127 |   ::esphome::esp_log_printf_(ESPHOME_LOG_LEVEL_ERROR, [01;36m[Ktag[m[K, __LINE__, ESPHOME_LOG_FORMAT(format), ##__VA_ARGS__)
[0m[33m      |                                                       [01;36m[K^~~[m[K
[0m[33m[01m[Ksrc/esphome/components/pn7160/pn7160.cpp:914:5:[m[K [01;36m[Knote: [m[Kin expansion of macro '[01m[KESP_LOGE[m[K'
[0m[33m  914 |     [01;36m[KESP_LOGE[m[K(TAG, "Could not build tag");
[0m      |     [01;36m[K^~~~~~~~[m[K
[33m[01m[Ksrc/esphome/components/pn7160/pn7160.cpp:13:26:[m[K [01;36m[Knote: [m[K'[01m[Kesphome::pn7160::TAG[m[K' declared here
[0m[33m   13 | static const char *const [01;36m[KTAG[m[K = "pn7160";
[0m[33m      |                          [01;36m[K^~~[m[K
[0m[33m[01m[Ksrc/esphome/components/pn7160/pn7160.cpp:916:20:[m[K [01;31m[Kerror: [m[Kinvalid use of '[01m[Kthis[m[K' in non-member function
[0m[33m  916 |     auto tag_loc = [01;31m[Kthis[m[K->find_tag_uid_(incoming_tag->get_uid());
[0m[33m      |                    [01;31m[K^~~~[m[K
[0m[33m[01m[Ksrc/esphome/components/pn7160/pn7160.cpp:918:7:[m[K [01;31m[Kerror: [m[Kinvalid use of '[01m[Kthis[m[K' in non-member function
[0m[33m  918 |       [01;31m[Kthis[m[K->discovered_endpoint_[tag_loc.value()].id = discovery_id;
[0m[33m      |       [01;31m[K^~~~[m[K
[0m[33m[01m[Ksrc/esphome/components/pn7160/pn7160.cpp:919:7:[m[K [01;31m[Kerror: [m[Kinvalid use of '[01m[Kthis[m[K' in non-member function
[0m[33m  919 |       [01;31m[Kthis[m[K->discovered_endpoint_[tag_loc.value()].protocol = protocol;
[0m[33m      |       [01;31m[K^~~~[m[K
[0m[33m[01m[Ksrc/esphome/components/pn7160/pn7160.cpp:920:7:[m[K [01;31m[Kerror: [m[Kinvalid use of '[01m[Kthis[m[K' in non-member function
[0m[33m  920 |       [01;31m[Kthis[m[K->discovered_endpoint_[tag_loc.value()].last_seen = millis();
[0m[33m      |       [01;31m[K^~~~[m[K
[0m[33m[01m[Ksrc/esphome/components/i2c/i2c.h:273:3:[m[K [01;31m[Kerror: [m[K'[01m[KErrorCode[m[K' does not name a type
[0m[33m  273 |   [01;31m[KErrorCode[m[K read_register(uint8_t a_register, uint8_t *data, size_t len, bool stop) {
[0m      |   [01;31m[K^~~~~~~~~[m[K
[33m[01m[Ksrc/esphome/components/pn7160/pn7160.cpp:923:7:[m[K [01;31m[Kerror: [m[Kinvalid use of '[01m[Kthis[m[K' in non-member function
[0m[33m  923 |       [01;31m[Kthis[m[K->discovered_endpoint_.emplace_back(
[0m[33m      |       [01;31m[K^~~~[m[K
[0m[33m[01m[Ksrc/esphome/components/pn7160/pn7160.cpp:924:11:[m[K [01;31m[Kerror: [m[K'[01m[KDiscoveredEndpoint[m[K' was not declared in this scope; did you mean '[01m[Kesphome::pn7160::DiscoveredEndpoint[m[K'?
[0m[33m  924 |           [01;31m[KDiscoveredEndpoint[m[K{discovery_id, protocol, millis(), std::move(incoming_tag), false});
[0m      |           [01;31m[K^~~~~~~~~~~~~~~~~~[m[K
[33m      |           [32m[Kesphome::pn7160::DiscoveredEndpoint[m[K
[0m[33m[01m[Ksrc/esphome/components/pn7160/pn7160.h:181:8:[m[K [01;36m[Knote: [m[K'[01m[Kesphome::pn7160::DiscoveredEndpoint[m[K' declared here
[0m[33m  181 | struct [01;36m[KDiscoveredEndpoint[m[K {
[0m      |        [01;36m[K^~~~~~~~~~~~~~~~~~[m[K
[33m[01m[Ksrc/esphome/components/pn7160/pn7160.cpp:925:17:[m[K [01;31m[Kerror: [m[Kinvalid use of '[01m[Kthis[m[K' in non-member function
[0m[33m  925 |       tag_loc = [01;31m[Kthis[m[K->discovered_endpoint_.size() - 1;
[0m[33m      |                 [01;31m[K^~~~[m[K
[0m[33m[01m[Ksrc/esphome/components/pn7160/pn7160.cpp:929:30:[m[K [01;31m[Kerror: [m[Kinvalid use of '[01m[Kthis[m[K' in non-member function
[0m[33m  929 |     auto &working_endpoint = [01;31m[Kthis[m[K->discovered_endpoint_[tag_loc.value()];
[0m[33m      |                              [01;31m[K^~~~[m[K
[0m[33m[01m[Ksrc/esphome/components/pn7160/pn7160.cpp:931:13:[m[K [01;31m[Kerror: [m[Kinvalid use of '[01m[Kthis[m[K' in non-member function
[0m[33m  931 |     switch ([01;31m[Kthis[m[K->next_task_) {
[0m[33m      |             [01;31m[K^~~~[m[K
[0m[33m[01m[Ksrc/esphome/components/i2c/i2c.h:278:3:[m[K [01;31m[Kerror: [m[K'[01m[KErrorCode[m[K' does not name a type
[0m[33m  278 |   [01;31m[KErrorCode[m[K read_register16(uint16_t a_register, uint8_t *data, size_t len, bool stop) {
[0m      |   [01;31m[K^~~~~~~~~[m[K
[33m[01m[Ksrc/esphome/components/i2c/i2c.h:285:3:[m[K [01;31m[Kerror: [m[K'[01m[KErrorCode[m[K' does not name a type
[0m[33m  285 |   [01;31m[KErrorCode[m[K write(const uint8_t *data, size_t len, bool stop) const { return this->write(data, len); }
[0m      |   [01;31m[K^~~~~~~~~[m[K
[33m[01m[Ksrc/esphome/components/i2c/i2c.h:290:3:[m[K [01;31m[Kerror: [m[K'[01m[KErrorCode[m[K' does not name a type
[0m[33m  290 |   [01;31m[KErrorCode[m[K write_register(uint8_t a_register, const uint8_t *data, size_t len, bool stop) const {
[0m      |   [01;31m[K^~~~~~~~~[m[K
[33m[01m[Ksrc/esphome/components/i2c/i2c.h:297:3:[m[K [01;31m[Kerror: [m[K'[01m[KErrorCode[m[K' does not name a type
[0m[33m  297 |   [01;31m[KErrorCode[m[K write_register16(uint16_t a_register, const uint8_t *data, size_t len, bool stop) const {
[0m      |   [01;31m[K^~~~~~~~~[m[K
[33m[01m[Ksrc/esphome/components/i2c/i2c.h:303:3:[m[K [01;31m[Kerror: [m[K'[01m[KI2CBus[m[K' does not name a type
[0m[33m  303 |   [01;31m[KI2CBus[m[K *bus_{nullptr};   ///< pointer to I2CBus instance
[0m      |   [01;31m[K^~~~~~[m[K
[33m[01m[Ksrc/esphome/components/pn7160/pn7160.cpp:932:12:[m[K [01;31m[Kerror: [m[K'[01m[KEP_CLEAN[m[K' was not declared in this scope
[0m[33m  932 |       case [01;31m[KEP_CLEAN[m[K:
[0m      |            [01;31m[K^~~~~~~~[m[K
[33m[01m[Ksrc/esphome/components/pn7160/pn7160.cpp:933:18:[m[K [01;31m[Kerror: [m[K'[01m[KTAG[m[K' was not declared in this scope; did you mean '[01m[Kesphome::pn7160::TAG[m[K'?
[0m[33m  933 |         ESP_LOGD([01;31m[KTAG[m[K, "  Tag cleaning");
[0m[33m      |                  [01;31m[K^~~[m[K
[0m[33m[01m[Ksrc/esphome/core/log.h:96:55:[m[K [01;36m[Knote: [m[Kin definition of macro '[01m[Kesph_log_d[m[K'
[0m[33m   96 |   ::esphome::esp_log_printf_(ESPHOME_LOG_LEVEL_DEBUG, [01;36m[Ktag[m[K, __LINE__, ESPHOME_LOG_FORMAT(format), ##__VA_ARGS__)
[0m[33m      |                                                       [01;36m[K^~~[m[K
[0m[33m[01m[Ksrc/esphome/components/pn7160/pn7160.cpp:933:9:[m[K [01;36m[Knote: [m[Kin expansion of macro '[01m[KESP_LOGD[m[K'
[0m[33m  933 |         [01;36m[KESP_LOGD[m[K(TAG, "  Tag cleaning");
[0m      |         [01;36m[K^~~~~~~~[m[K
[33m[01m[Ksrc/esphome/components/pn7160/pn7160.cpp:13:26:[m[K [01;36m[Knote: [m[K'[01m[Kesphome::pn7160::TAG[m[K' declared here
[0m[33m   13 | static const char *const [01;36m[KTAG[m[K = "pn7160";
[0m[33m      |                          [01;36m[K^~~[m[K
[0m[33m[01m[Ksrc/esphome/components/pn7160/pn7160.cpp:934:13:[m[K [01;31m[Kerror: [m[Kinvalid use of '[01m[Kthis[m[K' in non-member function
[0m[33m  934 |         if ([01;31m[Kthis[m[K->clean_endpoint_(working_endpoint.tag->get_uid()) != nfc::STATUS_OK) {
[0m[33m      |             [01;31m[K^~~~[m[K
[0m[33m[01m[Ksrc/esphome/components/i2c/i2c.h:[m[K In member function '[01m[Kvoid esphome::i2c::I2CDevice::[01;32m[Kset_i2c_bus[m[K(int*)[m[K':
[0m[33m[01m[Ksrc/esphome/components/i2c/i2c.h:148:35:[m[K [01;31m[Kerror: [m[K'[01m[Kbus_[m[K' was not declared in this scope; did you mean '[01m[Kbus[m[K'?
[0m[33m  148 |   void set_i2c_bus(I2CBus *bus) { [01;31m[Kbus_[m[K = bus; }
[0m[33m      |                                   [01;31m[K^~~~[m[K
[0m[33m      |                                   [32m[Kbus[m[K
[0m[33m[01m[Ksrc/esphome/components/pn7160/pn7160.cpp:940:12:[m[K [01;31m[Kerror: [m[K'[01m[KEP_FORMAT[m[K' was not declared in this scope; did you mean '[01m[KFP_NORMAL[m[K'?
[0m[33m  940 |       case [01;31m[KEP_FORMAT[m[K:
[0m      |            [01;31m[K^~~~~~~~~[m[K
[33m      |            [32m[KFP_NORMAL[m[K
[0m[33m[01m[Ksrc/esphome/components/pn7160/pn7160.cpp:942:13:[m[K [01;31m[Kerror: [m[Kinvalid use of '[01m[Kthis[m[K' in non-member function
[0m[33m  942 |         if ([01;31m[Kthis[m[K->format_endpoint_(working_endpoint.tag->get_uid()) != nfc::STATUS_OK) {
[0m[33m      |             [01;31m[K^~~~[m[K
[0m[33m[01m[Ksrc/esphome/components/pn7160/pn7160.cpp:948:12:[m[K [01;31m[Kerror: [m[K'[01m[KEP_WRITE[m[K' was not declared in this scope; did you mean '[01m[KREG_WRITE[m[K'?
[0m[33m  948 |       case [01;31m[KEP_WRITE[m[K:
[0m      |            [01;31m[K^~~~~~~~[m[K
[33m      |            [32m[KREG_WRITE[m[K
[0m[33m[01m[Ksrc/esphome/components/pn7160/pn7160.cpp:949:13:[m[K [01;31m[Kerror: [m[Kinvalid use of '[01m[Kthis[m[K' in non-member function
[0m[33m  949 |         if ([01;31m[Kthis[m[K->next_task_message_to_write_ != nullptr) {
[0m[33m      |             [01;31m[K^~~~[m[K
[0m[33m[01m[Ksrc/esphome/components/pn7160/pn7160.cpp:952:15:[m[K [01;31m[Kerror: [m[Kinvalid use of '[01m[Kthis[m[K' in non-member function
[0m[33m  952 |           if ([01;31m[Kthis[m[K->format_endpoint_(working_endpoint.tag->get_uid()) != nfc::STATUS_OK) {
[0m[33m      |               [01;31m[K^~~~[m[K
[0m[33m[01m[Ksrc/esphome/components/pn7160/pn7160.cpp:956:17:[m[K [01;31m[Kerror: [m[Kinvalid use of '[01m[Kthis[m[K' in non-member function
[0m[33m  956 |             if ([01;31m[Kthis[m[K->write_endpoint_(working_endpoint.tag->get_uid(), this->next_task_message_to_write_) !=
[0m[33m      |                 [01;31m[K^~~~[m[K
[0m[33m[01m[Ksrc/esphome/components/pn7160/pn7160.cpp:956:72:[m[K [01;31m[Kerror: [m[Kinvalid use of '[01m[Kthis[m[K' in non-member function
[0m[33m  956 |             if (this->write_endpoint_(working_endpoint.tag->get_uid(), [01;31m[Kthis[m[K->next_task_message_to_write_) !=
[0m[33m      |                                                                        [01;31m[K^~~~[m[K
[0m[33m[01m[Ksrc/esphome/components/pn7160/pn7160.cpp:961:13:[m[K [01;31m[Kerror: [m[Kinvalid use of '[01m[Kthis[m[K' in non-member function
[0m[33m  961 |             [01;31m[Kthis[m[K->next_task_message_to_write_ = nullptr;
[0m[33m      |             [01;31m[K^~~~[m[K
[0m[33m[01m[Ksrc/esphome/components/pn7160/pn7160.cpp:962:13:[m[K [01;31m[Kerror: [m[Kinvalid use of '[01m[Kthis[m[K' in non-member function
[0m[33m  962 |             [01;31m[Kthis[m[K->on_finished_write_callback_.call();
[0m[33m      |             [01;31m[K^~~~[m[K
[0m[33m[01m[Ksrc/esphome/components/pn7160/pn7160.cpp:967:12:[m[K [01;31m[Kerror: [m[K'[01m[KEP_READ[m[K' was not declared in this scope; did you mean '[01m[KREG_READ[m[K'?
[0m[33m  967 |       case [01;31m[KEP_READ[m[K:
[0m      |            [01;31m[K^~~~~~~[m[K
[33m      |            [32m[KREG_READ[m[K
[0m[33m[01m[Ksrc/esphome/components/pn7160/pn7160.cpp:973:15:[m[K [01;31m[Kerror: [m[Kinvalid use of '[01m[Kthis[m[K' in non-member function
[0m[33m  973 |           if ([01;31m[Kthis[m[K->read_endpoint_data_(*working_endpoint.tag) != nfc::STATUS_OK) {
[0m[33m      |               [01;31m[K^~~~[m[K
[0m[33m[01m[Ksrc/esphome/components/pn7160/pn7160.cpp:985:32:[m[K [01;31m[Kerror: [m[Kinvalid use of '[01m[Kthis[m[K' in non-member function
[0m[33m  985 |           for (auto *trigger : [01;31m[Kthis[m[K->triggers_ontag_) {
[0m[33m      |                                [01;31m[K^~~~[m[K
[0m[33m[01m[Ksrc/esphome/components/pn7160/pn7160.cpp:988:33:[m[K [01;31m[Kerror: [m[Kinvalid use of '[01m[Kthis[m[K' in non-member function
[0m[33m  988 |           for (auto *listener : [01;31m[Kthis[m[K->tag_listeners_) {
[0m[33m      |                                 [01;31m[K^~~~[m[K
[0m[33m[01m[Ksrc/esphome/components/pn7160/pn7160.cpp:996:7:[m[K [01;31m[Kerror: [m[Kinvalid use of '[01m[Kthis[m[K' in non-member function
[0m[33m  996 |       [01;31m[Kthis[m[K->halt_mifare_classic_tag_();
[0m[33m      |       [01;31m[K^~~~[m[K
[0m[33m[01m[Ksrc/esphome/components/pn7160/pn7160.cpp:999:7:[m[K [01;31m[Kerror: [m[Kinvalid use of '[01m[Kthis[m[K' in non-member function
[0m[33m  999 |   if ([01;31m[Kthis[m[K->next_task_ != EP_READ) {
[0m[33m      |       [01;31m[K^~~~[m[K
[0m[33m[01m[Ksrc/esphome/components/i2c/i2c.h:[m[K In member function '[01m[Kbool esphome::i2c::I2CDevice::[01;32m[Kread_bytes[m[K(uint8_t, uint8_t*, uint8_t)[m[K':
[0m[33m[01m[Ksrc/esphome/components/i2c/i2c.h:219:12:[m[K [01;31m[Kerror: [m[K'[01m[Kread_register[m[K' was not declared in this scope; did you mean '[01m[Ka_register[m[K'?
[0m[33m  219 |     return [01;31m[Kread_register[m[K(a_register, data, len) == ERROR_OK;
[0m      |            [01;31m[K^~~~~~~~~~~~~[m[K
[33m      |            [32m[Ka_register[m[K
[0m[33m[01m[Ksrc/esphome/components/i2c/i2c.h:219:52:[m[K [01;31m[Kerror: [m[K'[01m[KERROR_OK[m[K' was not declared in this scope; did you mean '[01m[Kesphome::i2c::ERROR_OK[m[K'?
[0m[33m  219 |     return read_register(a_register, data, len) == [01;31m[KERROR_OK[m[K;
[0m      |                                                    [01;31m[K^~~~~~~~[m[K
[33m      |                                                    [32m[Kesphome::i2c::ERROR_OK[m[K
[0m[33m[01m[Ksrc/esphome/components/i2c/i2c_bus.h:17:3:[m[K [01;36m[Knote: [m[K'[01m[Kesphome::i2c::ERROR_OK[m[K' declared here
[0m[31m   17 |   [01;36m[KERROR_OK[m[K = 0,                ///< No error found during execution of method
[0m      |   [01;36m[K^~~~~~~~[m[K
[33m[01m[Ksrc/esphome/components/i2c/i2c.h:[m[K In member function '[01m[Kbool esphome::i2c::I2CDevice::[01;32m[Kread_bytes_raw[m[K(uint8_t*, uint8_t) const[m[K':
[0m[33m[01m[Ksrc/esphome/components/i2c/i2c.h:222:71:[m[K [01;31m[Kerror: [m[Kinvalid conversion from '[01m[Kuint8_t*[m[K' {aka '[01m[Kunsigned char*[m[K'} to '[01m[Kint[m[K' [[01;31m[K-fpermissive[m[K]
[0m[33m  222 |   bool read_bytes_raw(uint8_t *data, uint8_t len) const { return read([01;31m[Kdata[m[K, len) == ERROR_OK; }
[0m[33m      |                                                                       [01;31m[K^~~~[m[K
[0m[33m      |                                                                       [01;31m[K|[m[K
[0m[33m      |                                                                       [01;31m[Kuint8_t* {aka unsigned char*}[m[K
[0m[33m[01m[Ksrc/esphome/components/i2c/i2c.h:222:77:[m[K [01;31m[Kerror: [m[Kinvalid conversion from '[01m[Kuint8_t[m[K' {aka '[01m[Kunsigned char[m[K'} to '[01m[Kvoid*[m[K' [[01;31m[K-fpermissive[m[K]
[0m[33m  222 |   bool read_bytes_raw(uint8_t *data, uint8_t len) const { return read(data, [01;31m[Klen[m[K) == ERROR_OK; }
[0m[33m      |                                                                             [01;31m[K^~~[m[K
[0m[33m      |                                                                             [01;31m[K|[m[K
[0m[33m      |                                                                             [01;31m[Kuint8_t {aka unsigned char}[m[K
[0m[33m[01m[Ksrc/esphome/components/i2c/i2c.h:222:70:[m[K [01;31m[Kerror: [m[Ktoo few arguments to function '[01m[Kint[01;32m[K read[m[K(int, void*, size_t)[m[K'
[0m[33m  222 |   bool read_bytes_raw(uint8_t *data, uint8_t len) const { return [01;31m[Kread(data, len)[m[K == ERROR_OK; }
[0m      |                                                                  [01;31m[K~~~~^~~~~~~~~~~[m[K
[33mIn file included from [01m[K/config/.esphome/platformio/packages/framework-espidf/components/newlib/platform_include/sys/unistd.h:11[m[K,
[0m[33m                 from [01m[K/config/.esphome/platformio/packages/toolchain-xtensa-esp-elf/xtensa-esp-elf/include/unistd.h:4[m[K,
[0m[33m                 from [01m[K/config/.esphome/platformio/packages/toolchain-xtensa-esp-elf/xtensa-esp-elf/include/pthread.h:25[m[K,
[0m[33m                 from [01m[K/config/.esphome/platformio/packages/framework-espidf/components/newlib/platform_include/pthread.h:13[m[K,
[0m[33m                 from [01m[K/config/.esphome/platformio/packages/toolchain-xtensa-esp-elf/xtensa-esp-elf/include/c++/14.2.0/xtensa-esp-elf/esp32/no-rtti/bits/gthr-default.h:35[m[K,
[0m[33m                 from [01m[K/config/.esphome/platformio/packages/toolchain-xtensa-esp-elf/xtensa-esp-elf/include/c++/14.2.0/xtensa-esp-elf/esp32/no-rtti/bits/gthr.h:157[m[K,
[0m[33m                 from [01m[K/config/.esphome/platformio/packages/toolchain-xtensa-esp-elf/xtensa-esp-elf/include/c++/14.2.0/ext/atomicity.h:35[m[K,
[0m[33m                 from [01m[K/config/.esphome/platformio/packages/toolchain-xtensa-esp-elf/xtensa-esp-elf/include/c++/14.2.0/bits/ios_base.h:39[m[K,
[0m[33m                 from [01m[K/config/.esphome/platformio/packages/toolchain-xtensa-esp-elf/xtensa-esp-elf/include/c++/14.2.0/streambuf:43[m[K,
[0m[33m                 from [01m[K/config/.esphome/platformio/packages/toolchain-xtensa-esp-elf/xtensa-esp-elf/include/c++/14.2.0/bits/streambuf_iterator.h:35[m[K,
[0m[33m                 from [01m[K/config/.esphome/platformio/packages/toolchain-xtensa-esp-elf/xtensa-esp-elf/include/c++/14.2.0/iterator:66[m[K,
[0m[33m                 from [01m[Ksrc/esphome/core/helpers.h:11[m[K,
[0m[33m                 from [01m[Ksrc/esphome/core/component.h:8[m[K,
[0m[33m                 from [01m[Ksrc/esphome/components/pn7160_i2c/pn7160_i2c.h:3[m[K:
[0m[33m[01m[K/config/.esphome/platformio/packages/toolchain-xtensa-esp-elf/xtensa-esp-elf/include/sys/unistd.h:179:25:[m[K [01;36m[Knote: [m[Kdeclared here
[0m[33m  179 | _READ_WRITE_RETURN_TYPE [01;36m[Kread[m[K (int __fd, void *__buf, size_t __nbyte);
[0m[33m      |                         [01;36m[K^~~~[m[K
[0m[33m[01m[Ksrc/esphome/components/i2c/i2c.h:222:85:[m[K [01;31m[Kerror: [m[K'[01m[KERROR_OK[m[K' was not declared in this scope; did you mean '[01m[Kesphome::i2c::ERROR_OK[m[K'?
[0m[33m  222 |   bool read_bytes_raw(uint8_t *data, uint8_t len) const { return read(data, len) == [01;31m[KERROR_OK[m[K; }
[0m      |                                                                                     [01;31m[K^~~~~~~~[m[K
[33m      |                                                                                     [32m[Kesphome::i2c::ERROR_OK[m[K
[0m[33m[01m[Ksrc/esphome/components/i2c/i2c_bus.h:17:3:[m[K [01;36m[Knote: [m[K'[01m[Kesphome::i2c::ERROR_OK[m[K' declared here
[0m[31m   17 |   [01;36m[KERROR_OK[m[K = 0,                ///< No error found during execution of method
[0m      |   [01;36m[K^~~~~~~~[m[K
[33m[01m[Ksrc/esphome/components/pn7160/pn7160.cpp:999:27:[m[K [01;31m[Kerror: [m[K'[01m[KEP_READ[m[K' was not declared in this scope; did you mean '[01m[KREG_READ[m[K'?
[0m[33m  999 |   if (this->next_task_ != [01;31m[KEP_READ[m[K) {
[0m      |                           [01;31m[K^~~~~~~[m[K
[33m      |                           [32m[KREG_READ[m[K
[0m[33m[01m[Ksrc/esphome/components/pn7160/pn7160.cpp:1000:5:[m[K [01;31m[Kerror: [m[Kinvalid use of '[01m[Kthis[m[K' in non-member function
[0m[33m 1000 |     [01;31m[Kthis[m[K->read_mode();
[0m[33m      |     [01;31m[K^~~~[m[K
[0m[33m[01m[Ksrc/esphome/components/pn7160/pn7160.cpp:1003:7:[m[K [01;31m[Kerror: [m[Kinvalid use of '[01m[Kthis[m[K' in non-member function
[0m[33m 1003 |   if ([01;31m[Kthis[m[K->stop_discovery_() != nfc::STATUS_OK) {
[0m[33m      |       [01;31m[K^~~~[m[K
[0m[33m[01m[Ksrc/esphome/components/pn7160/pn7160.cpp:1004:14:[m[K [01;31m[Kerror: [m[K'[01m[KTAG[m[K' was not declared in this scope; did you mean '[01m[Kesphome::pn7160::TAG[m[K'?
[0m[33m 1004 |     ESP_LOGW([01;31m[KTAG[m[K, "Failed to deactivate -- forcing NFCC reset");
[0m[33m      |              [01;31m[K^~~[m[K
[0m[33m[01m[Ksrc/esphome/core/log.h:118:54:[m[K [01;36m[Knote: [m[Kin definition of macro '[01m[Kesph_log_w[m[K'
[0m[33m  118 |   ::esphome::esp_log_printf_(ESPHOME_LOG_LEVEL_WARN, [01;36m[Ktag[m[K, __LINE__, ESPHOME_LOG_FORMAT(format), ##__VA_ARGS__)
[0m[33m      |                                                      [01;36m[K^~~[m[K
[0m[33m[01m[Ksrc/esphome/components/pn7160/pn7160.cpp:1004:5:[m[K [01;36m[Knote: [m[Kin expansion of macro '[01m[KESP_LOGW[m[K'
[0m[33m 1004 |     [01;36m[KESP_LOGW[m[K(TAG, "Failed to deactivate -- forcing NFCC reset");
[0m      |     [01;36m[K^~~~~~~~[m[K
[33m[01m[Ksrc/esphome/components/pn7160/pn7160.cpp:13:26:[m[K [01;36m[Knote: [m[K'[01m[Kesphome::pn7160::TAG[m[K' declared here
[0m[33m   13 | static const char *const [01;36m[KTAG[m[K = "pn7160";
[0m[33m      |                          [01;36m[K^~~[m[K
[0m[33m[01m[Ksrc/esphome/components/pn7160/pn7160.cpp:1005:5:[m[K [01;31m[Kerror: [m[Kinvalid use of '[01m[Kthis[m[K' in non-member function
[0m[33m 1005 |     [01;31m[Kthis[m[K->nci_fsm_set_state_(NCIState::NFCC_RESET);
[0m[33m      |     [01;31m[K^~~~[m[K
[0m[33m[01m[Ksrc/esphome/components/pn7160/pn7160.cpp:1005:30:[m[K [01;31m[Kerror: [m[K'[01m[KNCIState[m[K' has not been declared
[0m[33m 1005 |     this->nci_fsm_set_state_([01;31m[KNCIState[m[K::NFCC_RESET);
[0m      |                              [01;31m[K^~~~~~~~[m[K
[33m[01m[Ksrc/esphome/components/pn7160/pn7160.cpp:1007:5:[m[K [01;31m[Kerror: [m[Kinvalid use of '[01m[Kthis[m[K' in non-member function
[0m[33m 1007 |     [01;31m[Kthis[m[K->nci_fsm_set_state_(NCIState::EP_DEACTIVATING);
[0m[33m      |     [01;31m[K^~~~[m[K
[0m[33m[01m[Ksrc/esphome/components/pn7160/pn7160.cpp:1007:30:[m[K [01;31m[Kerror: [m[K'[01m[KNCIState[m[K' has not been declared
[0m[33m 1007 |     this->nci_fsm_set_state_([01;31m[KNCIState[m[K::EP_DEACTIVATING);
[0m      |                              [01;31m[K^~~~~~~~[m[K
[33m[01m[Ksrc/esphome/components/pn7160/pn7160.cpp:[m[K At global scope:
[0m[33m[01m[Ksrc/esphome/components/pn7160/pn7160.cpp:1011:6:[m[K [01;31m[Kerror: [m[K'[01m[KPN7160[m[K' has not been declared
[0m[33m 1011 | void [01;31m[KPN7160[m[K::process_rf_discover_oid_(nfc::NciMessage &rx) {
[0m      |      [01;31m[K^~~~~~[m[K
[33m[01m[Ksrc/esphome/components/pn7160/pn7160.cpp:[m[K In function '[01m[Kvoid esphome::nfc::[01;32m[Kprocess_rf_discover_oid_[m[K(NciMessage&)[m[K':
[0m[33m[01m[Ksrc/esphome/components/pn7160/pn7160.cpp:1012:23:[m[K [01;31m[Kerror: [m[Kinvalid use of '[01m[Kthis[m[K' in non-member function
[0m[33m 1012 |   auto incoming_tag = [01;31m[Kthis[m[K->build_tag_(rx.get_message_byte(nfc::RF_DISCOVER_NTF_MODE_TECH),
[0m[33m      |                       [01;31m[K^~~~[m[K
[0m[33m[01m[Ksrc/esphome/components/pn7160/pn7160.cpp:1016:14:[m[K [01;31m[Kerror: [m[K'[01m[KTAG[m[K' was not declared in this scope; did you mean '[01m[Kesphome::pn7160::TAG[m[K'?
[0m[33m 1016 |     ESP_LOGE([01;31m[KTAG[m[K, "Could not build tag!");
[0m[33m      |              [01;31m[K^~~[m[K
[0m[33m[01m[Ksrc/esphome/core/log.h:127:55:[m[K [01;36m[Knote: [m[Kin definition of macro '[01m[Kesph_log_e[m[K'
[0m[33m  127 |   ::esphome::esp_log_printf_(ESPHOME_LOG_LEVEL_ERROR, [01;36m[Ktag[m[K, __LINE__, ESPHOME_LOG_FORMAT(format), ##__VA_ARGS__)
[0m[33m      |                                                       [01;36m[K^~~[m[K
[0m[33m[01m[Ksrc/esphome/components/pn7160/pn7160.cpp:1016:5:[m[K [01;36m[Knote: [m[Kin expansion of macro '[01m[KESP_LOGE[m[K'
[0m[33m 1016 |     [01;36m[KESP_LOGE[m[K(TAG, "Could not build tag!");
[0m      |     [01;36m[K^~~~~~~~[m[K
[33m[01m[Ksrc/esphome/components/pn7160/pn7160.cpp:13:26:[m[K [01;36m[Knote: [m[K'[01m[Kesphome::pn7160::TAG[m[K' declared here
[0m[33m   13 | static const char *const [01;36m[KTAG[m[K = "pn7160";
[0m[33m      |                          [01;36m[K^~~[m[K
[0m[33m[01m[Ksrc/esphome/components/pn7160/pn7160.cpp:1018:20:[m[K [01;31m[Kerror: [m[Kinvalid use of '[01m[Kthis[m[K' in non-member function
[0m[33m 1018 |     auto tag_loc = [01;31m[Kthis[m[K->find_tag_uid_(incoming_tag->get_uid());
[0m[33m      |                    [01;31m[K^~~~[m[K
[0m[33m[01m[Ksrc/esphome/components/pn7160/pn7160.cpp:1020:7:[m[K [01;31m[Kerror: [m[Kinvalid use of '[01m[Kthis[m[K' in non-member function
[0m[33m 1020 |       [01;31m[Kthis[m[K->discovered_endpoint_[tag_loc.value()].id = rx.get_message_byte(nfc::RF_DISCOVER_NTF_DISCOVERY_ID);
[0m[33m      |       [01;31m[K^~~~[m[K
[0m[33m[01m[Ksrc/esphome/components/pn7160/pn7160.cpp:1021:7:[m[K [01;31m[Kerror: [m[Kinvalid use of '[01m[Kthis[m[K' in non-member function
[0m[33m 1021 |       [01;31m[Kthis[m[K->discovered_endpoint_[tag_loc.value()].protocol = rx.get_message_byte(nfc::RF_DISCOVER_NTF_PROTOCOL);
[0m[33m      |       [01;31m[K^~~~[m[K
[0m[33m[01m[Ksrc/esphome/components/pn7160/pn7160.cpp:1022:7:[m[K [01;31m[Kerror: [m[Kinvalid use of '[01m[Kthis[m[K' in non-member function
[0m[33m 1022 |       [01;31m[Kthis[m[K->discovered_endpoint_[tag_loc.value()].last_seen = millis();
[0m[33m      |       [01;31m[K^~~~[m[K
[0m[33m[01m[Ksrc/esphome/components/pn7160/pn7160.cpp:1025:7:[m[K [01;31m[Kerror: [m[Kinvalid use of '[01m[Kthis[m[K' in non-member function
[0m[33m 1025 |       [01;31m[Kthis[m[K->discovered_endpoint_.emplace_back(DiscoveredEndpoint{rx.get_message_byte(nfc::RF_DISCOVER_NTF_DISCOVERY_ID),
[0m[33m      |       [01;31m[K^~~~[m[K
[0m[33m[01m[Ksrc/esphome/components/pn7160/pn7160.cpp:1025:47:[m[K [01;31m[Kerror: [m[K'[01m[KDiscoveredEndpoint[m[K' was not declared in this scope; did you mean '[01m[Kesphome::pn7160::DiscoveredEndpoint[m[K'?
[0m[33m 1025 |       this->discovered_endpoint_.emplace_back([01;31m[KDiscoveredEndpoint[m[K{rx.get_message_byte(nfc::RF_DISCOVER_NTF_DISCOVERY_ID),
[0m      |                                               [01;31m[K^~~~~~~~~~~~~~~~~~[m[K
[33m      |                                               [32m[Kesphome::pn7160::DiscoveredEndpoint[m[K
[0m[33m[01m[Ksrc/esphome/components/pn7160/pn7160.h:181:8:[m[K [01;36m[Knote: [m[K'[01m[Kesphome::pn7160::DiscoveredEndpoint[m[K' declared here
[0m[33m  181 | struct [01;36m[KDiscoveredEndpoint[m[K {
[0m      |        [01;36m[K^~~~~~~~~~~~~~~~~~[m[K
[33m[01m[Ksrc/esphome/components/pn7160/pn7160.cpp:1033:5:[m[K [01;31m[Kerror: [m[Kinvalid use of '[01m[Kthis[m[K' in non-member function
[0m[33m 1033 |     [01;31m[Kthis[m[K->nci_fsm_set_state_(NCIState::RFST_W4_HOST_SELECT);
[0m[33m      |     [01;31m[K^~~~[m[K
[0m[33m[01m[Ksrc/esphome/components/pn7160/pn7160.cpp:1033:30:[m[K [01;31m[Kerror: [m[K'[01m[KNCIState[m[K' has not been declared
[0m[33m 1033 |     this->nci_fsm_set_state_([01;31m[KNCIState[m[K::RFST_W4_HOST_SELECT);
[0m      |                              [01;31m[K^~~~~~~~[m[K
[33m[01m[Ksrc/esphome/components/pn7160/pn7160.cpp:[m[K At global scope:
[0m[33m[01m[Ksrc/esphome/components/pn7160/pn7160.cpp:1038:6:[m[K [01;31m[Kerror: [m[K'[01m[KPN7160[m[K' has not been declared
[0m[33m 1038 | void [01;31m[KPN7160[m[K::process_rf_deactivate_oid_(nfc::NciMessage &rx) {
[0m      |      [01;31m[K^~~~~~[m[K
[33m[01m[Ksrc/esphome/components/pn7160/pn7160.cpp:[m[K In function '[01m[Kvoid esphome::nfc::[01;32m[Kprocess_rf_deactivate_oid_[m[K(NciMessage&)[m[K':
[0m[33m[01m[Ksrc/esphome/components/pn7160/pn7160.cpp:1039:3:[m[K [01;31m[Kerror: [m[Kinvalid use of '[01m[Kthis[m[K' in non-member function
[0m[33m 1039 |   [01;31m[Kthis[m[K->ce_state_ = CardEmulationState::CARD_EMU_IDLE;
[0m[33m      |   [01;31m[K^~~~[m[K
[0m[33m[01m[Ksrc/esphome/components/pn7160/pn7160.cpp:1039:21:[m[K [01;31m[Kerror: [m[K'[01m[KCardEmulationState[m[K' has not been declared
[0m[33m 1039 |   this->ce_state_ = [01;31m[KCardEmulationState[m[K::CARD_EMU_IDLE;
[0m      |                     [01;31m[K^~~~~~~~~~~~~~~~~~[m[K
[33m[01m[Ksrc/esphome/components/pn7160/pn7160.cpp:1043:7:[m[K [01;31m[Kerror: [m[Kinvalid use of '[01m[Kthis[m[K' in non-member function
[0m[33m 1043 |       [01;31m[Kthis[m[K->nci_fsm_set_state_(NCIState::RFST_DISCOVERY);
[0m[33m      |       [01;31m[K^~~~[m[K
[0m[33m[01m[Ksrc/esphome/components/pn7160/pn7160.cpp:1043:32:[m[K [01;31m[Kerror: [m[K'[01m[KNCIState[m[K' has not been declared
[0m[33m 1043 |       this->nci_fsm_set_state_([01;31m[KNCIState[m[K::RFST_DISCOVERY);
[0m      |                                [01;31m[K^~~~~~~~[m[K
[33m[01m[Ksrc/esphome/components/pn7160/pn7160.cpp:1047:7:[m[K [01;31m[Kerror: [m[Kinvalid use of '[01m[Kthis[m[K' in non-member function
[0m[33m 1047 |       [01;31m[Kthis[m[K->nci_fsm_set_state_(NCIState::RFST_IDLE);
[0m[33m      |       [01;31m[K^~~~[m[K
[0m[33m[01m[Ksrc/esphome/components/pn7160/pn7160.cpp:1047:32:[m[K [01;31m[Kerror: [m[K'[01m[KNCIState[m[K' has not been declared
[0m[33m 1047 |       this->nci_fsm_set_state_([01;31m[KNCIState[m[K::RFST_IDLE);
[0m      |                                [01;31m[K^~~~~~~~[m[K
[33m[01m[Ksrc/esphome/components/pn7160/pn7160.cpp:1052:11:[m[K [01;31m[Kerror: [m[Kinvalid use of '[01m[Kthis[m[K' in non-member function
[0m[33m 1052 |       if ([01;31m[Kthis[m[K->nci_state_ == NCIState::RFST_LISTEN_ACTIVE) {
[0m[33m      |           [01;31m[K^~~~[m[K
[0m[33m[01m[Ksrc/esphome/components/pn7160/pn7160.cpp:1052:31:[m[K [01;31m[Kerror: [m[K'[01m[KNCIState[m[K' has not been declared
[0m[33m 1052 |       if (this->nci_state_ == [01;31m[KNCIState[m[K::RFST_LISTEN_ACTIVE) {
[0m      |                               [01;31m[K^~~~~~~~[m[K
[33m[01m[Ksrc/esphome/components/pn7160/pn7160.cpp:1053:9:[m[K [01;31m[Kerror: [m[Kinvalid use of '[01m[Kthis[m[K' in non-member function
[0m[33m 1053 |         [01;31m[Kthis[m[K->nci_fsm_set_state_(NCIState::RFST_LISTEN_SLEEP);
[0m[33m      |         [01;31m[K^~~~[m[K
[0m[33m[01m[Ksrc/esphome/components/pn7160/pn7160.cpp:1053:34:[m[K [01;31m[Kerror: [m[K'[01m[KNCIState[m[K' has not been declared
[0m[33m 1053 |         this->nci_fsm_set_state_([01;31m[KNCIState[m[K::RFST_LISTEN_SLEEP);
[0m      |                                  [01;31m[K^~~~~~~~[m[K
[33m[01m[Ksrc/esphome/components/pn7160/pn7160.cpp:1054:18:[m[K [01;31m[Kerror: [m[Kinvalid use of '[01m[Kthis[m[K' in non-member function
[0m[33m 1054 |       } else if ([01;31m[Kthis[m[K->nci_state_ == NCIState::RFST_POLL_ACTIVE) {
[0m[33m      |                  [01;31m[K^~~~[m[K
[0m[33m[01m[Ksrc/esphome/components/pn7160/pn7160.cpp:1054:38:[m[K [01;31m[Kerror: [m[K'[01m[KNCIState[m[K' has not been declared
[0m[33m 1054 |       } else if (this->nci_state_ == [01;31m[KNCIState[m[K::RFST_POLL_ACTIVE) {
[0m      |                                      [01;31m[K^~~~~~~~[m[K
[33m[01m[Ksrc/esphome/components/pn7160/pn7160.cpp:1055:9:[m[K [01;31m[Kerror: [m[Kinvalid use of '[01m[Kthis[m[K' in non-member function
[0m[33m 1055 |         [01;31m[Kthis[m[K->nci_fsm_set_state_(NCIState::RFST_W4_HOST_SELECT);
[0m[33m      |         [01;31m[K^~~~[m[K
[0m[33m[01m[Ksrc/esphome/components/pn7160/pn7160.cpp:1055:34:[m[K [01;31m[Kerror: [m[K'[01m[KNCIState[m[K' has not been declared
[0m[33m 1055 |         this->nci_fsm_set_state_([01;31m[KNCIState[m[K::RFST_W4_HOST_SELECT);
[0m      |                                  [01;31m[K^~~~~~~~[m[K
[33m[01m[Ksrc/esphome/components/pn7160/pn7160.cpp:1057:9:[m[K [01;31m[Kerror: [m[Kinvalid use of '[01m[Kthis[m[K' in non-member function
[0m[33m 1057 |         [01;31m[Kthis[m[K->nci_fsm_set_state_(NCIState::RFST_IDLE);
[0m[33m      |         [01;31m[K^~~~[m[K
[0m[33m[01m[Ksrc/esphome/components/pn7160/pn7160.cpp:1057:34:[m[K [01;31m[Kerror: [m[K'[01m[KNCIState[m[K' has not been declared
[0m[33m 1057 |         this->nci_fsm_set_state_([01;31m[KNCIState[m[K::RFST_IDLE);
[0m      |                                  [01;31m[K^~~~~~~~[m[K
[33m[01m[Ksrc/esphome/components/pn7160/pn7160.cpp:[m[K At global scope:
[0m[33m[01m[Ksrc/esphome/components/pn7160/pn7160.cpp:1066:6:[m[K [01;31m[Kerror: [m[K'[01m[KPN7160[m[K' has not been declared
[0m[33m 1066 | void [01;31m[KPN7160[m[K::process_data_message_(nfc::NciMessage &rx) {
[0m      |      [01;31m[K^~~~~~[m[K
[33m[01m[Ksrc/esphome/components/pn7160/pn7160.cpp:[m[K In function '[01m[Kvoid esphome::nfc::[01;32m[Kprocess_data_message_[m[K(NciMessage&)[m[K':
[0m[33m[01m[Ksrc/esphome/components/pn7160/pn7160.cpp:1071:3:[m[K [01;31m[Kerror: [m[Kinvalid use of '[01m[Kthis[m[K' in non-member function
[0m[33m 1071 |   [01;31m[Kthis[m[K->card_emu_t4t_get_response_(rx.get_message(), ndef_response);
[0m[33m      |   [01;31m[K^~~~[m[K
[0m[33m[01m[Ksrc/esphome/components/pn7160/pn7160.cpp:1083:7:[m[K [01;31m[Kerror: [m[Kinvalid use of '[01m[Kthis[m[K' in non-member function
[0m[33m 1083 |   if ([01;31m[Kthis[m[K->transceive_(tx, rx, NFCC_DEFAULT_TIMEOUT, false) != nfc::STATUS_OK) {
[0m[33m      |       [01;31m[K^~~~[m[K
[0m[33m[01m[Ksrc/esphome/components/pn7160/pn7160.cpp:1083:33:[m[K [01;31m[Kerror: [m[K'[01m[KNFCC_DEFAULT_TIMEOUT[m[K' was not declared in this scope; did you mean '[01m[Kesphome::pn7160::NFCC_DEFAULT_TIMEOUT[m[K'?
[0m[33m 1083 |   if (this->transceive_(tx, rx, [01;31m[KNFCC_DEFAULT_TIMEOUT[m[K, false) != nfc::STATUS_OK) {
[0m      |                                 [01;31m[K^~~~~~~~~~~~~~~~~~~~[m[K
[33m      |                                 [32m[Kesphome::pn7160::NFCC_DEFAULT_TIMEOUT[m[K
[0m[33m[01m[Ksrc/esphome/components/pn7160/pn7160.h:46:23:[m[K [01;36m[Knote: [m[K'[01m[Kesphome::pn7160::NFCC_DEFAULT_TIMEOUT[m[K' declared here
[0m[33m   46 | static const uint16_t [01;36m[KNFCC_DEFAULT_TIMEOUT[m[K = 10;
[0m      |                       [01;36m[K^~~~~~~~~~~~~~~~~~~~[m[K
[33m[01m[Ksrc/esphome/components/pn7160/pn7160.cpp:1084:14:[m[K [01;31m[Kerror: [m[K'[01m[KTAG[m[K' was not declared in this scope; did you mean '[01m[Kesphome::pn7160::TAG[m[K'?
[0m[33m 1084 |     ESP_LOGE([01;31m[KTAG[m[K, "Sending reply for card emulation failed");
[0m[33m      |              [01;31m[K^~~[m[K
[0m[33m[01m[Ksrc/esphome/core/log.h:127:55:[m[K [01;36m[Knote: [m[Kin definition of macro '[01m[Kesph_log_e[m[K'
[0m[33m  127 |   ::esphome::esp_log_printf_(ESPHOME_LOG_LEVEL_ERROR, [01;36m[Ktag[m[K, __LINE__, ESPHOME_LOG_FORMAT(format), ##__VA_ARGS__)
[0m[33m      |                                                       [01;36m[K^~~[m[K
[0m[33m[01m[Ksrc/esphome/components/pn7160/pn7160.cpp:1084:5:[m[K [01;36m[Knote: [m[Kin expansion of macro '[01m[KESP_LOGE[m[K'
[0m[33m 1084 |     [01;36m[KESP_LOGE[m[K(TAG, "Sending reply for card emulation failed");
[0m      |     [01;36m[K^~~~~~~~[m[K
[33m[01m[Ksrc/esphome/components/pn7160/pn7160.cpp:13:26:[m[K [01;36m[Knote: [m[K'[01m[Kesphome::pn7160::TAG[m[K' declared here
[0m[33m   13 | static const char *const [01;36m[KTAG[m[K = "pn7160";
[0m[33m      |                          [01;36m[K^~~[m[K
[0m[33m[01m[Ksrc/esphome/components/pn7160/pn7160.cpp:[m[K At global scope:
[0m[33m[01m[Ksrc/esphome/components/pn7160/pn7160.cpp:1088:6:[m[K [01;31m[Kerror: [m[K'[01m[KPN7160[m[K' has not been declared
[0m[33m 1088 | void [01;31m[KPN7160[m[K::card_emu_t4t_get_response_(std::vector<uint8_t> &response, std::vector<uint8_t> &ndef_response) {
[0m      |      [01;31m[K^~~~~~[m[K
[33m[01m[Ksrc/esphome/components/pn7160/pn7160.cpp:[m[K In function '[01m[Kvoid esphome::nfc::[01;32m[Kcard_emu_t4t_get_response_[m[K(std::vector<unsigned char>&, std::vector<unsigned char>&)[m[K':
[0m[33m[01m[Ksrc/esphome/components/pn7160/pn7160.cpp:1089:7:[m[K [01;31m[Kerror: [m[Kinvalid use of '[01m[Kthis[m[K' in non-member function
[0m[33m 1089 |   if ([01;31m[Kthis[m[K->card_emulation_message_ == nullptr) {
[0m[33m      |       [01;31m[K^~~~[m[K
[0m[33m[01m[Ksrc/esphome/components/pn7160/pn7160.cpp:1090:14:[m[K [01;31m[Kerror: [m[K'[01m[KTAG[m[K' was not declared in this scope; did you mean '[01m[Kesphome::pn7160::TAG[m[K'?
[0m[33m 1090 |     ESP_LOGE([01;31m[KTAG[m[K, "No NDEF message is set; tag emulation not possible");
[0m[33m      |              [01;31m[K^~~[m[K
[0m[33m[01m[Ksrc/esphome/core/log.h:127:55:[m[K [01;36m[Knote: [m[Kin definition of macro '[01m[Kesph_log_e[m[K'
[0m[33m  127 |   ::esphome::esp_log_printf_(ESPHOME_LOG_LEVEL_ERROR, [01;36m[Ktag[m[K, __LINE__, ESPHOME_LOG_FORMAT(format), ##__VA_ARGS__)
[0m[33m      |                                                       [01;36m[K^~~[m[K
[0m[33m[01m[Ksrc/esphome/components/pn7160/pn7160.cpp:1090:5:[m[K [01;36m[Knote: [m[Kin expansion of macro '[01m[KESP_LOGE[m[K'
[0m[33m 1090 |     [01;36m[KESP_LOGE[m[K(TAG, "No NDEF message is set; tag emulation not possible");
[0m      |     [01;36m[K^~~~~~~~[m[K
[33m[01m[Ksrc/esphome/components/pn7160/pn7160.cpp:13:26:[m[K [01;36m[Knote: [m[K'[01m[Kesphome::pn7160::TAG[m[K' declared here
[0m[33m   13 | static const char *const [01;36m[KTAG[m[K = "pn7160";
[0m[33m      |                          [01;36m[K^~~[m[K
[0m[33m[01m[Ksrc/esphome/components/pn7160/pn7160.cpp:1095:85:[m[K [01;31m[Kerror: [m[K'[01m[KCARD_EMU_T4T_APP_SELECT[m[K' was not declared in this scope; did you mean '[01m[Kesphome::pn7160::CARD_EMU_T4T_APP_SELECT[m[K'?
[0m[33m 1095 |   if (equal(response.begin() + nfc::NCI_PKT_HEADER_SIZE, response.end(), std::begin([01;31m[KCARD_EMU_T4T_APP_SELECT[m[K))) {
[0m      |                                                                                     [01;31m[K^~~~~~~~~~~~~~~~~~~~~~~[m[K
[33m      |                                                                                     [32m[Kesphome::pn7160::CARD_EMU_T4T_APP_SELECT[m[K
[0m[33m[01m[Ksrc/esphome/components/pn7160/pn7160.h:64:22:[m[K [01;36m[Knote: [m[K'[01m[Kesphome::pn7160::CARD_EMU_T4T_APP_SELECT[m[K' declared here
[0m[33m   64 | static const uint8_t [01;36m[KCARD_EMU_T4T_APP_SELECT[m[K[] = {0x00, 0xA4, 0x04, 0x00, 0x07, 0xD2, 0x76,
[0m      |                      [01;36m[K^~~~~~~~~~~~~~~~~~~~~~~[m[K
[33m[01m[Ksrc/esphome/components/pn7160/pn7160.cpp:1098:5:[m[K [01;31m[Kerror: [m[Kinvalid use of '[01m[Kthis[m[K' in non-member function
[0m[33m 1098 |     [01;31m[Kthis[m[K->ce_state_ = CardEmulationState::CARD_EMU_NDEF_APP_SELECTED;
[0m[33m      |     [01;31m[K^~~~[m[K
[0m[33m[01m[Ksrc/esphome/components/pn7160/pn7160.cpp:1098:23:[m[K [01;31m[Kerror: [m[K'[01m[KCardEmulationState[m[K' has not been declared
[0m[33m 1098 |     this->ce_state_ = [01;31m[KCardEmulationState[m[K::CARD_EMU_NDEF_APP_SELECTED;
[0m      |                       [01;31m[K^~~~~~~~~~~~~~~~~~[m[K
[33m[01m[Ksrc/esphome/components/pn7160/pn7160.cpp:1099:60:[m[K [01;31m[Kerror: [m[K'[01m[KCARD_EMU_T4T_OK[m[K' was not declared in this scope; did you mean '[01m[Kesphome::pn7160::CARD_EMU_T4T_OK[m[K'?
[0m[33m 1099 |     ndef_response.insert(ndef_response.begin(), std::begin([01;31m[KCARD_EMU_T4T_OK[m[K), std::end(CARD_EMU_T4T_OK));
[0m      |                                                            [01;31m[K^~~~~~~~~~~~~~~[m[K
[33m      |                                                            [32m[Kesphome::pn7160::CARD_EMU_T4T_OK[m[K
[0m[33m[01m[Ksrc/esphome/components/pn7160/pn7160.h:72:22:[m[K [01;36m[Knote: [m[K'[01m[Kesphome::pn7160::CARD_EMU_T4T_OK[m[K' declared here
[0m[33m   72 | static const uint8_t [01;36m[KCARD_EMU_T4T_OK[m[K[] = {0x90, 0x00};
[0m      |                      [01;36m[K^~~~~~~~~~~~~~~[m[K
[33m[01m[Ksrc/esphome/components/pn7160/pn7160.cpp:1100:92:[m[K [01;31m[Kerror: [m[K'[01m[KCARD_EMU_T4T_CC_SELECT[m[K' was not declared in this scope; did you mean '[01m[Kesphome::pn7160::CARD_EMU_T4T_CC_SELECT[m[K'?
[0m[33m 1100 |   } else if (equal(response.begin() + nfc::NCI_PKT_HEADER_SIZE, response.end(), std::begin([01;31m[KCARD_EMU_T4T_CC_SELECT[m[K))) {
[0m      |                                                                                            [01;31m[K^~~~~~~~~~~~~~~~~~~~~~[m[K
[33m      |                                                                                            [32m[Kesphome::pn7160::CARD_EMU_T4T_CC_SELECT[m[K
[0m[33m[01m[Ksrc/esphome/components/pn7160/pn7160.h:68:22:[m[K [01;36m[Knote: [m[K'[01m[Kesphome::pn7160::CARD_EMU_T4T_CC_SELECT[m[K' declared here
[0m[33m   68 | static const uint8_t [01;36m[KCARD_EMU_T4T_CC_SELECT[m[K[] = {0x00, 0xA4, 0x00, 0x0C, 0x02, 0xE1, 0x03};
[0m      |                      [01;36m[K^~~~~~~~~~~~~~~~~~~~~~[m[K
[33m[01m[Ksrc/esphome/components/pn7160/pn7160.cpp:1102:9:[m[K [01;31m[Kerror: [m[Kinvalid use of '[01m[Kthis[m[K' in non-member function
[0m[33m 1102 |     if ([01;31m[Kthis[m[K->ce_state_ == CardEmulationState::CARD_EMU_NDEF_APP_SELECTED) {
[0m[33m      |         [01;31m[K^~~~[m[K
[0m[33m[01m[Ksrc/esphome/components/pn7160/pn7160.cpp:1102:28:[m[K [01;31m[Kerror: [m[K'[01m[KCardEmulationState[m[K' has not been declared
[0m[33m 1102 |     if (this->ce_state_ == [01;31m[KCardEmulationState[m[K::CARD_EMU_NDEF_APP_SELECTED) {
[0m      |                            [01;31m[K^~~~~~~~~~~~~~~~~~[m[K
[33m[01m[Ksrc/esphome/components/pn7160/pn7160.cpp:1104:7:[m[K [01;31m[Kerror: [m[Kinvalid use of '[01m[Kthis[m[K' in non-member function
[0m[33m 1104 |       [01;31m[Kthis[m[K->ce_state_ = CardEmulationState::CARD_EMU_CC_SELECTED;
[0m[33m      |       [01;31m[K^~~~[m[K
[0m[33m[01m[Ksrc/esphome/components/pn7160/pn7160.cpp:1104:25:[m[K [01;31m[Kerror: [m[K'[01m[KCardEmulationState[m[K' has not been declared
[0m[33m 1104 |       this->ce_state_ = [01;31m[KCardEmulationState[m[K::CARD_EMU_CC_SELECTED;
[0m      |                         [01;31m[K^~~~~~~~~~~~~~~~~~[m[K
[33m[01m[Ksrc/esphome/components/pn7160/pn7160.cpp:1105:62:[m[K [01;31m[Kerror: [m[K'[01m[KCARD_EMU_T4T_OK[m[K' was not declared in this scope; did you mean '[01m[Kesphome::pn7160::CARD_EMU_T4T_OK[m[K'?
[0m[33m 1105 |       ndef_response.insert(ndef_response.begin(), std::begin([01;31m[KCARD_EMU_T4T_OK[m[K), std::end(CARD_EMU_T4T_OK));
[0m      |                                                              [01;31m[K^~~~~~~~~~~~~~~[m[K
[33m      |                                                              [32m[Kesphome::pn7160::CARD_EMU_T4T_OK[m[K
[0m[33m[01m[Ksrc/esphome/components/pn7160/pn7160.h:72:22:[m[K [01;36m[Knote: [m[K'[01m[Kesphome::pn7160::CARD_EMU_T4T_OK[m[K' declared here
[0m[33m   72 | static const uint8_t [01;36m[KCARD_EMU_T4T_OK[m[K[] = {0x90, 0x00};
[0m      |                      [01;36m[K^~~~~~~~~~~~~~~[m[K
[33m[01m[Ksrc/esphome/components/pn7160/pn7160.cpp:1107:92:[m[K [01;31m[Kerror: [m[K'[01m[KCARD_EMU_T4T_NDEF_SELECT[m[K' was not declared in this scope; did you mean '[01m[Kesphome::pn7160::CARD_EMU_T4T_NDEF_SELECT[m[K'?
[0m[33m 1107 |   } else if (equal(response.begin() + nfc::NCI_PKT_HEADER_SIZE, response.end(), std::begin([01;31m[KCARD_EMU_T4T_NDEF_SELECT[m[K))) {
[0m      |                                                                                            [01;31m[K^~~~~~~~~~~~~~~~~~~~~~~~[m[K
[33m      |                                                                                            [32m[Kesphome::pn7160::CARD_EMU_T4T_NDEF_SELECT[m[K
[0m[33m[01m[Ksrc/esphome/components/pn7160/pn7160.h:69:22:[m[K [01;36m[Knote: [m[K'[01m[Kesphome::pn7160::CARD_EMU_T4T_NDEF_SELECT[m[K' declared here
[0m[33m   69 | static const uint8_t [01;36m[KCARD_EMU_T4T_NDEF_SELECT[m[K[] = {0x00, 0xA4, 0x00, 0x0C, 0x02, 0xE1, 0x04};
[0m      |                      [01;36m[K^~~~~~~~~~~~~~~~~~~~~~~~[m[K
[33m[01m[Ksrc/esphome/components/pn7160/pn7160.cpp:1110:5:[m[K [01;31m[Kerror: [m[Kinvalid use of '[01m[Kthis[m[K' in non-member function
[0m[33m 1110 |     [01;31m[Kthis[m[K->ce_state_ = CardEmulationState::CARD_EMU_NDEF_SELECTED;
[0m[33m      |     [01;31m[K^~~~[m[K
[0m[33m[01m[Ksrc/esphome/components/pn7160/pn7160.cpp:1110:23:[m[K [01;31m[Kerror: [m[K'[01m[KCardEmulationState[m[K' has not been declared
[0m[33m 1110 |     this->ce_state_ = [01;31m[KCardEmulationState[m[K::CARD_EMU_NDEF_SELECTED;
[0m      |                       [01;31m[K^~~~~~~~~~~~~~~~~~[m[K
[01m[Ksrc/esphome/components/pn7160/pn7160.cpp:1111:60:[m[K [01;31m[Kerror: [m[K'[01m[KCARD_EMU_T4T_OK[m[K' was not declared in this scope; did you mean '[01m[Kesphome::pn7160::CARD_EMU_T4T_OK[m[K'?
 1111 |     ndef_response.insert(ndef_response.begin(), std::begin([01;31m[KCARD_EMU_T4T_OK[m[K), std::end(CARD_EMU_T4T_OK));
      |                                                            [01;31m[K^~~~~~~~~~~~~~~[m[K
[33m      |                                                            [32m[Kesphome::pn7160::CARD_EMU_T4T_OK[m[K
[0m[33m[01m[Ksrc/esphome/components/pn7160/pn7160.h:72:22:[m[K [01;36m[Knote: [m[K'[01m[Kesphome::pn7160::CARD_EMU_T4T_OK[m[K' declared here
[0m[33m   72 | static const uint8_t [01;36m[KCARD_EMU_T4T_OK[m[K[] = {0x90, 0x00};
[0m      |                      [01;36m[K^~~~~~~~~~~~~~~[m[K
[33m[01m[Ksrc/esphome/components/pn7160/pn7160.cpp:1113:73:[m[K [01;31m[Kerror: [m[K'[01m[KCARD_EMU_T4T_READ[m[K' was not declared in this scope; did you mean '[01m[Kesphome::pn7160::CARD_EMU_T4T_READ[m[K'?
[0m[33m 1113 |                    response.begin() + nfc::NCI_PKT_HEADER_SIZE + sizeof([01;31m[KCARD_EMU_T4T_READ[m[K),
[0m      |                                                                         [01;31m[K^~~~~~~~~~~~~~~~~[m[K
[33m      |                                                                         [32m[Kesphome::pn7160::CARD_EMU_T4T_READ[m[K
[0m[33m[01m[Ksrc/esphome/components/pn7160/pn7160.h:70:22:[m[K [01;36m[Knote: [m[K'[01m[Kesphome::pn7160::CARD_EMU_T4T_READ[m[K' declared here
[0m[33m   70 | static const uint8_t [01;36m[KCARD_EMU_T4T_READ[m[K[] = {0x00, 0xB0};
[0m      |                      [01;36m[K^~~~~~~~~~~~~~~~~[m[K
[33m[01m[Ksrc/esphome/components/pn7160/pn7160.cpp:1116:9:[m[K [01;31m[Kerror: [m[Kinvalid use of '[01m[Kthis[m[K' in non-member function
[0m[33m 1116 |     if ([01;31m[Kthis[m[K->ce_state_ == CardEmulationState::CARD_EMU_CC_SELECTED) {
[0m[33m      |         [01;31m[K^~~~[m[K
[0m[33m[01m[Ksrc/esphome/components/pn7160/pn7160.cpp:1116:28:[m[K [01;31m[Kerror: [m[K'[01m[KCardEmulationState[m[K' has not been declared
[0m[33m 1116 |     if (this->ce_state_ == [01;31m[KCardEmulationState[m[K::CARD_EMU_CC_SELECTED) {
[0m      |                            [01;31m[K^~~~~~~~~~~~~~~~~~[m[K
[33m[01m[Ksrc/esphome/components/pn7160/pn7160.cpp:1122:29:[m[K [01;31m[Kerror: [m[K'[01m[KCARD_EMU_T4T_CC[m[K' was not declared in this scope; did you mean '[01m[Kesphome::pn7160::CARD_EMU_T4T_CC[m[K'?
[0m[33m 1122 |       if (length <= (sizeof([01;31m[KCARD_EMU_T4T_CC[m[K) + offset + 2)) {
[0m      |                             [01;31m[K^~~~~~~~~~~~~~~[m[K
[33m      |                             [32m[Kesphome::pn7160::CARD_EMU_T4T_CC[m[K
[0m[33m[01m[Ksrc/esphome/components/pn7160/pn7160.h:66:22:[m[K [01;36m[Knote: [m[K'[01m[Kesphome::pn7160::CARD_EMU_T4T_CC[m[K' declared here
[0m[33m   66 | static const uint8_t [01;36m[KCARD_EMU_T4T_CC[m[K[] = {0x00, 0x0F, 0x20, 0x00, 0xFF, 0x00, 0xFF, 0x04,
[0m      |                      [01;36m[K^~~~~~~~~~~~~~~[m[K
[33m[01m[Ksrc/esphome/components/pn7160/pn7160.cpp:1125:62:[m[K [01;31m[Kerror: [m[K'[01m[KCARD_EMU_T4T_OK[m[K' was not declared in this scope; did you mean '[01m[Kesphome::pn7160::CARD_EMU_T4T_OK[m[K'?
[0m[33m 1125 |         ndef_response.insert(ndef_response.end(), std::begin([01;31m[KCARD_EMU_T4T_OK[m[K), std::end(CARD_EMU_T4T_OK));
[0m      |                                                              [01;31m[K^~~~~~~~~~~~~~~[m[K
[33m      |                                                              [32m[Kesphome::pn7160::CARD_EMU_T4T_OK[m[K
[0m[33m[01m[Ksrc/esphome/components/pn7160/pn7160.h:72:22:[m[K [01;36m[Knote: [m[K'[01m[Kesphome::pn7160::CARD_EMU_T4T_OK[m[K' declared here
[0m[33m   72 | static const uint8_t [01;36m[KCARD_EMU_T4T_OK[m[K[] = {0x90, 0x00};
[0m      |                      [01;36m[K^~~~~~~~~~~~~~~[m[K
[33m[01m[Ksrc/esphome/components/pn7160/pn7160.cpp:1127:16:[m[K [01;31m[Kerror: [m[Kinvalid use of '[01m[Kthis[m[K' in non-member function
[0m[33m 1127 |     } else if ([01;31m[Kthis[m[K->ce_state_ == CardEmulationState::CARD_EMU_NDEF_SELECTED) {
[0m[33m      |                [01;31m[K^~~~[m[K
[0m[33m[01m[Ksrc/esphome/components/pn7160/pn7160.cpp:1127:35:[m[K [01;31m[Kerror: [m[K'[01m[KCardEmulationState[m[K' has not been declared
[0m[33m 1127 |     } else if (this->ce_state_ == [01;31m[KCardEmulationState[m[K::CARD_EMU_NDEF_SELECTED) {
[0m      |                                   [01;31m[K^~~~~~~~~~~~~~~~~~[m[K
[33m[01m[Ksrc/esphome/components/pn7160/pn7160.cpp:1130:27:[m[K [01;31m[Kerror: [m[Kinvalid use of '[01m[Kthis[m[K' in non-member function
[0m[33m 1130 |       auto ndef_message = [01;31m[Kthis[m[K->card_emulation_message_->encode();
[0m[33m      |                           [01;31m[K^~~~[m[K
[0m[33m[01m[Ksrc/esphome/components/pn7160/pn7160.cpp:1156:62:[m[K [01;31m[Kerror: [m[K'[01m[KCARD_EMU_T4T_OK[m[K' was not declared in this scope; did you mean '[01m[Kesphome::pn7160::CARD_EMU_T4T_OK[m[K'?
[0m[33m 1156 |         ndef_response.insert(ndef_response.end(), std::begin([01;31m[KCARD_EMU_T4T_OK[m[K), std::end(CARD_EMU_T4T_OK));
[0m      |                                                              [01;31m[K^~~~~~~~~~~~~~~[m[K
[33m      |                                                              [32m[Kesphome::pn7160::CARD_EMU_T4T_OK[m[K
[0m[33m[01m[Ksrc/esphome/components/pn7160/pn7160.h:72:22:[m[K [01;36m[Knote: [m[K'[01m[Kesphome::pn7160::CARD_EMU_T4T_OK[m[K' declared here
[0m[33m   72 | static const uint8_t [01;36m[KCARD_EMU_T4T_OK[m[K[] = {0x90, 0x00};
[0m      |                      [01;36m[K^~~~~~~~~~~~~~~[m[K
[33m[01m[Ksrc/esphome/components/pn7160/pn7160.cpp:1159:20:[m[K [01;31m[Kerror: [m[K'[01m[KTAG[m[K' was not declared in this scope; did you mean '[01m[Kesphome::pn7160::TAG[m[K'?
[0m[33m 1159 |           ESP_LOGD([01;31m[KTAG[m[K, "NDEF message sent");
[0m[33m      |                    [01;31m[K^~~[m[K
[0m[33m[01m[Ksrc/esphome/core/log.h:96:55:[m[K [01;36m[Knote: [m[Kin definition of macro '[01m[Kesph_log_d[m[K'
[0m[33m   96 |   ::esphome::esp_log_printf_(ESPHOME_LOG_LEVEL_DEBUG, [01;36m[Ktag[m[K, __LINE__, ESPHOME_LOG_FORMAT(format), ##__VA_ARGS__)
[0m[33m      |                                                       [01;36m[K^~~[m[K
[0m[33m[01m[Ksrc/esphome/components/pn7160/pn7160.cpp:1159:11:[m[K [01;36m[Knote: [m[Kin expansion of macro '[01m[KESP_LOGD[m[K'
[0m[33m 1159 |           [01;36m[KESP_LOGD[m[K(TAG, "NDEF message sent");
[0m      |           [01;36m[K^~~~~~~~[m[K
[33m[01m[Ksrc/esphome/components/pn7160/pn7160.cpp:13:26:[m[K [01;36m[Knote: [m[K'[01m[Kesphome::pn7160::TAG[m[K' declared here
[0m[33m   13 | static const char *const [01;36m[KTAG[m[K = "pn7160";
[0m[33m      |                          [01;36m[K^~~[m[K
[0m[33m[01m[Ksrc/esphome/components/pn7160/pn7160.cpp:1160:11:[m[K [01;31m[Kerror: [m[Kinvalid use of '[01m[Kthis[m[K' in non-member function
[0m[33m 1160 |           [01;31m[Kthis[m[K->on_emulated_tag_scan_callback_.call();
[0m[33m      |           [01;31m[K^~~~[m[K
[0m[33m[01m[Ksrc/esphome/components/pn7160/pn7160.cpp:1165:73:[m[K [01;31m[Kerror: [m[K'[01m[KCARD_EMU_T4T_WRITE[m[K' was not declared in this scope; did you mean '[01m[Kesphome::pn7160::CARD_EMU_T4T_WRITE[m[K'?
[0m[33m 1165 |                    response.begin() + nfc::NCI_PKT_HEADER_SIZE + sizeof([01;31m[KCARD_EMU_T4T_WRITE[m[K),
[0m      |                                                                         [01;31m[K^~~~~~~~~~~~~~~~~~[m[K
[33m      |                                                                         [32m[Kesphome::pn7160::CARD_EMU_T4T_WRITE[m[K
[0m[33m[01m[Ksrc/esphome/components/pn7160/pn7160.h:71:22:[m[K [01;36m[Knote: [m[K'[01m[Kesphome::pn7160::CARD_EMU_T4T_WRITE[m[K' declared here
[0m[33m   71 | static const uint8_t [01;36m[KCARD_EMU_T4T_WRITE[m[K[] = {0x00, 0xD6};
[0m      |                      [01;36m[K^~~~~~~~~~~~~~~~~~[m[K
[33m[01m[Ksrc/esphome/components/pn7160/pn7160.cpp:1168:9:[m[K [01;31m[Kerror: [m[Kinvalid use of '[01m[Kthis[m[K' in non-member function
[0m[33m 1168 |     if ([01;31m[Kthis[m[K->ce_state_ == CardEmulationState::CARD_EMU_NDEF_SELECTED) {
[0m[33m      |         [01;31m[K^~~~[m[K
[0m[33m[01m[Ksrc/esphome/components/pn7160/pn7160.cpp:1168:28:[m[K [01;31m[Kerror: [m[K'[01m[KCardEmulationState[m[K' has not been declared
[0m[33m 1168 |     if (this->ce_state_ == [01;31m[KCardEmulationState[m[K::CARD_EMU_NDEF_SELECTED) {
[0m      |                            [01;31m[K^~~~~~~~~~~~~~~~~~[m[K
[33m[01m[Ksrc/esphome/components/pn7160/pn7160.cpp:1176:16:[m[K [01;31m[Kerror: [m[K'[01m[KTAG[m[K' was not declared in this scope; did you mean '[01m[Kesphome::pn7160::TAG[m[K'?
[0m[33m 1176 |       ESP_LOGD([01;31m[KTAG[m[K, "Received %u-byte NDEF message: %s", length, nfc::format_bytes_to(write_buf, ndef_msg_written));
[0m[33m      |                [01;31m[K^~~[m[K
[0m[33m[01m[Ksrc/esphome/core/log.h:96:55:[m[K [01;36m[Knote: [m[Kin definition of macro '[01m[Kesph_log_d[m[K'
[0m[33m   96 |   ::esphome::esp_log_printf_(ESPHOME_LOG_LEVEL_DEBUG, [01;36m[Ktag[m[K, __LINE__, ESPHOME_LOG_FORMAT(format), ##__VA_ARGS__)
[0m[33m      |                                                       [01;36m[K^~~[m[K
[0m[33m[01m[Ksrc/esphome/components/pn7160/pn7160.cpp:1176:7:[m[K [01;36m[Knote: [m[Kin expansion of macro '[01m[KESP_LOGD[m[K'
[0m[33m 1176 |       [01;36m[KESP_LOGD[m[K(TAG, "Received %u-byte NDEF message: %s", length, nfc::format_bytes_to(write_buf, ndef_msg_written));
[0m      |       [01;36m[K^~~~~~~~[m[K
[33m[01m[Ksrc/esphome/components/pn7160/pn7160.cpp:13:26:[m[K [01;36m[Knote: [m[K'[01m[Kesphome::pn7160::TAG[m[K' declared here
[0m[33m   13 | static const char *const [01;36m[KTAG[m[K = "pn7160";
[0m[33m      |                          [01;36m[K^~~[m[K
[0m[33m[01m[Ksrc/esphome/components/pn7160/pn7160.cpp:1177:60:[m[K [01;31m[Kerror: [m[K'[01m[KCARD_EMU_T4T_OK[m[K' was not declared in this scope; did you mean '[01m[Kesphome::pn7160::CARD_EMU_T4T_OK[m[K'?
[0m[33m 1177 |       ndef_response.insert(ndef_response.end(), std::begin([01;31m[KCARD_EMU_T4T_OK[m[K), std::end(CARD_EMU_T4T_OK));
[0m      |                                                            [01;31m[K^~~~~~~~~~~~~~~[m[K
[33m      |                                                            [32m[Kesphome::pn7160::CARD_EMU_T4T_OK[m[K
[0m[33m[01m[Ksrc/esphome/components/pn7160/pn7160.h:72:22:[m[K [01;36m[Knote: [m[K'[01m[Kesphome::pn7160::CARD_EMU_T4T_OK[m[K' declared here
[0m[33m   72 | static const uint8_t [01;36m[KCARD_EMU_T4T_OK[m[K[] = {0x90, 0x00};
[0m      |                      [01;36m[K^~~~~~~~~~~~~~~[m[K
[33m[01m[Ksrc/esphome/components/pn7160/pn7160.cpp:[m[K At global scope:
[0m[33m[01m[Ksrc/esphome/components/pn7160/pn7160.cpp:1182:9:[m[K [01;31m[Kerror: [m[K'[01m[KPN7160[m[K' has not been declared
[0m[33m 1182 | uint8_t [01;31m[KPN7160[m[K::transceive_(nfc::NciMessage &tx, nfc::NciMessage &rx, const uint16_t timeout,
[0m      |         [01;31m[K^~~~~~[m[K
[33m[01m[Ksrc/esphome/components/pn7160/pn7160.cpp:[m[K In function '[01m[Kuint8_t esphome::nfc::[01;32m[Ktransceive_[m[K(NciMessage&, NciMessage&, uint16_t, bool)[m[K':
[0m[33m[01m[Ksrc/esphome/components/pn7160/pn7160.cpp:1187:7:[m[K [01;31m[Kerror: [m[Kinvalid use of '[01m[Kthis[m[K' in non-member function
[0m[33m 1187 |   if ([01;31m[Kthis[m[K->write_nfcc(tx) != nfc::STATUS_OK) {
[0m[33m      |       [01;31m[K^~~~[m[K
[0m[33m[01m[Ksrc/esphome/components/pn7160/pn7160.cpp:1188:14:[m[K [01;31m[Kerror: [m[K'[01m[KTAG[m[K' was not declared in this scope; did you mean '[01m[Kesphome::pn7160::TAG[m[K'?
[0m[33m 1188 |     ESP_LOGE([01;31m[KTAG[m[K, "Error sending message");
[0m[33m      |              [01;31m[K^~~[m[K
[0m[33m[01m[Ksrc/esphome/core/log.h:127:55:[m[K [01;36m[Knote: [m[Kin definition of macro '[01m[Kesph_log_e[m[K'
[0m[33m  127 |   ::esphome::esp_log_printf_(ESPHOME_LOG_LEVEL_ERROR, [01;36m[Ktag[m[K, __LINE__, ESPHOME_LOG_FORMAT(format), ##__VA_ARGS__)
[0m[33m      |                                                       [01;36m[K^~~[m[K
[0m[33m[01m[Ksrc/esphome/components/pn7160/pn7160.cpp:1188:5:[m[K [01;36m[Knote: [m[Kin expansion of macro '[01m[KESP_LOGE[m[K'
[0m[33m 1188 |     [01;36m[KESP_LOGE[m[K(TAG, "Error sending message");
[0m      |     [01;36m[K^~~~~~~~[m[K
[33m[01m[Ksrc/esphome/components/pn7160/pn7160.cpp:13:26:[m[K [01;36m[Knote: [m[K'[01m[Kesphome::pn7160::TAG[m[K' declared here
[0m[33m   13 | static const char *const [01;36m[KTAG[m[K = "pn7160";
[0m[33m      |                          [01;36m[K^~~[m[K
[0m[33m[01m[Ksrc/esphome/components/pn7160/pn7160.cpp:1194:21:[m[K [01;31m[Kerror: [m[K'[01m[KNFCC_MAX_COMM_FAILS[m[K' was not declared in this scope; did you mean '[01m[Kesphome::pn7160::NFCC_MAX_COMM_FAILS[m[K'?
[0m[33m 1194 |   uint8_t retries = [01;31m[KNFCC_MAX_COMM_FAILS[m[K;
[0m      |                     [01;31m[K^~~~~~~~~~~~~~~~~~~[m[K
[33m      |                     [32m[Kesphome::pn7160::NFCC_MAX_COMM_FAILS[m[K
[0m[33m[01m[Ksrc/esphome/components/pn7160/pn7160.h:50:22:[m[K [01;36m[Knote: [m[K'[01m[Kesphome::pn7160::NFCC_MAX_COMM_FAILS[m[K' declared here
[0m[33m   50 | static const uint8_t [01;36m[KNFCC_MAX_COMM_FAILS[m[K = 3;
[0m      |                      [01;36m[K^~~~~~~~~~~~~~~~~~~[m[K
[33m[01m[Ksrc/esphome/components/pn7160/pn7160.cpp:1196:9:[m[K [01;31m[Kerror: [m[Kinvalid use of '[01m[Kthis[m[K' in non-member function
[0m[33m 1196 |     if ([01;31m[Kthis[m[K->read_nfcc(rx, timeout) == nfc::STATUS_OK) {
[0m[33m      |         [01;31m[K^~~~[m[K
[0m[33m[01m[Ksrc/esphome/components/pn7160/pn7160.cpp:1200:16:[m[K [01;31m[Kerror: [m[K'[01m[KTAG[m[K' was not declared in this scope; did you mean '[01m[Kesphome::pn7160::TAG[m[K'?
[0m[33m 1200 |       ESP_LOGE([01;31m[KTAG[m[K, "Error receiving message -- giving up");
[0m[33m      |                [01;31m[K^~~[m[K
[0m[33m[01m[Ksrc/esphome/core/log.h:127:55:[m[K [01;36m[Knote: [m[Kin definition of macro '[01m[Kesph_log_e[m[K'
[0m[33m  127 |   ::esphome::esp_log_printf_(ESPHOME_LOG_LEVEL_ERROR, [01;36m[Ktag[m[K, __LINE__, ESPHOME_LOG_FORMAT(format), ##__VA_ARGS__)
[0m[33m      |                                                       [01;36m[K^~~[m[K
[0m[33m[01m[Ksrc/esphome/components/pn7160/pn7160.cpp:1200:7:[m[K [01;36m[Knote: [m[Kin expansion of macro '[01m[KESP_LOGE[m[K'
[0m[33m 1200 |       [01;36m[KESP_LOGE[m[K(TAG, "Error receiving message -- giving up");
[0m      |       [01;36m[K^~~~~~~~[m[K
[33m[01m[Ksrc/esphome/components/pn7160/pn7160.cpp:13:26:[m[K [01;36m[Knote: [m[K'[01m[Kesphome::pn7160::TAG[m[K' declared here
[0m[33m   13 | static const char *const [01;36m[KTAG[m[K = "pn7160";
[0m[33m      |                          [01;36m[K^~~[m[K
[0m[33m[01m[Ksrc/esphome/components/pn7160/pn7160.cpp:1203:14:[m[K [01;31m[Kerror: [m[K'[01m[KTAG[m[K' was not declared in this scope; did you mean '[01m[Kesphome::pn7160::TAG[m[K'?
[0m[33m 1203 |     ESP_LOGW([01;31m[KTAG[m[K, "Error receiving message -- retrying read");
[0m[33m      |              [01;31m[K^~~[m[K
[0m[33m[01m[Ksrc/esphome/core/log.h:118:54:[m[K [01;36m[Knote: [m[Kin definition of macro '[01m[Kesph_log_w[m[K'
[0m[33m  118 |   ::esphome::esp_log_printf_(ESPHOME_LOG_LEVEL_WARN, [01;36m[Ktag[m[K, __LINE__, ESPHOME_LOG_FORMAT(format), ##__VA_ARGS__)
[0m[33m      |                                                      [01;36m[K^~~[m[K
[0m[33m[01m[Ksrc/esphome/components/pn7160/pn7160.cpp:1203:5:[m[K [01;36m[Knote: [m[Kin expansion of macro '[01m[KESP_LOGW[m[K'
[0m[33m 1203 |     [01;36m[KESP_LOGW[m[K(TAG, "Error receiving message -- retrying read");
[0m      |     [01;36m[K^~~~~~~~[m[K
[33m[01m[Ksrc/esphome/components/pn7160/pn7160.cpp:13:26:[m[K [01;36m[Knote: [m[K'[01m[Kesphome::pn7160::TAG[m[K' declared here
[0m[33m   13 | static const char *const [01;36m[KTAG[m[K = "pn7160";
[0m[33m      |                          [01;36m[K^~~[m[K
[0m[33m[01m[Ksrc/esphome/components/i2c/i2c.h:[m[K In member function '[01m[Kbool esphome::i2c::I2CDevice::[01;32m[Kread_byte[m[K(uint8_t, uint8_t*)[m[K':
[0m[33m[01m[Ksrc/esphome/components/i2c/i2c.h:241:62:[m[K [01;31m[Kerror: [m[K'[01m[Kread_register[m[K' was not declared in this scope; did you mean '[01m[Ka_register[m[K'?
[0m[33m  241 |   bool read_byte(uint8_t a_register, uint8_t *data) { return [01;31m[Kread_register[m[K(a_register, data, 1) == ERROR_OK; }
[0m      |                                                              [01;31m[K^~~~~~~~~~~~~[m[K
[33m      |                                                              [32m[Ka_register[m[K
[0m[33m[01m[Ksrc/esphome/components/pn7160/pn7160.cpp:1210:16:[m[K [01;31m[Kerror: [m[K'[01m[KTAG[m[K' was not declared in this scope; did you mean '[01m[Kesphome::pn7160::TAG[m[K'?
[0m[33m 1210 |       ESP_LOGE([01;31m[KTAG[m[K, "Incorrect response to command: %s", nfc::format_bytes_to(buf, rx.get_message()));
[0m[33m      |                [01;31m[K^~~[m[K
[0m[33m[01m[Ksrc/esphome/core/log.h:127:55:[m[K [01;36m[Knote: [m[Kin definition of macro '[01m[Kesph_log_e[m[K'
[0m[33m  127 |   ::esphome::esp_log_printf_(ESPHOME_LOG_LEVEL_ERROR, [01;36m[Ktag[m[K, __LINE__, ESPHOME_LOG_FORMAT(format), ##__VA_ARGS__)
[0m[33m      |                                                       [01;36m[K^~~[m[K
[0m[33m[01m[Ksrc/esphome/components/pn7160/pn7160.cpp:1210:7:[m[K [01;36m[Knote: [m[Kin expansion of macro '[01m[KESP_LOGE[m[K'
[0m[33m 1210 |       [01;36m[KESP_LOGE[m[K(TAG, "Incorrect response to command: %s", nfc::format_bytes_to(buf, rx.get_message()));
[0m      |       [01;36m[K^~~~~~~~[m[K
[33m[01m[Ksrc/esphome/components/pn7160/pn7160.cpp:13:26:[m[K [01;36m[Knote: [m[K'[01m[Kesphome::pn7160::TAG[m[K' declared here
[0m[33m   13 | static const char *const [01;36m[KTAG[m[K = "pn7160";
[0m[33m      |                          [01;36m[K^~~[m[K
[0m[33m[01m[Ksrc/esphome/components/pn7160/pn7160.cpp:1214:16:[m[K [01;31m[Kerror: [m[K'[01m[KTAG[m[K' was not declared in this scope; did you mean '[01m[Kesphome::pn7160::TAG[m[K'?
[0m[33m 1214 |       ESP_LOGE([01;31m[KTAG[m[K, "Error in response to command: %s", nfc::format_bytes_to(buf, rx.get_message()));
[0m[33m      |                [01;31m[K^~~[m[K
[0m[33m[01m[Ksrc/esphome/core/log.h:127:55:[m[K [01;36m[Knote: [m[Kin definition of macro '[01m[Kesph_log_e[m[K'
[0m[33m  127 |   ::esphome::esp_log_printf_(ESPHOME_LOG_LEVEL_ERROR, [01;36m[Ktag[m[K, __LINE__, ESPHOME_LOG_FORMAT(format), ##__VA_ARGS__)
[0m[33m      |                                                       [01;36m[K^~~[m[K
[0m[33m[01m[Ksrc/esphome/components/pn7160/pn7160.cpp:1214:7:[m[K [01;36m[Knote: [m[Kin expansion of macro '[01m[KESP_LOGE[m[K'
[0m[33m 1214 |       [01;36m[KESP_LOGE[m[K(TAG, "Error in response to command: %s", nfc::format_bytes_to(buf, rx.get_message()));
[0m      |       [01;36m[K^~~~~~~~[m[K
[33m[01m[Ksrc/esphome/components/pn7160/pn7160.cpp:13:26:[m[K [01;36m[Knote: [m[K'[01m[Kesphome::pn7160::TAG[m[K' declared here
[0m[33m   13 | static const char *const [01;36m[KTAG[m[K = "pn7160";
[0m[33m      |                          [01;36m[K^~~[m[K
[0m[33m[01m[Ksrc/esphome/components/i2c/i2c.h:241:100:[m[K [01;31m[Kerror: [m[K'[01m[KERROR_OK[m[K' was not declared in this scope; did you mean '[01m[Kesphome::i2c::ERROR_OK[m[K'?
[0m[33m  241 |   bool read_byte(uint8_t a_register, uint8_t *data) { return read_register(a_register, data, 1) == [01;31m[KERROR_OK[m[K; }
[0m      |                                                                                                    [01;31m[K^~~~~~~~[m[K
[33m      |                                                                                                    [32m[Kesphome::i2c::ERROR_OK[m[K
[0m[33m[01m[Ksrc/esphome/components/i2c/i2c_bus.h:17:3:[m[K [01;36m[Knote: [m[K'[01m[Kesphome::i2c::ERROR_OK[m[K' declared here
[0m[31m   17 |   [01;36m[KERROR_OK[m[K = 0,                ///< No error found during execution of method
[0m      |   [01;36m[K^~~~~~~~[m[K
[33m[01m[Ksrc/esphome/components/pn7160/pn7160.cpp:1220:16:[m[K [01;31m[Kerror: [m[K'[01m[KTAG[m[K' was not declared in this scope; did you mean '[01m[Kesphome::pn7160::TAG[m[K'?
[0m[33m 1220 |       ESP_LOGE([01;31m[KTAG[m[K, "Incorrect response to data message: %s", nfc::format_bytes_to(buf, rx.get_message()));
[0m[33m      |                [01;31m[K^~~[m[K
[0m[33m[01m[Ksrc/esphome/core/log.h:127:55:[m[K [01;36m[Knote: [m[Kin definition of macro '[01m[Kesph_log_e[m[K'
[0m[33m  127 |   ::esphome::esp_log_printf_(ESPHOME_LOG_LEVEL_ERROR, [01;36m[Ktag[m[K, __LINE__, ESPHOME_LOG_FORMAT(format), ##__VA_ARGS__)
[0m[33m      |                                                       [01;36m[K^~~[m[K
[0m[33m[01m[Ksrc/esphome/components/pn7160/pn7160.cpp:1220:7:[m[K [01;36m[Knote: [m[Kin expansion of macro '[01m[KESP_LOGE[m[K'
[0m[33m 1220 |       [01;36m[KESP_LOGE[m[K(TAG, "Incorrect response to data message: %s", nfc::format_bytes_to(buf, rx.get_message()));
[0m      |       [01;36m[K^~~~~~~~[m[K
[33m[01m[Ksrc/esphome/components/pn7160/pn7160.cpp:13:26:[m[K [01;36m[Knote: [m[K'[01m[Kesphome::pn7160::TAG[m[K' declared here
[0m[33m   13 | static const char *const [01;36m[KTAG[m[K = "pn7160";
[0m[33m      |                          [01;36m[K^~~[m[K
[0m[33m[01m[Ksrc/esphome/components/pn7160/pn7160.cpp:1224:11:[m[K [01;31m[Kerror: [m[Kinvalid use of '[01m[Kthis[m[K' in non-member function
[0m[33m 1224 |       if ([01;31m[Kthis[m[K->read_nfcc(rx, timeout) != nfc::STATUS_OK) {
[0m[33m      |           [01;31m[K^~~~[m[K
[0m[33m[01m[Ksrc/esphome/components/pn7160/pn7160.cpp:1225:18:[m[K [01;31m[Kerror: [m[K'[01m[KTAG[m[K' was not declared in this scope; did you mean '[01m[Kesphome::pn7160::TAG[m[K'?
[0m[33m 1225 |         ESP_LOGE([01;31m[KTAG[m[K, "Error receiving data from endpoint");
[0m[33m      |                  [01;31m[K^~~[m[K
[0m[33m[01m[Ksrc/esphome/core/log.h:127:55:[m[K [01;36m[Knote: [m[Kin definition of macro '[01m[Kesph_log_e[m[K'
[0m[33m  127 |   ::esphome::esp_log_printf_(ESPHOME_LOG_LEVEL_ERROR, [01;36m[Ktag[m[K, __LINE__, ESPHOME_LOG_FORMAT(format), ##__VA_ARGS__)
[0m[33m      |                                                       [01;36m[K^~~[m[K
[0m[33m[01m[Ksrc/esphome/components/pn7160/pn7160.cpp:1225:9:[m[K [01;36m[Knote: [m[Kin expansion of macro '[01m[KESP_LOGE[m[K'
[0m[33m 1225 |         [01;36m[KESP_LOGE[m[K(TAG, "Error receiving data from endpoint");
[0m      |         [01;36m[K^~~~~~~~[m[K
[33m[01m[Ksrc/esphome/components/pn7160/pn7160.cpp:13:26:[m[K [01;36m[Knote: [m[K'[01m[Kesphome::pn7160::TAG[m[K' declared here
[0m[33m   13 | static const char *const [01;36m[KTAG[m[K = "pn7160";
[0m[33m      |                          [01;36m[K^~~[m[K
[0m[33m[01m[Ksrc/esphome/components/pn7160/pn7160.cpp:[m[K At global scope:
[0m[33m[01m[Ksrc/esphome/components/pn7160/pn7160.cpp:1234:9:[m[K [01;31m[Kerror: [m[K'[01m[KPN7160[m[K' has not been declared
[0m[33m 1234 | uint8_t [01;31m[KPN7160[m[K::wait_for_irq_(uint16_t timeout, bool pin_state) {
[0m      |         [01;31m[K^~~~~~[m[K
[33m[01m[Ksrc/esphome/components/pn7160/pn7160.cpp:[m[K In function '[01m[Kuint8_t esphome::nfc::[01;32m[Kwait_for_irq_[m[K(uint16_t, bool)[m[K':
[0m[33m[01m[Ksrc/esphome/components/pn7160/pn7160.cpp:1238:9:[m[K [01;31m[Kerror: [m[Kinvalid use of '[01m[Kthis[m[K' in non-member function
[0m[33m 1238 |     if ([01;31m[Kthis[m[K->irq_pin_->digital_read() == pin_state) {
[0m[33m      |         [01;31m[K^~~~[m[K
[0m[33m[01m[Ksrc/esphome/components/pn7160/pn7160.cpp:1242:12:[m[K [01;31m[Kerror: [m[K'[01m[KTAG[m[K' was not declared in this scope; did you mean '[01m[Kesphome::pn7160::TAG[m[K'?
[0m[33m 1242 |   ESP_LOGW([01;31m[KTAG[m[K, "Timed out waiting for IRQ state");
[0m[33m      |            [01;31m[K^~~[m[K
[0m[33m[01m[Ksrc/esphome/core/log.h:118:54:[m[K [01;36m[Knote: [m[Kin definition of macro '[01m[Kesph_log_w[m[K'
[0m[33m  118 |   ::esphome::esp_log_printf_(ESPHOME_LOG_LEVEL_WARN, [01;36m[Ktag[m[K, __LINE__, ESPHOME_LOG_FORMAT(format), ##__VA_ARGS__)
[0m[33m      |                                                      [01;36m[K^~~[m[K
[0m[33m[01m[Ksrc/esphome/components/pn7160/pn7160.cpp:1242:3:[m[K [01;36m[Knote: [m[Kin expansion of macro '[01m[KESP_LOGW[m[K'
[0m[33m 1242 |   [01;36m[KESP_LOGW[m[K(TAG, "Timed out waiting for IRQ state");
[0m      |   [01;36m[K^~~~~~~~[m[K
[33m[01m[Ksrc/esphome/components/pn7160/pn7160.cpp:13:26:[m[K [01;36m[Knote: [m[K'[01m[Kesphome::pn7160::TAG[m[K' declared here
[0m[33m   13 | static const char *const [01;36m[KTAG[m[K = "pn7160";
[0m[33m      |                          [01;36m[K^~~[m[K
[0m[33m[01m[Ksrc/esphome/components/pn7160/pn7160.cpp:[m[K At global scope:
[0m[33m[01m[Ksrc/esphome/components/pn7160/pn7160.cpp:1246:6:[m[K [01;31m[Kerror: [m[K'[01m[KPN7160[m[K' has not been declared
[0m[33m 1246 | void [01;31m[KPN7160[m[K::reset_via_ven_() {
[0m      |      [01;31m[K^~~~~~[m[K
[33m[01m[Ksrc/esphome/components/pn7160/pn7160.cpp:[m[K In function '[01m[Kvoid esphome::nfc::[01;32m[Kreset_via_ven_[m[K()[m[K':
[0m[33m[01m[Ksrc/esphome/components/pn7160/pn7160.cpp:1247:12:[m[K [01;31m[Kerror: [m[K'[01m[KTAG[m[K' was not declared in this scope; did you mean '[01m[Kesphome::pn7160::TAG[m[K'?
[0m[33m 1247 |   ESP_LOGW([01;31m[KTAG[m[K, "Performing hardware reset via VEN pin");
[0m[33m      |            [01;31m[K^~~[m[K
[0m[33m[01m[Ksrc/esphome/core/log.h:118:54:[m[K [01;36m[Knote: [m[Kin definition of macro '[01m[Kesph_log_w[m[K'
[0m[33m  118 |   ::esphome::esp_log_printf_(ESPHOME_LOG_LEVEL_WARN, [01;36m[Ktag[m[K, __LINE__, ESPHOME_LOG_FORMAT(format), ##__VA_ARGS__)
[0m[33m      |                                                      [01;36m[K^~~[m[K
[0m[33m[01m[Ksrc/esphome/components/pn7160/pn7160.cpp:1247:3:[m[K [01;36m[Knote: [m[Kin expansion of macro '[01m[KESP_LOGW[m[K'
[0m[33m 1247 |   [01;36m[KESP_LOGW[m[K(TAG, "Performing hardware reset via VEN pin");
[0m      |   [01;36m[K^~~~~~~~[m[K
[33m[01m[Ksrc/esphome/components/pn7160/pn7160.cpp:13:26:[m[K [01;36m[Knote: [m[K'[01m[Kesphome::pn7160::TAG[m[K' declared here
[0m[33m   13 | static const char *const [01;36m[KTAG[m[K = "pn7160";
[0m[33m      |                          [01;36m[K^~~[m[K
[0m[33m[01m[Ksrc/esphome/components/pn7160/pn7160.cpp:1248:3:[m[K [01;31m[Kerror: [m[Kinvalid use of '[01m[Kthis[m[K' in non-member function
[0m[33m 1248 |   [01;31m[Kthis[m[K->ven_pin_->digital_write(false);
[0m[33m      |   [01;31m[K^~~~[m[K
[0m[33m[01m[Ksrc/esphome/components/pn7160/pn7160.cpp:1249:9:[m[K [01;31m[Kerror: [m[K'[01m[KNFCC_DEFAULT_TIMEOUT[m[K' was not declared in this scope; did you mean '[01m[Kesphome::pn7160::NFCC_DEFAULT_TIMEOUT[m[K'?
[0m[33m 1249 |   delay([01;31m[KNFCC_DEFAULT_TIMEOUT[m[K);
[0m      |         [01;31m[K^~~~~~~~~~~~~~~~~~~~[m[K
[33m      |         [32m[Kesphome::pn7160::NFCC_DEFAULT_TIMEOUT[m[K
[0m[33m[01m[Ksrc/esphome/components/pn7160/pn7160.h:46:23:[m[K [01;36m[Knote: [m[K'[01m[Kesphome::pn7160::NFCC_DEFAULT_TIMEOUT[m[K' declared here
[0m[33m   46 | static const uint16_t [01;36m[KNFCC_DEFAULT_TIMEOUT[m[K = 10;
[0m      |                       [01;36m[K^~~~~~~~~~~~~~~~~~~~[m[K
[33m[01m[Ksrc/esphome/components/pn7160/pn7160.cpp:1250:3:[m[K [01;31m[Kerror: [m[Kinvalid use of '[01m[Kthis[m[K' in non-member function
[0m[33m 1250 |   [01;31m[Kthis[m[K->ven_pin_->digital_write(true);
[0m[33m      |   [01;31m[K^~~~[m[K
[0m[33m[01m[Ksrc/esphome/components/pn7160/pn7160.cpp:1251:9:[m[K [01;31m[Kerror: [m[K'[01m[KNFCC_INIT_TIMEOUT[m[K' was not declared in this scope; did you mean '[01m[Kesphome::pn7160::NFCC_INIT_TIMEOUT[m[K'?
[0m[33m 1251 |   delay([01;31m[KNFCC_INIT_TIMEOUT[m[K);
[0m      |         [01;31m[K^~~~~~~~~~~~~~~~~[m[K
[33m      |         [32m[Kesphome::pn7160::NFCC_INIT_TIMEOUT[m[K
[0m[33m[01m[Ksrc/esphome/components/pn7160/pn7160.h:47:23:[m[K [01;36m[Knote: [m[K'[01m[Kesphome::pn7160::NFCC_INIT_TIMEOUT[m[K' declared here
[0m[33m   47 | static const uint16_t [01;36m[KNFCC_INIT_TIMEOUT[m[K = 50;
[0m      |                       [01;36m[K^~~~~~~~~~~~~~~~~[m[K
[33m[01m[Ksrc/esphome/components/pn7160/pn7160.cpp:1252:3:[m[K [01;31m[Kerror: [m[Kinvalid use of '[01m[Kthis[m[K' in non-member function
[0m[33m 1252 |   [01;31m[Kthis[m[K->nci_fsm_set_state_(NCIState::NFCC_RESET);
[0m[33m      |   [01;31m[K^~~~[m[K
[0m[33m[01m[Ksrc/esphome/components/pn7160/pn7160.cpp:1252:28:[m[K [01;31m[Kerror: [m[K'[01m[KNCIState[m[K' has not been declared
[0m[33m 1252 |   this->nci_fsm_set_state_([01;31m[KNCIState[m[K::NFCC_RESET);
[0m      |                            [01;31m[K^~~~~~~~[m[K
[33m[01m[Ksrc/esphome/components/pn7160/pn7160.cpp:[m[K At global scope:
[0m[33m[01m[Ksrc/esphome/components/pn7160/pn7160.cpp:1255:6:[m[K [01;31m[Kerror: [m[K'[01m[KPN7160[m[K' has not been declared
[0m[33m 1255 | void [01;31m[KPN7160[m[K::perform_health_check_() {
[0m      |      [01;31m[K^~~~~~[m[K
[33m[01m[Ksrc/esphome/components/pn7160/pn7160.cpp:[m[K In function '[01m[Kvoid esphome::nfc::[01;32m[Kperform_health_check_[m[K()[m[K':
[0m[33m[01m[Ksrc/esphome/components/pn7160/pn7160.cpp:1256:8:[m[K [01;31m[Kerror: [m[Kinvalid use of '[01m[Kthis[m[K' in non-member function
[0m[33m 1256 |   if (![01;31m[Kthis[m[K->health_check_enabled_)
[0m[33m      |        [01;31m[K^~~~[m[K
[0m[33m[01m[Ksrc/esphome/components/pn7160/pn7160.cpp:1260:13:[m[K [01;31m[Kerror: [m[Kinvalid use of '[01m[Kthis[m[K' in non-member function
[0m[33m 1260 |   if (now - [01;31m[Kthis[m[K->last_health_check_ < this->health_check_interval_)
[0m[33m      |             [01;31m[K^~~~[m[K
[0m[33m[01m[Ksrc/esphome/components/pn7160/pn7160.cpp:1260:40:[m[K [01;31m[Kerror: [m[Kinvalid use of '[01m[Kthis[m[K' in non-member function
[0m[33m 1260 |   if (now - this->last_health_check_ < [01;31m[Kthis[m[K->health_check_interval_)
[0m[33m      |                                        [01;31m[K^~~~[m[K
[0m[33m[01m[Ksrc/esphome/components/pn7160/pn7160.cpp:1262:3:[m[K [01;31m[Kerror: [m[Kinvalid use of '[01m[Kthis[m[K' in non-member function
[0m[33m 1262 |   [01;31m[Kthis[m[K->last_health_check_ = now;
[0m[33m      |   [01;31m[K^~~~[m[K
[0m[33m[01m[Ksrc/esphome/components/pn7160/pn7160.cpp:1267:8:[m[K [01;31m[Kerror: [m[Kinvalid use of '[01m[Kthis[m[K' in non-member function
[0m[33m 1267 |       ([01;31m[Kthis[m[K->nci_state_ == NCIState::NFCC_RESET || this->nci_state_ == NCIState::NFCC_INIT ||
[0m[33m      |        [01;31m[K^~~~[m[K
[0m[33m[01m[Ksrc/esphome/components/pn7160/pn7160.cpp:1267:28:[m[K [01;31m[Kerror: [m[K'[01m[KNCIState[m[K' has not been declared
[0m[33m 1267 |       (this->nci_state_ == [01;31m[KNCIState[m[K::NFCC_RESET || this->nci_state_ == NCIState::NFCC_INIT ||
[0m      |                            [01;31m[K^~~~~~~~[m[K
[33m[01m[Ksrc/esphome/components/pn7160/pn7160.cpp:1267:52:[m[K [01;31m[Kerror: [m[Kinvalid use of '[01m[Kthis[m[K' in non-member function
[0m[33m 1267 |       (this->nci_state_ == NCIState::NFCC_RESET || [01;31m[Kthis[m[K->nci_state_ == NCIState::NFCC_INIT ||
[0m[33m      |                                                    [01;31m[K^~~~[m[K
[0m[33m[01m[Ksrc/esphome/components/pn7160/pn7160.cpp:1267:72:[m[K [01;31m[Kerror: [m[K'[01m[KNCIState[m[K' has not been declared
[0m[33m 1267 |       (this->nci_state_ == NCIState::NFCC_RESET || this->nci_state_ == [01;31m[KNCIState[m[K::NFCC_INIT ||
[0m      |                                                                        [01;31m[K^~~~~~~~[m[K
[33m[01m[Ksrc/esphome/components/pn7160/pn7160.cpp:1268:8:[m[K [01;31m[Kerror: [m[Kinvalid use of '[01m[Kthis[m[K' in non-member function
[0m[33m 1268 |        [01;31m[Kthis[m[K->nci_state_ == NCIState::NFCC_CONFIG || this->nci_state_ == NCIState::NFCC_SET_DISCOVER_MAP ||
[0m[33m      |        [01;31m[K^~~~[m[K
[0m[33m[01m[Ksrc/esphome/components/pn7160/pn7160.cpp:1268:28:[m[K [01;31m[Kerror: [m[K'[01m[KNCIState[m[K' has not been declared
[0m[33m 1268 |        this->nci_state_ == [01;31m[KNCIState[m[K::NFCC_CONFIG || this->nci_state_ == NCIState::NFCC_SET_DISCOVER_MAP ||
[0m      |                            [01;31m[K^~~~~~~~[m[K
[33m[01m[Ksrc/esphome/components/pn7160/pn7160.cpp:1268:53:[m[K [01;31m[Kerror: [m[Kinvalid use of '[01m[Kthis[m[K' in non-member function
[0m[33m 1268 |        this->nci_state_ == NCIState::NFCC_CONFIG || [01;31m[Kthis[m[K->nci_state_ == NCIState::NFCC_SET_DISCOVER_MAP ||
[0m[33m      |                                                     [01;31m[K^~~~[m[K
[0m[33m[01m[Ksrc/esphome/components/pn7160/pn7160.cpp:1268:73:[m[K [01;31m[Kerror: [m[K'[01m[KNCIState[m[K' has not been declared
[0m[33m 1268 |        this->nci_state_ == NCIState::NFCC_CONFIG || this->nci_state_ == [01;31m[KNCIState[m[K::NFCC_SET_DISCOVER_MAP ||
[0m      |                                                                         [01;31m[K^~~~~~~~[m[K
[33m[01m[Ksrc/esphome/components/pn7160/pn7160.cpp:1269:8:[m[K [01;31m[Kerror: [m[Kinvalid use of '[01m[Kthis[m[K' in non-member function
[0m[33m 1269 |        [01;31m[Kthis[m[K->nci_state_ == NCIState::NFCC_SET_LISTEN_MODE_ROUTING || this->nci_state_ == NCIState::EP_DEACTIVATING ||
[0m[33m      |        [01;31m[K^~~~[m[K
[0m[33m[01m[Ksrc/esphome/components/pn7160/pn7160.cpp:1269:28:[m[K [01;31m[Kerror: [m[K'[01m[KNCIState[m[K' has not been declared
[0m[33m 1269 |        this->nci_state_ == [01;31m[KNCIState[m[K::NFCC_SET_LISTEN_MODE_ROUTING || this->nci_state_ == NCIState::EP_DEACTIVATING ||
[0m      |                            [01;31m[K^~~~~~~~[m[K
[33m[01m[Ksrc/esphome/components/pn7160/pn7160.cpp:1269:70:[m[K [01;31m[Kerror: [m[Kinvalid use of '[01m[Kthis[m[K' in non-member function
[0m[33m 1269 |        this->nci_state_ == NCIState::NFCC_SET_LISTEN_MODE_ROUTING || [01;31m[Kthis[m[K->nci_state_ == NCIState::EP_DEACTIVATING ||
[0m[33m      |                                                                      [01;31m[K^~~~[m[K
[0m[33m[01m[Ksrc/esphome/components/pn7160/pn7160.cpp:1269:90:[m[K [01;31m[Kerror: [m[K'[01m[KNCIState[m[K' has not been declared
[0m[33m 1269 |        this->nci_state_ == NCIState::NFCC_SET_LISTEN_MODE_ROUTING || this->nci_state_ == [01;31m[KNCIState[m[K::EP_DEACTIVATING ||
[0m      |                                                                                          [01;31m[K^~~~~~~~[m[K
[33m[01m[Ksrc/esphome/components/pn7160/pn7160.cpp:1270:8:[m[K [01;31m[Kerror: [m[Kinvalid use of '[01m[Kthis[m[K' in non-member function
[0m[33m 1270 |        [01;31m[Kthis[m[K->nci_state_ == NCIState::EP_SELECTING);
[0m[33m      |        [01;31m[K^~~~[m[K
[0m[33m[01m[Ksrc/esphome/components/pn7160/pn7160.cpp:1270:28:[m[K [01;31m[Kerror: [m[K'[01m[KNCIState[m[K' has not been declared
[0m[33m 1270 |        this->nci_state_ == [01;31m[KNCIState[m[K::EP_SELECTING);
[0m      |                            [01;31m[K^~~~~~~~[m[K
[33m[01m[Ksrc/esphome/components/pn7160/pn7160.cpp:1273:30:[m[K [01;31m[Kerror: [m[Kinvalid use of '[01m[Kthis[m[K' in non-member function
[0m[33m 1273 |   uint32_t state_age = now - [01;31m[Kthis[m[K->last_nci_state_change_;
[0m[33m      |                              [01;31m[K^~~~[m[K
[0m[33m[01m[Ksrc/esphome/components/pn7160/pn7160.cpp:1274:26:[m[K [01;31m[Kerror: [m[Kinvalid use of '[01m[Kthis[m[K' in non-member function
[0m[33m 1274 |   bool stuck_too_long = ([01;31m[Kthis[m[K->nci_state_ == NCIState::EP_DEACTIVATING || this->nci_state_ == NCIState::EP_SELECTING)
[0m[33m      |                          [01;31m[K^~~~[m[K
[0m[33m[01m[Ksrc/esphome/components/pn7160/pn7160.cpp:1274:46:[m[K [01;31m[Kerror: [m[K'[01m[KNCIState[m[K' has not been declared
[0m[33m 1274 |   bool stuck_too_long = (this->nci_state_ == [01;31m[KNCIState[m[K::EP_DEACTIVATING || this->nci_state_ == NCIState::EP_SELECTING)
[0m      |                                              [01;31m[K^~~~~~~~[m[K
[33m[01m[Ksrc/esphome/components/pn7160/pn7160.cpp:1274:75:[m[K [01;31m[Kerror: [m[Kinvalid use of '[01m[Kthis[m[K' in non-member function
[0m[33m 1274 |   bool stuck_too_long = (this->nci_state_ == NCIState::EP_DEACTIVATING || [01;31m[Kthis[m[K->nci_state_ == NCIState::EP_SELECTING)
[0m[33m      |                                                                           [01;31m[K^~~~[m[K
[0m[33m[01m[Ksrc/esphome/components/pn7160/pn7160.cpp:1274:95:[m[K [01;31m[Kerror: [m[K'[01m[KNCIState[m[K' has not been declared
[0m[33m 1274 |   bool stuck_too_long = (this->nci_state_ == NCIState::EP_DEACTIVATING || this->nci_state_ == [01;31m[KNCIState[m[K::EP_SELECTING)
[0m      |                                                                                               [01;31m[K^~~~~~~~[m[K
[33m[01m[Ksrc/esphome/components/pn7160/pn7160.cpp:1276:43:[m[K [01;31m[Kerror: [m[Kinvalid use of '[01m[Kthis[m[K' in non-member function
[0m[33m 1276 |                             : state_age > [01;31m[Kthis[m[K->health_check_interval_;
[0m[33m      |                                           [01;31m[K^~~~[m[K
[0m[33m[01m[Ksrc/esphome/components/pn7160/pn7160.cpp:1279:5:[m[K [01;31m[Kerror: [m[Kinvalid use of '[01m[Kthis[m[K' in non-member function
[0m[33m 1279 |     [01;31m[Kthis[m[K->health_fail_count_++;
[0m[33m      |     [01;31m[K^~~~[m[K
[0m[33m[01m[Ksrc/esphome/components/pn7160/pn7160.cpp:1280:14:[m[K [01;31m[Kerror: [m[K'[01m[KTAG[m[K' was not declared in this scope; did you mean '[01m[Kesphome::pn7160::TAG[m[K'?
[0m[33m 1280 |     ESP_LOGW([01;31m[KTAG[m[K, "Health check: NFCC stuck in init state %u for %ums (%u/%u)", (uint8_t) this->nci_state_,
[0m[33m      |              [01;31m[K^~~[m[K
[0m[33m[01m[Ksrc/esphome/core/log.h:118:54:[m[K [01;36m[Knote: [m[Kin definition of macro '[01m[Kesph_log_w[m[K'
[0m[33m  118 |   ::esphome::esp_log_printf_(ESPHOME_LOG_LEVEL_WARN, [01;36m[Ktag[m[K, __LINE__, ESPHOME_LOG_FORMAT(format), ##__VA_ARGS__)
[0m[33m      |                                                      [01;36m[K^~~[m[K
[0m[33m[01m[Ksrc/esphome/components/pn7160/pn7160.cpp:1280:5:[m[K [01;36m[Knote: [m[Kin expansion of macro '[01m[KESP_LOGW[m[K'
[0m[33m 1280 |     [01;36m[KESP_LOGW[m[K(TAG, "Health check: NFCC stuck in init state %u for %ums (%u/%u)", (uint8_t) this->nci_state_,
[0m      |     [01;36m[K^~~~~~~~[m[K
[33m[01m[Ksrc/esphome/components/pn7160/pn7160.cpp:13:26:[m[K [01;36m[Knote: [m[K'[01m[Kesphome::pn7160::TAG[m[K' declared here
[0m[33m   13 | static const char *const [01;36m[KTAG[m[K = "pn7160";
[0m[33m      |                          [01;36m[K^~~[m[K
[0m[33m[01m[Ksrc/esphome/components/pn7160/pn7160.cpp:1280:91:[m[K [01;31m[Kerror: [m[Kinvalid use of '[01m[Kthis[m[K' in non-member function
[0m[33m 1280 |     ESP_LOGW(TAG, "Health check: NFCC stuck in init state %u for %ums (%u/%u)", (uint8_t) [01;31m[Kthis[m[K->nci_state_,
[0m[33m      |                                                                                           [01;31m[K^~~~[m[K
[0m[33m[01m[Ksrc/esphome/core/log.h:118:99:[m[K [01;36m[Knote: [m[Kin definition of macro '[01m[Kesph_log_w[m[K'
[0m[33m  118 |   ::esphome::esp_log_printf_(ESPHOME_LOG_LEVEL_WARN, tag, __LINE__, ESPHOME_LOG_FORMAT(format), ##[01;36m[K__VA_ARGS__[m[K)
[0m      |                                                                                                   [01;36m[K^~~~~~~~~~~[m[K
[33m[01m[Ksrc/esphome/components/pn7160/pn7160.cpp:1280:5:[m[K [01;36m[Knote: [m[Kin expansion of macro '[01m[KESP_LOGW[m[K'
[0m[33m 1280 |     [01;36m[KESP_LOGW[m[K(TAG, "Health check: NFCC stuck in init state %u for %ums (%u/%u)", (uint8_t) this->nci_state_,
[0m      |     [01;36m[K^~~~~~~~[m[K
[33m[01m[Ksrc/esphome/components/pn7160/pn7160.cpp:1281:20:[m[K [01;31m[Kerror: [m[Kinvalid use of '[01m[Kthis[m[K' in non-member function
[0m[33m 1281 |              now - [01;31m[Kthis[m[K->last_nci_state_change_, this->health_fail_count_, this->max_failed_checks_);
[0m[33m      |                    [01;31m[K^~~~[m[K
[0m[33m[01m[Ksrc/esphome/core/log.h:118:99:[m[K [01;36m[Knote: [m[Kin definition of macro '[01m[Kesph_log_w[m[K'
[0m[33m  118 |   ::esphome::esp_log_printf_(ESPHOME_LOG_LEVEL_WARN, tag, __LINE__, ESPHOME_LOG_FORMAT(format), ##[01;36m[K__VA_ARGS__[m[K)
[0m      |                                                                                                   [01;36m[K^~~~~~~~~~~[m[K
[33m[01m[Ksrc/esphome/components/pn7160/pn7160.cpp:1280:5:[m[K [01;36m[Knote: [m[Kin expansion of macro '[01m[KESP_LOGW[m[K'
[0m[33m 1280 |     [01;36m[KESP_LOGW[m[K(TAG, "Health check: NFCC stuck in init state %u for %ums (%u/%u)", (uint8_t) this->nci_state_,
[0m      |     [01;36m[K^~~~~~~~[m[K
[33m[01m[Ksrc/esphome/components/pn7160/pn7160.cpp:1281:50:[m[K [01;31m[Kerror: [m[Kinvalid use of '[01m[Kthis[m[K' in non-member function
[0m[33m 1281 |              now - this->last_nci_state_change_, [01;31m[Kthis[m[K->health_fail_count_, this->max_failed_checks_);
[0m[33m      |                                                  [01;31m[K^~~~[m[K
[0m[33m[01m[Ksrc/esphome/core/log.h:118:99:[m[K [01;36m[Knote: [m[Kin definition of macro '[01m[Kesph_log_w[m[K'
[0m[33m  118 |   ::esphome::esp_log_printf_(ESPHOME_LOG_LEVEL_WARN, tag, __LINE__, ESPHOME_LOG_FORMAT(format), ##[01;36m[K__VA_ARGS__[m[K)
[0m      |                                                                                                   [01;36m[K^~~~~~~~~~~[m[K
[33m[01m[Ksrc/esphome/components/pn7160/pn7160.cpp:1280:5:[m[K [01;36m[Knote: [m[Kin expansion of macro '[01m[KESP_LOGW[m[K'
[0m[33m 1280 |     [01;36m[KESP_LOGW[m[K(TAG, "Health check: NFCC stuck in init state %u for %ums (%u/%u)", (uint8_t) this->nci_state_,
[0m      |     [01;36m[K^~~~~~~~[m[K
[33m[01m[Ksrc/esphome/components/pn7160/pn7160.cpp:1281:76:[m[K [01;31m[Kerror: [m[Kinvalid use of '[01m[Kthis[m[K' in non-member function
[0m[33m 1281 |              now - this->last_nci_state_change_, this->health_fail_count_, [01;31m[Kthis[m[K->max_failed_checks_);
[0m[33m      |                                                                            [01;31m[K^~~~[m[K
[0m[33m[01m[Ksrc/esphome/core/log.h:118:99:[m[K [01;36m[Knote: [m[Kin definition of macro '[01m[Kesph_log_w[m[K'
[0m[33m  118 |   ::esphome::esp_log_printf_(ESPHOME_LOG_LEVEL_WARN, tag, __LINE__, ESPHOME_LOG_FORMAT(format), ##[01;36m[K__VA_ARGS__[m[K)
[0m      |                                                                                                   [01;36m[K^~~~~~~~~~~[m[K
[33m[01m[Ksrc/esphome/components/pn7160/pn7160.cpp:1280:5:[m[K [01;36m[Knote: [m[Kin expansion of macro '[01m[KESP_LOGW[m[K'
[0m[33m 1280 |     [01;36m[KESP_LOGW[m[K(TAG, "Health check: NFCC stuck in init state %u for %ums (%u/%u)", (uint8_t) this->nci_state_,
[0m      |     [01;36m[K^~~~~~~~[m[K
[33m[01m[Ksrc/esphome/components/pn7160/pn7160.cpp:1282:9:[m[K [01;31m[Kerror: [m[Kinvalid use of '[01m[Kthis[m[K' in non-member function
[0m[33m 1282 |     if ([01;31m[Kthis[m[K->health_fail_count_ >= this->max_failed_checks_) {
[0m[33m      |         [01;31m[K^~~~[m[K
[0m[33m[01m[Ksrc/esphome/components/pn7160/pn7160.cpp:1282:37:[m[K [01;31m[Kerror: [m[Kinvalid use of '[01m[Kthis[m[K' in non-member function
[0m[33m 1282 |     if (this->health_fail_count_ >= [01;31m[Kthis[m[K->max_failed_checks_) {
[0m[33m      |                                     [01;31m[K^~~~[m[K
[0m[33m[01m[Ksrc/esphome/components/pn7160/pn7160.cpp:1283:7:[m[K [01;31m[Kerror: [m[Kinvalid use of '[01m[Kthis[m[K' in non-member function
[0m[33m 1283 |       [01;31m[Kthis[m[K->health_fail_count_ = 0;
[0m[33m      |       [01;31m[K^~~~[m[K
[0m[33m[01m[Ksrc/esphome/components/pn7160/pn7160.cpp:1284:11:[m[K [01;31m[Kerror: [m[Kinvalid use of '[01m[Kthis[m[K' in non-member function
[0m[33m 1284 |       if ([01;31m[Kthis[m[K->auto_reset_on_failure_) {
[0m[33m      |           [01;31m[K^~~~[m[K
[0m[33m[01m[Ksrc/esphome/components/pn7160/pn7160.cpp:1286:9:[m[K [01;31m[Kerror: [m[Kinvalid use of '[01m[Kthis[m[K' in non-member function
[0m[33m 1286 |         [01;31m[Kthis[m[K->reset_via_ven_();
[0m[33m      |         [01;31m[K^~~~[m[K
[0m[33m[01m[Ksrc/esphome/components/pn7160/pn7160.cpp:1293:3:[m[K [01;31m[Kerror: [m[Kinvalid use of '[01m[Kthis[m[K' in non-member function
[0m[33m 1293 |   [01;31m[Kthis[m[K->health_fail_count_ = 0;
[0m[33m      |   [01;31m[K^~~~[m[K
[0m[33m[01m[Ksrc/esphome/components/i2c/i2c.h:[m[K In member function '[01m[Kbool esphome::i2c::I2CDevice::[01;32m[Kwrite_bytes[m[K(uint8_t, const uint8_t*, uint8_t) const[m[K':
[0m[33m[01m[Ksrc/esphome/components/i2c/i2c.h:253:12:[m[K [01;31m[Kerror: [m[K'[01m[Kwrite_register[m[K' was not declared in this scope; did you mean '[01m[Ka_register[m[K'?
[0m[33m  253 |     return [01;31m[Kwrite_register[m[K(a_register, data, len) == ERROR_OK;
[0m      |            [01;31m[K^~~~~~~~~~~~~~[m[K
[33m      |            [32m[Ka_register[m[K
[0m[33m[01m[Ksrc/esphome/components/i2c/i2c.h:253:53:[m[K [01;31m[Kerror: [m[K'[01m[KERROR_OK[m[K' was not declared in this scope; did you mean '[01m[Kesphome::i2c::ERROR_OK[m[K'?
[0m[33m  253 |     return write_register(a_register, data, len) == [01;31m[KERROR_OK[m[K;
[0m      |                                                     [01;31m[K^~~~~~~~[m[K
[33m      |                                                     [32m[Kesphome::i2c::ERROR_OK[m[K
[0m[33m[01m[Ksrc/esphome/components/i2c/i2c_bus.h:17:3:[m[K [01;36m[Knote: [m[K'[01m[Kesphome::i2c::ERROR_OK[m[K' declared here
[0m[31m   17 |   [01;36m[KERROR_OK[m[K = 0,                ///< No error found during execution of method
[0m      |   [01;36m[K^~~~~~~~[m[K
[33m[01m[Ksrc/esphome/components/pn7160_i2c/pn7160_i2c.cpp:[m[K At global scope:
[0m[33m[01m[Ksrc/esphome/components/pn7160_i2c/pn7160_i2c.cpp:10:9:[m[K [01;31m[Kerror: [m[K'[01m[KPN7160I2C[m[K' has not been declared
[0m[33m   10 | uint8_t [01;31m[KPN7160I2C[m[K::read_nfcc(nfc::NciMessage &rx, const uint16_t timeout) {
[0m      |         [01;31m[K^~~~~~~~~[m[K
[33m[01m[Ksrc/esphome/components/pn7160_i2c/pn7160_i2c.cpp:[m[K In function '[01m[Kuint8_t esphome::nfc::[01;32m[Kread_nfcc[m[K(NciMessage&, uint16_t)[m[K':
[0m[33m[01m[Ksrc/esphome/components/pn7160_i2c/pn7160_i2c.cpp:11:7:[m[K [01;31m[Kerror: [m[Kinvalid use of '[01m[Kthis[m[K' in non-member function
[0m[33m   11 |   if ([01;31m[Kthis[m[K->wait_for_irq_(timeout) != nfc::STATUS_OK) {
[0m[33m      |       [01;31m[K^~~~[m[K
[0m[33mIn file included from [01m[Ksrc/esphome/core/component.h:9[m[K:
[0m[33m[01m[Ksrc/esphome/components/pn7160_i2c/pn7160_i2c.cpp:12:14:[m[K [01;31m[Kerror: [m[K'[01m[KTAG[m[K' was not declared in this scope; did you mean '[01m[Kesphome::pn7160_i2c::TAG[m[K'?
[0m[33m   12 |     ESP_LOGW([01;31m[KTAG[m[K, "read_nfcc_() timeout waiting for IRQ");
[0m[33m      |              [01;31m[K^~~[m[K
[0m[33m[01m[Ksrc/esphome/core/log.h:118:54:[m[K [01;36m[Knote: [m[Kin definition of macro '[01m[Kesph_log_w[m[K'
[0m[33m  118 |   ::esphome::esp_log_printf_(ESPHOME_LOG_LEVEL_WARN, [01;36m[Ktag[m[K, __LINE__, ESPHOME_LOG_FORMAT(format), ##__VA_ARGS__)
[0m[33m      |                                                      [01;36m[K^~~[m[K
[0m[33m[01m[Ksrc/esphome/components/pn7160_i2c/pn7160_i2c.cpp:12:5:[m[K [01;36m[Knote: [m[Kin expansion of macro '[01m[KESP_LOGW[m[K'
[0m[33m   12 |     [01;36m[KESP_LOGW[m[K(TAG, "read_nfcc_() timeout waiting for IRQ");
[0m      |     [01;36m[K^~~~~~~~[m[K
[33m[01m[Ksrc/esphome/components/pn7160_i2c/pn7160_i2c.cpp:8:26:[m[K [01;36m[Knote: [m[K'[01m[Kesphome::pn7160_i2c::TAG[m[K' declared here
[0m[33m    8 | static const char *const [01;36m[KTAG[m[K = "pn7160_i2c";
[0m[33m      |                          [01;36m[K^~~[m[K
[0m[33m[01m[Ksrc/esphome/components/pn7160_i2c/pn7160_i2c.cpp:17:8:[m[K [01;31m[Kerror: [m[Kinvalid use of '[01m[Kthis[m[K' in non-member function
[0m[33m   17 |   if (![01;31m[Kthis[m[K->read_bytes_raw(rx.get_message().data(), nfc::NCI_PKT_HEADER_SIZE)) {
[0m[33m      |        [01;31m[K^~~~[m[K
[0m[33m[01m[Ksrc/esphome/components/pn7160_i2c/pn7160_i2c.cpp:24:10:[m[K [01;31m[Kerror: [m[Kinvalid use of '[01m[Kthis[m[K' in non-member function
[0m[33m   24 |     if (![01;31m[Kthis[m[K->read_bytes_raw(rx.get_message().data() + nfc::NCI_PKT_HEADER_SIZE, length)) {
[0m[33m      |          [01;31m[K^~~~[m[K
[0m[33m[01m[Ksrc/esphome/components/pn7160_i2c/pn7160_i2c.cpp:29:7:[m[K [01;31m[Kerror: [m[Kinvalid use of '[01m[Kthis[m[K' in non-member function
[0m[33m   29 |   if ([01;31m[Kthis[m[K->wait_for_irq_(pn7160::NFCC_DEFAULT_TIMEOUT, false) != nfc::STATUS_OK) {
[0m[33m      |       [01;31m[K^~~~[m[K
[0m[33m[01m[Ksrc/esphome/components/pn7160_i2c/pn7160_i2c.cpp:30:14:[m[K [01;31m[Kerror: [m[K'[01m[KTAG[m[K' was not declared in this scope; did you mean '[01m[Kesphome::pn7160_i2c::TAG[m[K'?
[0m[33m   30 |     ESP_LOGW([01;31m[KTAG[m[K, "read_nfcc_() post-read timeout waiting for IRQ line to clear");
[0m[33m      |              [01;31m[K^~~[m[K
[0m[33m[01m[Ksrc/esphome/core/log.h:118:54:[m[K [01;36m[Knote: [m[Kin definition of macro '[01m[Kesph_log_w[m[K'
[0m[33m  118 |   ::esphome::esp_log_printf_(ESPHOME_LOG_LEVEL_WARN, [01;36m[Ktag[m[K, __LINE__, ESPHOME_LOG_FORMAT(format), ##__VA_ARGS__)
[0m[33m      |                                                      [01;36m[K^~~[m[K
[0m[33m[01m[Ksrc/esphome/components/pn7160_i2c/pn7160_i2c.cpp:30:5:[m[K [01;36m[Knote: [m[Kin expansion of macro '[01m[KESP_LOGW[m[K'
[0m[33m   30 |     [01;36m[KESP_LOGW[m[K(TAG, "read_nfcc_() post-read timeout waiting for IRQ line to clear");
[0m      |     [01;36m[K^~~~~~~~[m[K
[33m[01m[Ksrc/esphome/components/pn7160_i2c/pn7160_i2c.cpp:8:26:[m[K [01;36m[Knote: [m[K'[01m[Kesphome::pn7160_i2c::TAG[m[K' declared here
[0m[33m    8 | static const char *const [01;36m[KTAG[m[K = "pn7160_i2c";
[0m[33m      |                          [01;36m[K^~~[m[K
[0m[33m[01m[Ksrc/esphome/components/pn7160_i2c/pn7160_i2c.cpp:[m[K At global scope:
[0m[33m[01m[Ksrc/esphome/components/pn7160_i2c/pn7160_i2c.cpp:36:9:[m[K [01;31m[Kerror: [m[K'[01m[KPN7160I2C[m[K' has not been declared
[0m[33m   36 | uint8_t [01;31m[KPN7160I2C[m[K::write_nfcc(nfc::NciMessage &tx) {
[0m      |         [01;31m[K^~~~~~~~~[m[K
[33m[01m[Ksrc/esphome/components/pn7160_i2c/pn7160_i2c.cpp:[m[K In function '[01m[Kuint8_t esphome::nfc::[01;32m[Kwrite_nfcc[m[K(NciMessage&)[m[K':
[0m[33m[01m[Ksrc/esphome/components/pn7160_i2c/pn7160_i2c.cpp:37:7:[m[K [01;31m[Kerror: [m[Kinvalid use of '[01m[Kthis[m[K' in non-member function
[0m[33m   37 |   if ([01;31m[Kthis[m[K->write(tx.encode().data(), tx.encode().size()) == i2c::ERROR_OK) {
[0m[33m      |       [01;31m[K^~~~[m[K
[0m[33m[01m[Ksrc/esphome/components/pn7160_i2c/pn7160_i2c.cpp:[m[K At global scope:
[0m[33m[01m[Ksrc/esphome/components/pn7160_i2c/pn7160_i2c.cpp:43:6:[m[K [01;31m[Kerror: [m[K'[01m[KPN7160I2C[m[K' has not been declared
[0m[33m   43 | void [01;31m[KPN7160I2C[m[K::dump_config() {
[0m      |      [01;31m[K^~~~~~~~~[m[K
[33m[01m[Ksrc/esphome/components/pn7160_i2c/pn7160_i2c.cpp:[m[K In function '[01m[Kvoid esphome::nfc::[01;32m[Kdump_config[m[K()[m[K':
[0m[33m[01m[Ksrc/esphome/components/pn7160_i2c/pn7160_i2c.cpp:44:3:[m[K [01;31m[Kerror: [m[K'[01m[KPN7160[m[K' has not been declared
[0m[33m   44 |   [01;31m[KPN7160[m[K::dump_config();
[0m      |   [01;31m[K^~~~~~[m[K
[33m[01m[Ksrc/esphome/components/i2c/i2c.h:12:44:[m[K [01;31m[Kerror: [m[K'[01m[KTAG[m[K' was not declared in this scope; did you mean '[01m[Kesphome::pn7160_i2c::TAG[m[K'?
[0m[33m   12 | #define LOG_I2C_DEVICE(this) ESP_LOGCONFIG([01;31m[KTAG[m[K, "  Address: 0x%02X", this->address_);
[0m[33m      |                                            [01;31m[K^~~[m[K
[0m[33m[01m[Ksrc/esphome/core/log.h:98:56:[m[K [01;36m[Knote: [m[Kin definition of macro '[01m[Kesph_log_config[m[K'
[0m[33m   98 |   ::esphome::esp_log_printf_(ESPHOME_LOG_LEVEL_CONFIG, [01;36m[Ktag[m[K, __LINE__, ESPHOME_LOG_FORMAT(format), ##__VA_ARGS__)
[0m[33m      |                                                        [01;36m[K^~~[m[K
[0m[33m[01m[Ksrc/esphome/components/i2c/i2c.h:12:30:[m[K [01;36m[Knote: [m[Kin expansion of macro '[01m[KESP_LOGCONFIG[m[K'
[0m[33m   12 | #define LOG_I2C_DEVICE(this) [01;36m[KESP_LOGCONFIG[m[K(TAG, "  Address: 0x%02X", this->address_);
[0m      |                              [01;36m[K^~~~~~~~~~~~~[m[K
[33m[01m[Ksrc/esphome/components/pn7160_i2c/pn7160_i2c.cpp:45:3:[m[K [01;36m[Knote: [m[Kin expansion of macro '[01m[KLOG_I2C_DEVICE[m[K'
[0m[33m   45 |   [01;36m[KLOG_I2C_DEVICE[m[K(this);
[0m      |   [01;36m[K^~~~~~~~~~~~~~[m[K
[33m[01m[Ksrc/esphome/components/pn7160_i2c/pn7160_i2c.cpp:8:26:[m[K [01;36m[Knote: [m[K'[01m[Kesphome::pn7160_i2c::TAG[m[K' declared here
[0m[33m    8 | static const char *const [01;36m[KTAG[m[K = "pn7160_i2c";
[0m[33m      |                          [01;36m[K^~~[m[K
[0m[33m[01m[Ksrc/esphome/components/pn7160_i2c/pn7160_i2c.cpp:45:18:[m[K [01;31m[Kerror: [m[Kinvalid use of '[01m[Kthis[m[K' in non-member function
[0m[33m   45 |   LOG_I2C_DEVICE([01;31m[Kthis[m[K);
[0m[33m      |                  [01;31m[K^~~~[m[K
[0m[33m[01m[Ksrc/esphome/core/log.h:98:101:[m[K [01;36m[Knote: [m[Kin definition of macro '[01m[Kesph_log_config[m[K'
[0m[33m   98 |   ::esphome::esp_log_printf_(ESPHOME_LOG_LEVEL_CONFIG, tag, __LINE__, ESPHOME_LOG_FORMAT(format), ##[01;36m[K__VA_ARGS__[m[K)
[0m      |                                                                                                     [01;36m[K^~~~~~~~~~~[m[K
[33m[01m[Ksrc/esphome/components/i2c/i2c.h:12:30:[m[K [01;36m[Knote: [m[Kin expansion of macro '[01m[KESP_LOGCONFIG[m[K'
[0m[33m   12 | #define LOG_I2C_DEVICE(this) [01;36m[KESP_LOGCONFIG[m[K(TAG, "  Address: 0x%02X", this->address_);
[0m      |                              [01;36m[K^~~~~~~~~~~~~[m[K
[33m[01m[Ksrc/esphome/components/pn7160_i2c/pn7160_i2c.cpp:45:3:[m[K [01;36m[Knote: [m[Kin expansion of macro '[01m[KLOG_I2C_DEVICE[m[K'
[0m[33m   45 |   [01;36m[KLOG_I2C_DEVICE[m[K(this);
[0m      |   [01;36m[K^~~~~~~~~~~~~~[m[K
[33mIn file included from [01m[Ksrc/esphome/components/pn7160/automation.h:5[m[K,
[0m[33m                 from [01m[Ksrc/esphome.h:71[m[K,
[0m[33m                 from [01m[Ksrc/main.cpp:3[m[K:
[0m[33m[01m[Ksrc/esphome/components/pn7160/pn7160.h:20:7:[m[K [01;31m[Kerror: [m[Kconflicting declaration '[01m[Kusing esphome::nfc::NfcTagUid = class std::vector<unsigned char>[m[K'
[0m[33m   20 | using [01;31m[KNfcTagUid[m[K = std::vector<uint8_t>;
[0m      |       [01;31m[K^~~~~~~~~[m[K
[33mIn file included from [01m[Ksrc/esphome/components/nfc/nfc.h:7[m[K,
[0m[33m                 from [01m[Ksrc/esphome/components/nfc/automation.h:6[m[K,
[0m[33m                 from [01m[Ksrc/esphome.h:50[m[K:
[0m[33m[01m[Ksrc/esphome/components/nfc/nfc_tag.h:15:7:[m[K [01;36m[Knote: [m[Kprevious declaration as '[01m[Kusing esphome::nfc::NfcTagUid = class esphome::StaticVector<unsigned char, 10>[m[K'
[0m[33m   15 | using [01;36m[KNfcTagUid[m[K = StaticVector<uint8_t, NFC_UID_MAX_LENGTH>;
[0m      |       [01;36m[K^~~~~~~~~[m[K
[33m[01m[Ksrc/esphome/components/pn7160/pn7160.h:21:21:[m[K [01;31m[Kerror: [m[Kredefinition of '[01m[Kconst size_t esphome::nfc::FORMAT_BYTES_BUFFER_SIZE[m[K'
[0m[33m   21 | static const size_t [01;31m[KFORMAT_BYTES_BUFFER_SIZE[m[K = 128;
[0m      |                     [01;31m[K^~~~~~~~~~~~~~~~~~~~~~~~[m[K
[33m[01m[Ksrc/esphome/components/nfc/nfc.h:63:25:[m[K [01;36m[Knote: [m[K'[01m[Kconstexpr const size_t esphome::nfc::FORMAT_BYTES_BUFFER_SIZE[m[K' previously defined here
[0m[33m   63 | static constexpr size_t [01;36m[KFORMAT_BYTES_BUFFER_SIZE[m[K = 192;
[0m      |                         [01;36m[K^~~~~~~~~~~~~~~~~~~~~~~~[m[K
[33m[01m[Ksrc/esphome/components/pn7160/pn7160.h:22:21:[m[K [01;31m[Kerror: [m[Kredefinition of '[01m[Kconst size_t esphome::nfc::FORMAT_UID_BUFFER_SIZE[m[K'
[0m[33m   22 | static const size_t [01;31m[KFORMAT_UID_BUFFER_SIZE[m[K = 32;
[0m      |                     [01;31m[K^~~~~~~~~~~~~~~~~~~~~~[m[K
[33m[01m[Ksrc/esphome/components/nfc/nfc.h:58:25:[m[K [01;36m[Knote: [m[K'[01m[Kconstexpr const size_t esphome::nfc::FORMAT_UID_BUFFER_SIZE[m[K' previously defined here
[0m[33m   58 | static constexpr size_t [01;36m[KFORMAT_UID_BUFFER_SIZE[m[K = 30;
[0m      |                         [01;36m[K^~~~~~~~~~~~~~~~~~~~~~[m[K
[33m[01m[Ksrc/esphome/components/pn7160/pn7160.h:[m[K In function '[01m[Kconst char* esphome::nfc::[01;32m[Kformat_bytes_to[m[K(char*, const std::vector<unsigned char>&)[m[K':
[0m[33m[01m[Ksrc/esphome/components/pn7160/pn7160.h:24:31:[m[K [01;35m[Kwarning: [m[K'[01m[Kstd::string esphome::nfc::[01;32m[Kformat_bytes[m[K(std::span<const unsigned char, 4294967295>)[m[K' is deprecated: Use format_bytes_to() with stack buffer instead. Removed in 2026.6.0 [[01;35m[K-Wdeprecated-declarations[m[K]
[0m[33m   24 |   std::string s = [01;35m[Kformat_bytes(const_cast<std::vector<uint8_t> &>(bytes))[m[K;
[0m      |                   [01;35m[K~~~~~~~~~~~~^~~~~~~~~~~~~~~~~~~~~~~~~~~~~~~~~~~~~~~~~~~[m[K
[33m[01m[Ksrc/esphome/components/nfc/nfc.h:72:13:[m[K [01;36m[Knote: [m[Kdeclared here
[0m[33m   72 | std::string [01;36m[Kformat_bytes[m[K(std::span<const uint8_t> bytes);
[0m      |             [01;36m[K^~~~~~~~~~~~[m[K
[33m[01m[Ksrc/esphome/components/pn7160/pn7160.h:[m[K In function '[01m[Kconst char* esphome::nfc::[01;32m[Kformat_uid_to[m[K(char*, const std::vector<unsigned char>&)[m[K':
[0m[33m[01m[Ksrc/esphome/components/pn7160/pn7160.h:30:29:[m[K [01;35m[Kwarning: [m[K'[01m[Kstd::string esphome::nfc::[01;32m[Kformat_uid[m[K(std::span<const unsigned char, 4294967295>)[m[K' is deprecated: Use format_uid_to() with stack buffer instead. Removed in 2026.6.0 [[01;35m[K-Wdeprecated-declarations[m[K]
[0m[33m   30 |   std::string s = [01;35m[Kformat_uid(const_cast<std::vector<uint8_t> &>(uid))[m[K;
[0m      |                   [01;35m[K~~~~~~~~~~^~~~~~~~~~~~~~~~~~~~~~~~~~~~~~~~~~~~~~~~~[m[K
[33m[01m[Ksrc/esphome/components/nfc/nfc.h:69:13:[m[K [01;36m[Knote: [m[Kdeclared here
[0m[33m   69 | std::string [01;36m[Kformat_uid[m[K(std::span<const uint8_t> uid);
[0m      |             [01;36m[K^~~~~~~~~~[m[K
[33m[01m[Ksrc/esphome/components/pn7160/pn7160.h:[m[K At global scope:
[0m[33m[01m[Ksrc/esphome/components/pn7160/pn7160.h:201:24:[m[K [01;31m[Kerror: [m[K'[01m[KPN7160Sensitivity[m[K' has not been declared
[0m[33m  201 |   void set_sensitivity([01;31m[KPN7160Sensitivity[m[K sensitivity) { this->sensitivity_ = sensitivity; }
[0m      |                        [01;31m[K^~~~~~~~~~~~~~~~~[m[K
[33m[01m[Ksrc/esphome/components/pn7160/pn7160.h:241:25:[m[K [01;31m[Kerror: [m[K'[01m[KTestMode[m[K' has not been declared
[0m[33m  241 |   uint8_t set_test_mode([01;31m[KTestMode[m[K test_mode, const std::vector<uint8_t> &data, std::vector<uint8_t> &result);
[0m      |                         [01;31m[K^~~~~~~~[m[K
[33m[01m[Ksrc/esphome/components/pn7160/pn7160.h:274:27:[m[K [01;31m[Kerror: [m[K'[01m[KNCIState[m[K' has not been declared
[0m[33m  274 |   void nci_fsm_set_state_([01;31m[KNCIState[m[K new_state);
[0m      |                           [01;31m[K^~~~~~~~[m[K
[33m[01m[Ksrc/esphome/components/pn7160/pn7160.h:276:33:[m[K [01;31m[Kerror: [m[K'[01m[KNCIState[m[K' has not been declared
[0m[33m  276 |   bool nci_fsm_set_error_state_([01;31m[KNCIState[m[K new_state);
[0m      |                                 [01;31m[K^~~~~~~~[m[K
[33m[01m[Ksrc/esphome/components/pn7160/pn7160.h:327:3:[m[K [01;31m[Kerror: [m[K'[01m[KPN7160Sensitivity[m[K' does not name a type
[0m[33m  327 |   [01;31m[KPN7160Sensitivity[m[K sensitivity_{PN7160_SENSITIVITY_MEDIUM};
[0m      |   [01;31m[K^~~~~~~~~~~~~~~~~[m[K
[33m[01m[Ksrc/esphome/components/pn7160/pn7160.h:350:15:[m[K [01;31m[Kerror: [m[K'[01m[KDiscoveredEndpoint[m[K' was not declared in this scope; did you mean '[01m[Kesphome::pn7160::DiscoveredEndpoint[m[K'?
[0m[33m  350 |   std::vector<[01;31m[KDiscoveredEndpoint[m[K> discovered_endpoint_;
[0m      |               [01;31m[K^~~~~~~~~~~~~~~~~~[m[K
[33m      |               [32m[Kesphome::pn7160::DiscoveredEndpoint[m[K
[0m[33m[01m[Ksrc/esphome/components/pn7160/pn7160.h:181:8:[m[K [01;36m[Knote: [m[K'[01m[Kesphome::pn7160::DiscoveredEndpoint[m[K' declared here
[0m[33m  181 | struct [01;36m[KDiscoveredEndpoint[m[K {
[0m      |        [01;36m[K^~~~~~~~~~~~~~~~~~[m[K
[33m[01m[Ksrc/esphome/components/pn7160/pn7160.h:350:33:[m[K [01;31m[Kerror: [m[Ktemplate argument 1 is invalid
[0m[33m  350 |   std::vector<DiscoveredEndpoint[01;31m[K>[m[K discovered_endpoint_;
[0m[33m      |                                 [01;31m[K^[m[K
[0m[33m[01m[Ksrc/esphome/components/pn7160/pn7160.h:350:33:[m[K [01;31m[Kerror: [m[Ktemplate argument 2 is invalid
[0m[33m[01m[Ksrc/esphome/components/pn7160/pn7160.h:350:8:[m[K [01;31m[Kerror: [m[K'[01m[K<expression error>[m[K' in namespace '[01m[Kstd[m[K' does not name a type
[0m[33m  350 |   std::[01;31m[Kvector<DiscoveredEndpoint>[m[K discovered_endpoint_;
[0m      |        [01;31m[K^~~~~~~~~~~~~~~~~~~~~~~~~~[m[K
[33m[01m[Ksrc/esphome/components/pn7160/pn7160.h:352:3:[m[K [01;31m[Kerror: [m[K'[01m[KCardEmulationState[m[K' does not name a type
[0m[33m  352 |   [01;31m[KCardEmulationState[m[K ce_state_{CardEmulationState::CARD_EMU_IDLE};
[0m      |   [01;31m[K^~~~~~~~~~~~~~~~~~[m[K
[33m[01m[Ksrc/esphome/components/pn7160/pn7160.h:353:3:[m[K [01;31m[Kerror: [m[K'[01m[KNCIState[m[K' does not name a type
[0m[33m  353 |   [01;31m[KNCIState[m[K nci_state_{NCIState::NFCC_RESET};
[0m      |   [01;31m[K^~~~~~~~[m[K
[33m[01m[Ksrc/esphome/components/pn7160/pn7160.h:354:3:[m[K [01;31m[Kerror: [m[K'[01m[KNCIState[m[K' does not name a type
[0m[33m  354 |   [01;31m[KNCIState[m[K nci_state_error_{NCIState::NONE};
[0m      |   [01;31m[K^~~~~~~~[m[K
[33m[01m[Ksrc/esphome/components/pn7160/pn7160.h:257:56:[m[K [01;31m[Kerror: [m[K'[01m[KNFCC_DEFAULT_TIMEOUT[m[K' was not declared in this scope; did you mean '[01m[Kesphome::pn7160::NFCC_DEFAULT_TIMEOUT[m[K'?
[0m[33m  257 |   uint8_t deactivate_(uint8_t type, uint16_t timeout = [01;31m[KNFCC_DEFAULT_TIMEOUT[m[K);
[0m      |                                                        [01;31m[K^~~~~~~~~~~~~~~~~~~~[m[K
[33m      |                                                        [32m[Kesphome::pn7160::NFCC_DEFAULT_TIMEOUT[m[K
[0m[33m[01m[Ksrc/esphome/components/pn7160/pn7160.h:46:23:[m[K [01;36m[Knote: [m[K'[01m[Kesphome::pn7160::NFCC_DEFAULT_TIMEOUT[m[K' declared here
[0m[33m   46 | static const uint16_t [01;36m[KNFCC_DEFAULT_TIMEOUT[m[K = 10;
[0m      |                       [01;36m[K^~~~~~~~~~~~~~~~~~~~[m[K
[33m[01m[Ksrc/esphome/components/pn7160/pn7160.h:286:84:[m[K [01;31m[Kerror: [m[K'[01m[KNFCC_DEFAULT_TIMEOUT[m[K' was not declared in this scope; did you mean '[01m[Kesphome::pn7160::NFCC_DEFAULT_TIMEOUT[m[K'?
[0m[33m  286 |   uint8_t transceive_(nfc::NciMessage &tx, nfc::NciMessage &rx, uint16_t timeout = [01;31m[KNFCC_DEFAULT_TIMEOUT[m[K,
[0m      |                                                                                    [01;31m[K^~~~~~~~~~~~~~~~~~~~[m[K
[33m      |                                                                                    [32m[Kesphome::pn7160::NFCC_DEFAULT_TIMEOUT[m[K
[0m[33m[01m[Ksrc/esphome/components/pn7160/pn7160.h:46:23:[m[K [01;36m[Knote: [m[K'[01m[Kesphome::pn7160::NFCC_DEFAULT_TIMEOUT[m[K' declared here
[0m[33m   46 | static const uint16_t [01;36m[KNFCC_DEFAULT_TIMEOUT[m[K = 10;
[0m      |                       [01;36m[K^~~~~~~~~~~~~~~~~~~~[m[K
[33m[01m[Ksrc/esphome/components/pn7160/pn7160.h:291:44:[m[K [01;31m[Kerror: [m[K'[01m[KNFCC_DEFAULT_TIMEOUT[m[K' was not declared in this scope; did you mean '[01m[Kesphome::pn7160::NFCC_DEFAULT_TIMEOUT[m[K'?
[0m[33m  291 |   uint8_t wait_for_irq_(uint16_t timeout = [01;31m[KNFCC_DEFAULT_TIMEOUT[m[K, bool pin_state = true);
[0m      |                                            [01;31m[K^~~~~~~~~~~~~~~~~~~~[m[K
[33m      |                                            [32m[Kesphome::pn7160::NFCC_DEFAULT_TIMEOUT[m[K
[0m[33m[01m[Ksrc/esphome/components/pn7160/pn7160.h:46:23:[m[K [01;36m[Knote: [m[K'[01m[Kesphome::pn7160::NFCC_DEFAULT_TIMEOUT[m[K' declared here
[0m[33m   46 | static const uint16_t [01;36m[KNFCC_DEFAULT_TIMEOUT[m[K = 10;
[0m      |                       [01;36m[K^~~~~~~~~~~~~~~~~~~~[m[K
[33m[01m[Ksrc/esphome/components/pn7160/pn7160.h:[m[K In member function '[01m[Kvoid esphome::pn7160::PN7160::[01;32m[Kset_sensitivity[m[K(int)[m[K':
[0m[33m[01m[Ksrc/esphome/components/pn7160/pn7160.h:201:63:[m[K [01;31m[Kerror: [m[K'[01m[Kclass esphome::pn7160::PN7160[m[K' has no member named '[01m[Ksensitivity_[m[K'; did you mean '[01m[Kset_sensitivity[m[K'?
[0m[33m  201 |   void set_sensitivity(PN7160Sensitivity sensitivity) { this->[01;31m[Ksensitivity_[m[K = sensitivity; }
[0m      |                                                               [01;31m[K^~~~~~~~~~~~[m[K
[33m      |                                                               [32m[Kset_sensitivity[m[K
[0m[33m[01m[Ksrc/esphome/components/pn7160/automation.h:[m[K At global scope:
[0m[33m[01m[Ksrc/esphome/components/pn7160/automation.h:12:49:[m[K [01;31m[Kerror: [m[Kexpected '[01m[K)[m[K' before '[01m[K*[m[K' token
[0m[33m   12 |   explicit PN7160OnEmulatedTagScanTrigger[34m[K([m[KPN7160[01;31m[K [m[K[32m[K*[m[Kparent) {
[0m[33m      |                                          [34m[K~[m[K      [01;31m[K^[m[K[32m[K~[m[K
[0m[33m      |                                                 [32m[K)[m[K
[0m[33m[01m[Ksrc/esphome/components/pn7160/automation.h:19:47:[m[K [01;31m[Kerror: [m[Kexpected '[01m[K)[m[K' before '[01m[K*[m[K' token
[0m[33m   19 |   explicit PN7160OnFinishedWriteTrigger[34m[K([m[KPN7160[01;31m[K [m[K[32m[K*[m[Kparent) {
[0m[33m      |                                        [34m[K~[m[K      [01;31m[K^[m[K[32m[K~[m[K
[0m[33m      |                                               [32m[K)[m[K
[0m[33m[01m[Ksrc/esphome/components/pn7160/automation.h:24:100:[m[K [01;31m[Kerror: [m[K'[01m[KPN7160[m[K' was not declared in this scope; did you mean '[01m[Kesphome::pn7160::PN7160[m[K'?
[0m[33m   24 | template<typename... Ts> class PN7160IsWritingCondition : public Condition<Ts...>, public Parented<[01;31m[KPN7160[m[K> {
[0m      |                                                                                                    [01;31m[K^~~~~~[m[K
[33m      |                                                                                                    [32m[Kesphome::pn7160::PN7160[m[K
[0m[33m[01m[Ksrc/esphome/components/pn7160/pn7160.h:189:7:[m[K [01;36m[Knote: [m[K'[01m[Kesphome::pn7160::PN7160[m[K' declared here
[0m[33m  189 | class [01;36m[KPN7160[m[K : public nfc::Nfcc, public Component {
[0m      |       [01;36m[K^~~~~~[m[K
[33m[01m[Ksrc/esphome/components/pn7160/automation.h:24:106:[m[K [01;31m[Kerror: [m[Ktemplate argument 1 is invalid
[0m[33m   24 | template<typename... Ts> class PN7160IsWritingCondition : public Condition<Ts...>, public Parented<PN7160[01;31m[K>[m[K {
[0m[33m      |                                                                                                          [01;31m[K^[m[K
[0m[33m[01m[Ksrc/esphome/components/pn7160/automation.h:29:91:[m[K [01;31m[Kerror: [m[K'[01m[KPN7160[m[K' was not declared in this scope; did you mean '[01m[Kesphome::pn7160::PN7160[m[K'?
[0m[33m   29 | template<typename... Ts> class EmulationOffAction : public Action<Ts...>, public Parented<[01;31m[KPN7160[m[K> {
[0m      |                                                                                           [01;31m[K^~~~~~[m[K
[33m      |                                                                                           [32m[Kesphome::pn7160::PN7160[m[K
[0m[33m[01m[Ksrc/esphome/components/pn7160/pn7160.h:189:7:[m[K [01;36m[Knote: [m[K'[01m[Kesphome::pn7160::PN7160[m[K' declared here
[0m[33m  189 | class [01;36m[KPN7160[m[K : public nfc::Nfcc, public Component {
[0m      |       [01;36m[K^~~~~~[m[K
[33m[01m[Ksrc/esphome/components/pn7160/automation.h:29:97:[m[K [01;31m[Kerror: [m[Ktemplate argument 1 is invalid
[0m[33m   29 | template<typename... Ts> class EmulationOffAction : public Action<Ts...>, public Parented<PN7160[01;31m[K>[m[K {
[0m[33m      |                                                                                                 [01;31m[K^[m[K
[0m[33m[01m[Ksrc/esphome/components/pn7160/automation.h:33:90:[m[K [01;31m[Kerror: [m[K'[01m[KPN7160[m[K' was not declared in this scope; did you mean '[01m[Kesphome::pn7160::PN7160[m[K'?
[0m[33m   33 | template<typename... Ts> class EmulationOnAction : public Action<Ts...>, public Parented<[01;31m[KPN7160[m[K> {
[0m      |                                                                                          [01;31m[K^~~~~~[m[K
[33m      |                                                                                          [32m[Kesphome::pn7160::PN7160[m[K
[0m[33m[01m[Ksrc/esphome/components/pn7160/pn7160.h:189:7:[m[K [01;36m[Knote: [m[K'[01m[Kesphome::pn7160::PN7160[m[K' declared here
[0m[33m  189 | class [01;36m[KPN7160[m[K : public nfc::Nfcc, public Component {
[0m      |       [01;36m[K^~~~~~[m[K
[33m[01m[Ksrc/esphome/components/pn7160/automation.h:33:96:[m[K [01;31m[Kerror: [m[Ktemplate argument 1 is invalid
[0m[33m   33 | template<typename... Ts> class EmulationOnAction : public Action<Ts...>, public Parented<PN7160[01;31m[K>[m[K {
[0m[33m      |                                                                                                [01;31m[K^[m[K
[0m[33m[01m[Ksrc/esphome/components/pn7160/automation.h:37:89:[m[K [01;31m[Kerror: [m[K'[01m[KPN7160[m[K' was not declared in this scope; did you mean '[01m[Kesphome::pn7160::PN7160[m[K'?
[0m[33m   37 | template<typename... Ts> class PollingOffAction : public Action<Ts...>, public Parented<[01;31m[KPN7160[m[K> {
[0m      |                                                                                         [01;31m[K^~~~~~[m[K
[33m      |                                                                                         [32m[Kesphome::pn7160::PN7160[m[K
[0m[33m[01m[Ksrc/esphome/components/pn7160/pn7160.h:189:7:[m[K [01;36m[Knote: [m[K'[01m[Kesphome::pn7160::PN7160[m[K' declared here
[0m[33m  189 | class [01;36m[KPN7160[m[K : public nfc::Nfcc, public Component {
[0m      |       [01;36m[K^~~~~~[m[K
[33m[01m[Ksrc/esphome/components/pn7160/automation.h:37:95:[m[K [01;31m[Kerror: [m[Ktemplate argument 1 is invalid
[0m[33m   37 | template<typename... Ts> class PollingOffAction : public Action<Ts...>, public Parented<PN7160[01;31m[K>[m[K {
[0m[33m      |                                                                                               [01;31m[K^[m[K
[0m[33m[01m[Ksrc/esphome/components/pn7160/automation.h:41:88:[m[K [01;31m[Kerror: [m[K'[01m[KPN7160[m[K' was not declared in this scope; did you mean '[01m[Kesphome::pn7160::PN7160[m[K'?
[0m[33m   41 | template<typename... Ts> class PollingOnAction : public Action<Ts...>, public Parented<[01;31m[KPN7160[m[K> {
[0m      |                                                                                        [01;31m[K^~~~~~[m[K
[33m      |                                                                                        [32m[Kesphome::pn7160::PN7160[m[K
[0m[33m[01m[Ksrc/esphome/components/pn7160/pn7160.h:189:7:[m[K [01;36m[Knote: [m[K'[01m[Kesphome::pn7160::PN7160[m[K' declared here
[0m[33m  189 | class [01;36m[KPN7160[m[K : public nfc::Nfcc, public Component {
[0m      |       [01;36m[K^~~~~~[m[K
[33m[01m[Ksrc/esphome/components/pn7160/automation.h:41:94:[m[K [01;31m[Kerror: [m[Ktemplate argument 1 is invalid
[0m[33m   41 | template<typename... Ts> class PollingOnAction : public Action<Ts...>, public Parented<PN7160[01;31m[K>[m[K {
[0m[33m      |                                                                                              [01;31m[K^[m[K
[0m[33m[01m[Ksrc/esphome/components/pn7160/automation.h:45:91:[m[K [01;31m[Kerror: [m[K'[01m[KPN7160[m[K' was not declared in this scope; did you mean '[01m[Kesphome::pn7160::PN7160[m[K'?
[0m[33m   45 | template<typename... Ts> class SetCleanModeAction : public Action<Ts...>, public Parented<[01;31m[KPN7160[m[K> {
[0m      |                                                                                           [01;31m[K^~~~~~[m[K
[33m      |                                                                                           [32m[Kesphome::pn7160::PN7160[m[K
[0m[33m[01m[Ksrc/esphome/components/pn7160/pn7160.h:189:7:[m[K [01;36m[Knote: [m[K'[01m[Kesphome::pn7160::PN7160[m[K' declared here
[0m[33m  189 | class [01;36m[KPN7160[m[K : public nfc::Nfcc, public Component {
[0m      |       [01;36m[K^~~~~~[m[K
[33m[01m[Ksrc/esphome/components/pn7160/automation.h:45:97:[m[K [01;31m[Kerror: [m[Ktemplate argument 1 is invalid
[0m[33m   45 | template<typename... Ts> class SetCleanModeAction : public Action<Ts...>, public Parented<PN7160[01;31m[K>[m[K {
[0m[33m      |                                                                                                 [01;31m[K^[m[K
[0m[33m[01m[Ksrc/esphome/components/pn7160/automation.h:49:92:[m[K [01;31m[Kerror: [m[K'[01m[KPN7160[m[K' was not declared in this scope; did you mean '[01m[Kesphome::pn7160::PN7160[m[K'?
[0m[33m   49 | template<typename... Ts> class SetFormatModeAction : public Action<Ts...>, public Parented<[01;31m[KPN7160[m[K> {
[0m      |                                                                                            [01;31m[K^~~~~~[m[K
[33m      |                                                                                            [32m[Kesphome::pn7160::PN7160[m[K
[0m[33m[01m[Ksrc/esphome/components/pn7160/pn7160.h:189:7:[m[K [01;36m[Knote: [m[K'[01m[Kesphome::pn7160::PN7160[m[K' declared here
[0m[33m  189 | class [01;36m[KPN7160[m[K : public nfc::Nfcc, public Component {
[0m      |       [01;36m[K^~~~~~[m[K
[33m[01m[Ksrc/esphome/components/pn7160/automation.h:49:98:[m[K [01;31m[Kerror: [m[Ktemplate argument 1 is invalid
[0m[33m   49 | template<typename... Ts> class SetFormatModeAction : public Action<Ts...>, public Parented<PN7160[01;31m[K>[m[K {
[0m[33m      |                                                                                                  [01;31m[K^[m[K
[0m[33m[01m[Ksrc/esphome/components/pn7160/automation.h:53:90:[m[K [01;31m[Kerror: [m[K'[01m[KPN7160[m[K' was not declared in this scope; did you mean '[01m[Kesphome::pn7160::PN7160[m[K'?
[0m[33m   53 | template<typename... Ts> class SetReadModeAction : public Action<Ts...>, public Parented<[01;31m[KPN7160[m[K> {
[0m      |                                                                                          [01;31m[K^~~~~~[m[K
[33m      |                                                                                          [32m[Kesphome::pn7160::PN7160[m[K
[0m[33m[01m[Ksrc/esphome/components/pn7160/pn7160.h:189:7:[m[K [01;36m[Knote: [m[K'[01m[Kesphome::pn7160::PN7160[m[K' declared here
[0m[33m  189 | class [01;36m[KPN7160[m[K : public nfc::Nfcc, public Component {
[0m      |       [01;36m[K^~~~~~[m[K
[33m[01m[Ksrc/esphome/components/pn7160/automation.h:53:96:[m[K [01;31m[Kerror: [m[Ktemplate argument 1 is invalid
[0m[33m   53 | template<typename... Ts> class SetReadModeAction : public Action<Ts...>, public Parented<PN7160[01;31m[K>[m[K {
[0m[33m      |                                                                                                [01;31m[K^[m[K
[0m[33m[01m[Ksrc/esphome/components/pn7160/automation.h:57:98:[m[K [01;31m[Kerror: [m[K'[01m[KPN7160[m[K' was not declared in this scope; did you mean '[01m[Kesphome::pn7160::PN7160[m[K'?
[0m[33m   57 | template<typename... Ts> class SetEmulationMessageAction : public Action<Ts...>, public Parented<[01;31m[KPN7160[m[K> {
[0m      |                                                                                                  [01;31m[K^~~~~~[m[K
[33m      |                                                                                                  [32m[Kesphome::pn7160::PN7160[m[K
[0m[33m[01m[Ksrc/esphome/components/pn7160/pn7160.h:189:7:[m[K [01;36m[Knote: [m[K'[01m[Kesphome::pn7160::PN7160[m[K' declared here
[0m[33m  189 | class [01;36m[KPN7160[m[K : public nfc::Nfcc, public Component {
[0m      |       [01;36m[K^~~~~~[m[K
[33m[01m[Ksrc/esphome/components/pn7160/automation.h:57:104:[m[K [01;31m[Kerror: [m[Ktemplate argument 1 is invalid
[0m[33m   57 | template<typename... Ts> class SetEmulationMessageAction : public Action<Ts...>, public Parented<PN7160[01;31m[K>[m[K {
[0m[33m      |                                                                                                        [01;31m[K^[m[K
[0m[33m[01m[Ksrc/esphome/components/pn7160/automation.h:67:94:[m[K [01;31m[Kerror: [m[K'[01m[KPN7160[m[K' was not declared in this scope; did you mean '[01m[Kesphome::pn7160::PN7160[m[K'?
[0m[33m   67 | template<typename... Ts> class SetWriteMessageAction : public Action<Ts...>, public Parented<[01;31m[KPN7160[m[K> {
[0m      |                                                                                              [01;31m[K^~~~~~[m[K
[33m      |                                                                                              [32m[Kesphome::pn7160::PN7160[m[K
[0m[33m[01m[Ksrc/esphome/components/pn7160/pn7160.h:189:7:[m[K [01;36m[Knote: [m[K'[01m[Kesphome::pn7160::PN7160[m[K' declared here
[0m[33m  189 | class [01;36m[KPN7160[m[K : public nfc::Nfcc, public Component {
[0m      |       [01;36m[K^~~~~~[m[K
[33m[01m[Ksrc/esphome/components/pn7160/automation.h:67:100:[m[K [01;31m[Kerror: [m[Ktemplate argument 1 is invalid
[0m[33m   67 | template<typename... Ts> class SetWriteMessageAction : public Action<Ts...>, public Parented<PN7160[01;31m[K>[m[K {
[0m[33m      |                                                                                                    [01;31m[K^[m[K
[0m[33m[01m[Ksrc/esphome/components/pn7160/automation.h:77:91:[m[K [01;31m[Kerror: [m[K'[01m[KPN7160[m[K' was not declared in this scope; did you mean '[01m[Kesphome::pn7160::PN7160[m[K'?
[0m[33m   77 | template<typename... Ts> class SetWriteModeAction : public Action<Ts...>, public Parented<[01;31m[KPN7160[m[K> {
[0m      |                                                                                           [01;31m[K^~~~~~[m[K
[33m      |                                                                                           [32m[Kesphome::pn7160::PN7160[m[K
[0m[33m[01m[Ksrc/esphome/components/pn7160/pn7160.h:189:7:[m[K [01;36m[Knote: [m[K'[01m[Kesphome::pn7160::PN7160[m[K' declared here
[0m[33m  189 | class [01;36m[KPN7160[m[K : public nfc::Nfcc, public Component {
[0m      |       [01;36m[K^~~~~~[m[K
[33m[01m[Ksrc/esphome/components/pn7160/automation.h:77:97:[m[K [01;31m[Kerror: [m[Ktemplate argument 1 is invalid
[0m[33m   77 | template<typename... Ts> class SetWriteModeAction : public Action<Ts...>, public Parented<PN7160[01;31m[K>[m[K {
[0m[33m      |                                                                                                 [01;31m[K^[m[K
[0m[33mIn file included from [01m[Ksrc/esphome.h:80[m[K:
[0m[33m[01m[Ksrc/esphome/components/switch/automation.h:12:31:[m[K [01;31m[Kerror: [m[Kexpected '[01m[K)[m[K' before '[01m[K*[m[K' token
[0m[33m   12 |   explicit TurnOnAction[34m[K([m[KSwitch[01;31m[K [m[K[32m[K*[m[Ka_switch) : switch_(a_switch) {}
[0m[33m      |                        [34m[K~[m[K      [01;31m[K^[m[K[32m[K~[m[K
[0m[33m      |                               [32m[K)[m[K
[0m[33m[01m[Ksrc/esphome/components/switch/automation.h:17:3:[m[K [01;31m[Kerror: [m[K'[01m[KSwitch[m[K' does not name a type
[0m[33m   17 |   [01;31m[KSwitch[m[K *switch_;
[0m      |   [01;31m[K^~~~~~[m[K
[33m[01m[Ksrc/esphome/components/switch/automation.h:22:32:[m[K [01;31m[Kerror: [m[Kexpected '[01m[K)[m[K' before '[01m[K*[m[K' token
[0m[33m   22 |   explicit TurnOffAction[34m[K([m[KSwitch[01;31m[K [m[K[32m[K*[m[Ka_switch) : switch_(a_switch) {}
[0m[33m      |                         [34m[K~[m[K      [01;31m[K^[m[K[32m[K~[m[K
[0m[33m      |                                [32m[K)[m[K
[0m[33m[01m[Ksrc/esphome/components/switch/automation.h:27:3:[m[K [01;31m[Kerror: [m[K'[01m[KSwitch[m[K' does not name a type
[0m[33m   27 |   [01;31m[KSwitch[m[K *switch_;
[0m      |   [01;31m[K^~~~~~[m[K
[33m[01m[Ksrc/esphome/components/switch/automation.h:32:31:[m[K [01;31m[Kerror: [m[Kexpected '[01m[K)[m[K' before '[01m[K*[m[K' token
[0m[33m   32 |   explicit ToggleAction[34m[K([m[KSwitch[01;31m[K [m[K[32m[K*[m[Ka_switch) : switch_(a_switch) {}
[0m[33m      |                        [34m[K~[m[K      [01;31m[K^[m[K[32m[K~[m[K
[0m[33m      |                               [32m[K)[m[K
[0m[33m[01m[Ksrc/esphome/components/switch/automation.h:37:3:[m[K [01;31m[Kerror: [m[K'[01m[KSwitch[m[K' does not name a type
[0m[33m   37 |   [01;31m[KSwitch[m[K *switch_;
[0m      |   [01;31m[K^~~~~~[m[K
[33m[01m[Ksrc/esphome/components/switch/automation.h:42:32:[m[K [01;31m[Kerror: [m[Kexpected '[01m[K)[m[K' before '[01m[K*[m[K' token
[0m[33m   42 |   explicit ControlAction[34m[K([m[KSwitch[01;31m[K [m[K[32m[K*[m[Ka_switch) : switch_(a_switch) {}
[0m[33m      |                         [34m[K~[m[K      [01;31m[K^[m[K[32m[K~[m[K
[0m[33m      |                                [32m[K)[m[K
[0m[33m[01m[Ksrc/esphome/components/switch/automation.h:54:3:[m[K [01;31m[Kerror: [m[K'[01m[KSwitch[m[K' does not name a type
[0m[33m   54 |   [01;31m[KSwitch[m[K *switch_;
[0m      |   [01;31m[K^~~~~~[m[K
[33m[01m[Ksrc/esphome/components/switch/automation.h:59:25:[m[K [01;31m[Kerror: [m[Kexpected '[01m[K)[m[K' before '[01m[K*[m[K' token
[0m[33m   59 |   SwitchCondition[34m[K([m[KSwitch[01;31m[K [m[K[32m[K*[m[Kparent, bool state) : parent_(parent), state_(state) {}
[0m[33m      |                  [34m[K~[m[K      [01;31m[K^[m[K[32m[K~[m[K
[0m[33m      |                         [32m[K)[m[K
[0m[33m[01m[Ksrc/esphome/components/switch/automation.h:63:3:[m[K [01;31m[Kerror: [m[K'[01m[KSwitch[m[K' does not name a type
[0m[33m   63 |   [01;31m[KSwitch[m[K *parent_;
[0m      |   [01;31m[K^~~~~~[m[K
[33m[01m[Ksrc/esphome/components/switch/automation.h:69:28:[m[K [01;31m[Kerror: [m[Kexpected '[01m[K)[m[K' before '[01m[K*[m[K' token
[0m[33m   69 |   SwitchStateTrigger[34m[K([m[KSwitch[01;31m[K [m[K[32m[K*[m[Ka_switch) {
[0m[33m      |                     [34m[K~[m[K      [01;31m[K^[m[K[32m[K~[m[K
[0m[33m      |                            [32m[K)[m[K
[0m[33m[01m[Ksrc/esphome/components/switch/automation.h:76:29:[m[K [01;31m[Kerror: [m[Kexpected '[01m[K)[m[K' before '[01m[K*[m[K' token
[0m[33m   76 |   SwitchTurnOnTrigger[34m[K([m[KSwitch[01;31m[K [m[K[32m[K*[m[Ka_switch) {
[0m[33m      |                      [34m[K~[m[K      [01;31m[K^[m[K[32m[K~[m[K
[0m[33m      |                             [32m[K)[m[K
[0m[33m[01m[Ksrc/esphome/components/switch/automation.h:87:30:[m[K [01;31m[Kerror: [m[Kexpected '[01m[K)[m[K' before '[01m[K*[m[K' token
[0m[33m   87 |   SwitchTurnOffTrigger[34m[K([m[KSwitch[01;31m[K [m[K[32m[K*[m[Ka_switch) {
[0m[33m      |                       [34m[K~[m[K      [01;31m[K^[m[K[32m[K~[m[K
[0m[33m      |                              [32m[K)[m[K
[0m[33m[01m[Ksrc/esphome/components/switch/automation.h:98:29:[m[K [01;31m[Kerror: [m[Kexpected '[01m[K)[m[K' before '[01m[K*[m[K' token
[0m[33m   98 |   SwitchPublishAction[34m[K([m[KSwitch[01;31m[K [m[K[32m[K*[m[Ka_switch) : switch_(a_switch) {}
[0m[33m      |                      [34m[K~[m[K      [01;31m[K^[m[K[32m[K~[m[K
[0m[33m      |                             [32m[K)[m[K
[0m[33m[01m[Ksrc/esphome/components/switch/automation.h:104:3:[m[K [01;31m[Kerror: [m[K'[01m[KSwitch[m[K' does not name a type
[0m[33m  104 |   [01;31m[KSwitch[m[K *switch_;
[0m      |   [01;31m[K^~~~~~[m[K
[33mIn file included from [01m[Ksrc/esphome.h:84[m[K:
[0m[33m[01m[Ksrc/esphome/components/text_sensor/automation.h:14:45:[m[K [01;31m[Kerror: [m[Kexpected '[01m[K)[m[K' before '[01m[K*[m[K' token
[0m[33m   14 |   explicit TextSensorStateTrigger[34m[K([m[KTextSensor[01;31m[K [m[K[32m[K*[m[Kparent) {
[0m[33m      |                                  [34m[K~[m[K          [01;31m[K^[m[K[32m[K~[m[K
[0m[33m      |                                             [32m[K)[m[K
[0m[33m[01m[Ksrc/esphome/components/text_sensor/automation.h:21:48:[m[K [01;31m[Kerror: [m[Kexpected '[01m[K)[m[K' before '[01m[K*[m[K' token
[0m[33m   21 |   explicit TextSensorStateRawTrigger[34m[K([m[KTextSensor[01;31m[K [m[K[32m[K*[m[Kparent) {
[0m[33m      |                                     [34m[K~[m[K          [01;31m[K^[m[K[32m[K~[m[K
[0m[33m      |                                                [32m[K)[m[K
[0m[33m[01m[Ksrc/esphome/components/text_sensor/automation.h:28:47:[m[K [01;31m[Kerror: [m[Kexpected '[01m[K)[m[K' before '[01m[K*[m[K' token
[0m[33m   28 |   explicit TextSensorStateCondition[34m[K([m[KTextSensor[01;31m[K [m[K[32m[K*[m[Kparent) : parent_(parent) {}
[0m[33m      |                                    [34m[K~[m[K          [01;31m[K^[m[K[32m[K~[m[K
[0m[33m      |                                               [32m[K)[m[K
[0m[33m[01m[Ksrc/esphome/components/text_sensor/automation.h:35:3:[m[K [01;31m[Kerror: [m[K'[01m[KTextSensor[m[K' does not name a type
[0m[33m   35 |   [01;31m[KTextSensor[m[K *parent_;
[0m      |   [01;31m[K^~~~~~~~~~[m[K
[33m[01m[Ksrc/esphome/components/text_sensor/automation.h:40:37:[m[K [01;31m[Kerror: [m[Kexpected '[01m[K)[m[K' before '[01m[K*[m[K' token
[0m[33m   40 |   TextSensorPublishAction[34m[K([m[KTextSensor[01;31m[K [m[K[32m[K*[m[Ksensor) : sensor_(sensor) {}
[0m[33m      |                          [34m[K~[m[K          [01;31m[K^[m[K[32m[K~[m[K
[0m[33m      |                                     [32m[K)[m[K
[0m[33m[01m[Ksrc/esphome/components/text_sensor/automation.h:46:3:[m[K [01;31m[Kerror: [m[K'[01m[KTextSensor[m[K' does not name a type
[0m[33m   46 |   [01;31m[KTextSensor[m[K *sensor_;
[0m      |   [01;31m[K^~~~~~~~~~[m[K
[33mIn file included from [01m[Ksrc/esphome/components/wifi/automation.h:5[m[K,
[0m[33m                 from [01m[Ksrc/esphome.h:92[m[K:
[0m[33m[01m[Ksrc/esphome/components/wifi/wifi_component.h:221:22:[m[K [01;31m[Kerror: [m[K'[01m[KCompactString[m[K' was not declared in this scope; did you mean '[01m[Kesphome::wifi::CompactString[m[K'?
[0m[33m  221 | static_assert(sizeof([01;31m[KCompactString[m[K) == 20, "CompactString must be exactly 20 bytes");
[0m      |                      [01;31m[K^~~~~~~~~~~~~[m[K
[33m      |                      [32m[Kesphome::wifi::CompactString[m[K
[0m[33m[01m[Ksrc/esphome/components/wifi/wifi_component.h:177:7:[m[K [01;36m[Knote: [m[K'[01m[Kesphome::wifi::CompactString[m[K' declared here
[0m[33m  177 | class [01;36m[KCompactString[m[K {
[0m      |       [01;36m[K^~~~~~~~~~~~~[m[K
[33m[01m[Ksrc/esphome/components/wifi/wifi_component.h:231:24:[m[K [01;31m[Kerror: [m[K'[01m[Kbssid_t[m[K' does not name a type
[0m[33m  231 |   void set_bssid(const [01;31m[Kbssid_t[m[K &bssid);
[0m      |                        [01;31m[K^~~~~~~[m[K
[33m[01m[Ksrc/esphome/components/wifi/wifi_component.h:248:9:[m[K [01;31m[Kerror: [m[K'[01m[Kbssid_t[m[K' does not name a type
[0m[33m  248 |   const [01;31m[Kbssid_t[m[K &get_bssid() const;
[0m      |         [01;31m[K^~~~~~~[m[K
[33m[01m[Ksrc/esphome/components/wifi/wifi_component.h:262:3:[m[K [01;31m[Kerror: [m[K'[01m[KCompactString[m[K' does not name a type
[0m[33m  262 |   [01;31m[KCompactString[m[K ssid_;
[0m      |   [01;31m[K^~~~~~~~~~~~~[m[K
[33m[01m[Ksrc/esphome/components/wifi/wifi_component.h:263:3:[m[K [01;31m[Kerror: [m[K'[01m[KCompactString[m[K' does not name a type
[0m[33m  263 |   [01;31m[KCompactString[m[K password_;
[0m      |   [01;31m[K^~~~~~~~~~~~~[m[K
[33m[01m[Ksrc/esphome/components/wifi/wifi_component.h:271:3:[m[K [01;31m[Kerror: [m[K'[01m[Kbssid_t[m[K' does not name a type
[0m[33m  271 |   [01;31m[Kbssid_t[m[K bssid_{};     // 6 bytes, all zeros = any/not set
[0m      |   [01;31m[K^~~~~~~[m[K
[33m[01m[Ksrc/esphome/components/wifi/wifi_component.h:[m[K In member function '[01m[Kvoid esphome::wifi::WiFiAP::[01;32m[Kset_ssid[m[K(esphome::StringRef)[m[K':
[0m[33m[01m[Ksrc/esphome/components/wifi/wifi_component.h:230:41:[m[K [01;31m[Kerror: [m[K'[01m[Kclass esphome::wifi::WiFiAP[m[K' has no member named '[01m[Kssid_[m[K'
[0m[33m  230 |   void set_ssid(StringRef ssid) { this->[01;31m[Kssid_[m[K = CompactString(ssid.c_str(), ssid.size()); }
[0m      |                                         [01;31m[K^~~~~[m[K
[33m[01m[Ksrc/esphome/components/wifi/wifi_component.h:230:49:[m[K [01;31m[Kerror: [m[K'[01m[KCompactString[m[K' was not declared in this scope; did you mean '[01m[Kesphome::wifi::CompactString[m[K'?
[0m[33m  230 |   void set_ssid(StringRef ssid) { this->ssid_ = [01;31m[KCompactString[m[K(ssid.c_str(), ssid.size()); }
[0m      |                                                 [01;31m[K^~~~~~~~~~~~~[m[K
[33m      |                                                 [32m[Kesphome::wifi::CompactString[m[K
[0m[33m[01m[Ksrc/esphome/components/wifi/wifi_component.h:177:7:[m[K [01;36m[Knote: [m[K'[01m[Kesphome::wifi::CompactString[m[K' declared here
[0m[33m  177 | class [01;36m[KCompactString[m[K {
[0m      |       [01;36m[K^~~~~~~~~~~~~[m[K
[33m[01m[Ksrc/esphome/components/wifi/wifi_component.h:[m[K In member function '[01m[Kvoid esphome::wifi::WiFiAP::[01;32m[Kset_password[m[K(esphome::StringRef)[m[K':
[0m[33m[01m[Ksrc/esphome/components/wifi/wifi_component.h:235:49:[m[K [01;31m[Kerror: [m[K'[01m[Kclass esphome::wifi::WiFiAP[m[K' has no member named '[01m[Kpassword_[m[K'
[0m[33m  235 |   void set_password(StringRef password) { this->[01;31m[Kpassword_[m[K = CompactString(password.c_str(), password.size()); }
[0m      |                                                 [01;31m[K^~~~~~~~~[m[K
[33m[01m[Ksrc/esphome/components/wifi/wifi_component.h:235:61:[m[K [01;31m[Kerror: [m[K'[01m[KCompactString[m[K' was not declared in this scope; did you mean '[01m[Kesphome::wifi::CompactString[m[K'?
[0m[33m  235 |   void set_password(StringRef password) { this->password_ = [01;31m[KCompactString[m[K(password.c_str(), password.size()); }
[0m      |                                                             [01;31m[K^~~~~~~~~~~~~[m[K
[33m      |                                                             [32m[Kesphome::wifi::CompactString[m[K
[0m[33m[01m[Ksrc/esphome/components/wifi/wifi_component.h:177:7:[m[K [01;36m[Knote: [m[K'[01m[Kesphome::wifi::CompactString[m[K' declared here
[0m[33m  177 | class [01;36m[KCompactString[m[K {
[0m      |       [01;36m[K^~~~~~~~~~~~~[m[K
[33m[01m[Ksrc/esphome/components/wifi/wifi_component.h:[m[K In member function '[01m[Kesphome::StringRef esphome::wifi::WiFiAP::[01;32m[Kget_ssid[m[K() const[m[K':
[0m[33m[01m[Ksrc/esphome/components/wifi/wifi_component.h:246:45:[m[K [01;31m[Kerror: [m[K'[01m[Kconst class esphome::wifi::WiFiAP[m[K' has no member named '[01m[Kssid_[m[K'
[0m[33m  246 |   StringRef get_ssid() const { return this->[01;31m[Kssid_[m[K.ref(); }
[0m      |                                             [01;31m[K^~~~~[m[K
[33m[01m[Ksrc/esphome/components/wifi/wifi_component.h:[m[K In member function '[01m[Kesphome::StringRef esphome::wifi::WiFiAP::[01;32m[Kget_password[m[K() const[m[K':
[0m[33m[01m[Ksrc/esphome/components/wifi/wifi_component.h:247:49:[m[K [01;31m[Kerror: [m[K'[01m[Kconst class esphome::wifi::WiFiAP[m[K' has no member named '[01m[Kpassword_[m[K'
[0m[33m  247 |   StringRef get_password() const { return this->[01;31m[Kpassword_[m[K.ref(); }
[0m      |                                                 [01;31m[K^~~~~~~~~[m[K
[33m[01m[Ksrc/esphome/components/wifi/wifi_component.h:[m[K At global scope:
[0m[33m[01m[Ksrc/esphome/components/wifi/wifi_component.h:281:24:[m[K [01;31m[Kerror: [m[K'[01m[Kbssid_t[m[K' does not name a type
[0m[33m  281 |   WiFiScanResult(const [01;31m[Kbssid_t[m[K &bssid, const char *ssid, size_t ssid_len, uint8_t channel, int8_t rssi, bool with_auth,
[0m      |                        [01;31m[K^~~~~~~[m[K
[33m[01m[Ksrc/esphome/components/wifi/wifi_component.h:284:22:[m[K [01;31m[Kerror: [m[K'[01m[KWiFiAP[m[K' does not name a type
[0m[33m  284 |   bool matches(const [01;31m[KWiFiAP[m[K &config) const;
[0m      |                      [01;31m[K^~~~~~[m[K
[33m[01m[Ksrc/esphome/components/wifi/wifi_component.h:288:9:[m[K [01;31m[Kerror: [m[K'[01m[Kbssid_t[m[K' does not name a type
[0m[33m  288 |   const [01;31m[Kbssid_t[m[K &get_bssid() const;
[0m      |         [01;31m[K^~~~~~~[m[K
[33m[01m[Ksrc/esphome/components/wifi/wifi_component.h:300:3:[m[K [01;31m[Kerror: [m[K'[01m[Kbssid_t[m[K' does not name a type
[0m[33m  300 |   [01;31m[Kbssid_t[m[K bssid_;
[0m      |   [01;31m[K^~~~~~~[m[K
[33m[01m[Ksrc/esphome/components/wifi/wifi_component.h:303:3:[m[K [01;31m[Kerror: [m[K'[01m[KCompactString[m[K' does not name a type
[0m[33m  303 |   [01;31m[KCompactString[m[K ssid_;
[0m      |   [01;31m[K^~~~~~~~~~~~~[m[K
[33m[01m[Ksrc/esphome/components/wifi/wifi_component.h:[m[K In member function '[01m[Kesphome::StringRef esphome::wifi::WiFiScanResult::[01;32m[Kget_ssid[m[K() const[m[K':
[0m[33m[01m[Ksrc/esphome/components/wifi/wifi_component.h:289:45:[m[K [01;31m[Kerror: [m[K'[01m[Kconst class esphome::wifi::WiFiScanResult[m[K' has no member named '[01m[Kssid_[m[K'
[0m[33m  289 |   StringRef get_ssid() const { return this->[01;31m[Kssid_[m[K.ref(); }
[0m      |                                             [01;31m[K^~~~~[m[K
[33m[01m[Ksrc/esphome/components/wifi/wifi_component.h:[m[K At global scope:
[0m[33m[01m[Ksrc/esphome/components/wifi/wifi_component.h:311:3:[m[K [01;31m[Kerror: [m[K'[01m[Kbssid_t[m[K' does not name a type
[0m[33m  311 |   [01;31m[Kbssid_t[m[K bssid;
[0m      |   [01;31m[K^~~~~~~[m[K
[33m[01m[Ksrc/esphome/components/wifi/wifi_component.h:359:62:[m[K [01;31m[Kerror: [m[K'[01m[KWiFiScanResult[m[K' was not declared in this scope; did you mean '[01m[Kesphome::wifi::WiFiScanResult[m[K'?
[0m[33m  359 |   virtual void on_wifi_scan_results(const wifi_scan_vector_t<[01;31m[KWiFiScanResult[m[K> &results) = 0;
[0m      |                                                              [01;31m[K^~~~~~~~~~~~~~[m[K
[33m      |                                                              [32m[Kesphome::wifi::WiFiScanResult[m[K
[0m[33m[01m[Ksrc/esphome/components/wifi/wifi_component.h:277:7:[m[K [01;36m[Knote: [m[K'[01m[Kesphome::wifi::WiFiScanResult[m[K' declared here
[0m[33m  277 | class [01;36m[KWiFiScanResult[m[K {
[0m      |       [01;36m[K^~~~~~~~~~~~~~[m[K
[33m[01m[Ksrc/esphome/components/wifi/wifi_component.h:359:62:[m[K [01;31m[Kerror: [m[K'[01m[KWiFiScanResult[m[K' was not declared in this scope; did you mean '[01m[Kesphome::wifi::WiFiScanResult[m[K'?
[0m[33m  359 |   virtual void on_wifi_scan_results(const wifi_scan_vector_t<[01;31m[KWiFiScanResult[m[K> &results) = 0;
[0m      |                                                              [01;31m[K^~~~~~~~~~~~~~[m[K
[33m      |                                                              [32m[Kesphome::wifi::WiFiScanResult[m[K
[0m[33m[01m[Ksrc/esphome/components/wifi/wifi_component.h:277:7:[m[K [01;36m[Knote: [m[K'[01m[Kesphome::wifi::WiFiScanResult[m[K' declared here
[0m[33m  277 | class [01;36m[KWiFiScanResult[m[K {
[0m      |       [01;36m[K^~~~~~~~~~~~~~[m[K
[33m[01m[Ksrc/esphome/components/wifi/wifi_component.h:359:62:[m[K [01;31m[Kerror: [m[K'[01m[KWiFiScanResult[m[K' was not declared in this scope; did you mean '[01m[Kesphome::wifi::WiFiScanResult[m[K'?
[0m[33m  359 |   virtual void on_wifi_scan_results(const wifi_scan_vector_t<[01;31m[KWiFiScanResult[m[K> &results) = 0;
[0m      |                                                              [01;31m[K^~~~~~~~~~~~~~[m[K
[33m      |                                                              [32m[Kesphome::wifi::WiFiScanResult[m[K
[0m[33m[01m[Ksrc/esphome/components/wifi/wifi_component.h:277:7:[m[K [01;36m[Knote: [m[K'[01m[Kesphome::wifi::WiFiScanResult[m[K' declared here
[0m[33m  277 | class [01;36m[KWiFiScanResult[m[K {
[0m      |       [01;36m[K^~~~~~~~~~~~~~[m[K
[33m[01m[Ksrc/esphome/components/wifi/wifi_component.h:359:62:[m[K [01;31m[Kerror: [m[K'[01m[KWiFiScanResult[m[K' was not declared in this scope; did you mean '[01m[Kesphome::wifi::WiFiScanResult[m[K'?
[0m[33m  359 |   virtual void on_wifi_scan_results(const wifi_scan_vector_t<[01;31m[KWiFiScanResult[m[K> &results) = 0;
[0m      |                                                              [01;31m[K^~~~~~~~~~~~~~[m[K
[33m      |                                                              [32m[Kesphome::wifi::WiFiScanResult[m[K
[0m[33m[01m[Ksrc/esphome/components/wifi/wifi_component.h:277:7:[m[K [01;36m[Knote: [m[K'[01m[Kesphome::wifi::WiFiScanResult[m[K' declared here
[0m[33m  277 | class [01;36m[KWiFiScanResult[m[K {
[0m      |       [01;36m[K^~~~~~~~~~~~~~[m[K
[33m[01m[Ksrc/esphome/components/wifi/wifi_component.h:359:62:[m[K [01;31m[Kerror: [m[K'[01m[KWiFiScanResult[m[K' was not declared in this scope; did you mean '[01m[Kesphome::wifi::WiFiScanResult[m[K'?
[0m[33m  359 |   virtual void on_wifi_scan_results(const wifi_scan_vector_t<[01;31m[KWiFiScanResult[m[K> &results) = 0;
[0m      |                                                              [01;31m[K^~~~~~~~~~~~~~[m[K
[33m      |                                                              [32m[Kesphome::wifi::WiFiScanResult[m[K
[0m[33m[01m[Ksrc/esphome/components/wifi/wifi_component.h:277:7:[m[K [01;36m[Knote: [m[K'[01m[Kesphome::wifi::WiFiScanResult[m[K' declared here
[0m[33m  277 | class [01;36m[KWiFiScanResult[m[K {
[0m      |       [01;36m[K^~~~~~~~~~~~~~[m[K
[33m[01m[Ksrc/esphome/components/wifi/wifi_component.h:359:62:[m[K [01;31m[Kerror: [m[K'[01m[KWiFiScanResult[m[K' was not declared in this scope; did you mean '[01m[Kesphome::wifi::WiFiScanResult[m[K'?
[0m[33m  359 |   virtual void on_wifi_scan_results(const wifi_scan_vector_t<[01;31m[KWiFiScanResult[m[K> &results) = 0;
[0m      |                                                              [01;31m[K^~~~~~~~~~~~~~[m[K
[33m      |                                                              [32m[Kesphome::wifi::WiFiScanResult[m[K
[0m[33m[01m[Ksrc/esphome/components/wifi/wifi_component.h:277:7:[m[K [01;36m[Knote: [m[K'[01m[Kesphome::wifi::WiFiScanResult[m[K' declared here
[0m[33m  277 | class [01;36m[KWiFiScanResult[m[K {
[0m      |       [01;36m[K^~~~~~~~~~~~~~[m[K
[33m[01m[Ksrc/esphome/components/wifi/wifi_component.h:359:43:[m[K [01;31m[Kerror: [m[K'[01m[Kwifi_scan_vector_t[m[K' does not name a type
[0m[33m  359 |   virtual void on_wifi_scan_results(const [01;31m[Kwifi_scan_vector_t[m[K<WiFiScanResult> &results) = 0;
[0m      |                                           [01;31m[K^~~~~~~~~~~~~~~~~~[m[K
[33m[01m[Ksrc/esphome/components/wifi/wifi_component.h:359:61:[m[K [01;31m[Kerror: [m[Kexpected '[01m[K,[m[K' or '[01m[K...[m[K' before '[01m[K<[m[K' token
[0m[33m  359 |   virtual void on_wifi_scan_results(const wifi_scan_vector_t[01;31m[K<[m[KWiFiScanResult> &results) = 0;
[0m[33m      |                                                             [01;31m[K^[m[K
[0m[33m[01m[Ksrc/esphome/components/wifi/wifi_component.h:385:35:[m[K [01;31m[Kerror: [m[K'[01m[KWiFiPowerSaveMode[m[K' has not been declared
[0m[33m  385 |   virtual void on_wifi_power_save([01;31m[KWiFiPowerSaveMode[m[K mode) = 0;
[0m      |                                   [01;31m[K^~~~~~~~~~~~~~~~~[m[K
[33m[01m[Ksrc/esphome/components/wifi/wifi_component.h:394:22:[m[K [01;31m[Kerror: [m[K'[01m[KWiFiAP[m[K' does not name a type
[0m[33m  394 |   void set_sta(const [01;31m[KWiFiAP[m[K &ap);
[0m      |                      [01;31m[K^~~~~~[m[K
[33m[01m[Ksrc/esphome/components/wifi/wifi_component.h:396:3:[m[K [01;31m[Kerror: [m[K'[01m[KWiFiAP[m[K' does not name a type
[0m[33m  396 |   [01;31m[KWiFiAP[m[K get_sta() const;
[0m      |   [01;31m[K^~~~~~[m[K
[33m[01m[Ksrc/esphome/components/wifi/wifi_component.h:398:22:[m[K [01;31m[Kerror: [m[K'[01m[KWiFiAP[m[K' does not name a type
[0m[33m  398 |   void add_sta(const [01;31m[KWiFiAP[m[K &ap);
[0m      |                      [01;31m[K^~~~~~[m[K
[33m[01m[Ksrc/esphome/components/wifi/wifi_component.h:409:21:[m[K [01;31m[Kerror: [m[K'[01m[KWiFiAP[m[K' does not name a type
[0m[33m  409 |   void set_ap(const [01;31m[KWiFiAP[m[K &ap);
[0m      |                     [01;31m[K^~~~~~[m[K
[33m[01m[Ksrc/esphome/components/wifi/wifi_component.h:410:3:[m[K [01;31m[Kerror: [m[K'[01m[KWiFiAP[m[K' does not name a type
[0m[33m  410 |   [01;31m[KWiFiAP[m[K get_ap() { return this->ap_; }
[0m      |   [01;31m[K^~~~~~[m[K
[33m[01m[Ksrc/esphome/components/wifi/wifi_component.h:419:31:[m[K [01;31m[Kerror: [m[K'[01m[KWiFiAP[m[K' does not name a type
[0m[33m  419 |   void start_connecting(const [01;31m[KWiFiAP[m[K &ap);
[0m      |                               [01;31m[K^~~~~~[m[K
[33m[01m[Ksrc/esphome/components/wifi/wifi_component.h:421:31:[m[K [01;31m[Kerror: [m[K'[01m[KWiFiAP[m[K' does not name a type
[0m[33m  421 |   void start_connecting(const [01;31m[KWiFiAP[m[K &ap, bool /* two */) { this->start_connecting(ap); }
[0m      |                               [01;31m[K^~~~~~[m[K
[33m[01m[Ksrc/esphome/components/wifi/wifi_component.h:435:28:[m[K [01;31m[Kerror: [m[K'[01m[KWiFiPowerSaveMode[m[K' has not been declared
[0m[33m  435 |   void set_power_save_mode([01;31m[KWiFiPowerSaveMode[m[K power_save);
[0m      |                            [01;31m[K^~~~~~~~~~~~~~~~~[m[K
[33m[01m[Ksrc/esphome/components/wifi/wifi_component.h:436:26:[m[K [01;31m[Kerror: [m[K'[01m[KWifiMinAuthMode[m[K' has not been declared
[0m[33m  436 |   void set_min_auth_mode([01;31m[KWifiMinAuthMode[m[K min_auth_mode) { min_auth_mode_ = min_auth_mode; }
[0m      |                          [01;31m[K^~~~~~~~~~~~~~~[m[K
[33m[01m[Ksrc/esphome/components/wifi/wifi_component.h:473:28:[m[K [01;31m[Kerror: [m[K'[01m[KWiFiScanResult[m[K' was not declared in this scope; did you mean '[01m[Kesphome::wifi::WiFiScanResult[m[K'?
[0m[33m  473 |   const wifi_scan_vector_t<[01;31m[KWiFiScanResult[m[K> &get_scan_result() const { return scan_result_; }
[0m      |                            [01;31m[K^~~~~~~~~~~~~~[m[K
[33m      |                            [32m[Kesphome::wifi::WiFiScanResult[m[K
[0m[33m[01m[Ksrc/esphome/components/wifi/wifi_component.h:277:7:[m[K [01;36m[Knote: [m[K'[01m[Kesphome::wifi::WiFiScanResult[m[K' declared here
[0m[33m  277 | class [01;36m[KWiFiScanResult[m[K {
[0m      |       [01;36m[K^~~~~~~~~~~~~~[m[K
[33m[01m[Ksrc/esphome/components/wifi/wifi_component.h:473:28:[m[K [01;31m[Kerror: [m[K'[01m[KWiFiScanResult[m[K' was not declared in this scope; did you mean '[01m[Kesphome::wifi::WiFiScanResult[m[K'?
[0m[33m  473 |   const wifi_scan_vector_t<[01;31m[KWiFiScanResult[m[K> &get_scan_result() const { return scan_result_; }
[0m      |                            [01;31m[K^~~~~~~~~~~~~~[m[K
[33m      |                            [32m[Kesphome::wifi::WiFiScanResult[m[K
[0m[33m[01m[Ksrc/esphome/components/wifi/wifi_component.h:277:7:[m[K [01;36m[Knote: [m[K'[01m[Kesphome::wifi::WiFiScanResult[m[K' declared here
[0m[33m  277 | class [01;36m[KWiFiScanResult[m[K {
[0m      |       [01;36m[K^~~~~~~~~~~~~~[m[K
[33m[01m[Ksrc/esphome/components/wifi/wifi_component.h:473:28:[m[K [01;31m[Kerror: [m[K'[01m[KWiFiScanResult[m[K' was not declared in this scope; did you mean '[01m[Kesphome::wifi::WiFiScanResult[m[K'?
[0m[33m  473 |   const wifi_scan_vector_t<[01;31m[KWiFiScanResult[m[K> &get_scan_result() const { return scan_result_; }
[0m      |                            [01;31m[K^~~~~~~~~~~~~~[m[K
[33m      |                            [32m[Kesphome::wifi::WiFiScanResult[m[K
[0m[33m[01m[Ksrc/esphome/components/wifi/wifi_component.h:277:7:[m[K [01;36m[Knote: [m[K'[01m[Kesphome::wifi::WiFiScanResult[m[K' declared here
[0m[33m  277 | class [01;36m[KWiFiScanResult[m[K {
[0m      |       [01;36m[K^~~~~~~~~~~~~~[m[K
[33m[01m[Ksrc/esphome/components/wifi/wifi_component.h:473:28:[m[K [01;31m[Kerror: [m[K'[01m[KWiFiScanResult[m[K' was not declared in this scope; did you mean '[01m[Kesphome::wifi::WiFiScanResult[m[K'?
[0m[33m  473 |   const wifi_scan_vector_t<[01;31m[KWiFiScanResult[m[K> &get_scan_result() const { return scan_result_; }
[0m      |                            [01;31m[K^~~~~~~~~~~~~~[m[K
[33m      |                            [32m[Kesphome::wifi::WiFiScanResult[m[K
[0m[33m[01m[Ksrc/esphome/components/wifi/wifi_component.h:277:7:[m[K [01;36m[Knote: [m[K'[01m[Kesphome::wifi::WiFiScanResult[m[K' declared here
[0m[33m  277 | class [01;36m[KWiFiScanResult[m[K {
[0m      |       [01;36m[K^~~~~~~~~~~~~~[m[K
[33m[01m[Ksrc/esphome/components/wifi/wifi_component.h:473:28:[m[K [01;31m[Kerror: [m[K'[01m[KWiFiScanResult[m[K' was not declared in this scope; did you mean '[01m[Kesphome::wifi::WiFiScanResult[m[K'?
[0m[33m  473 |   const wifi_scan_vector_t<[01;31m[KWiFiScanResult[m[K> &get_scan_result() const { return scan_result_; }
[0m      |                            [01;31m[K^~~~~~~~~~~~~~[m[K
[33m      |                            [32m[Kesphome::wifi::WiFiScanResult[m[K
[0m[33m[01m[Ksrc/esphome/components/wifi/wifi_component.h:277:7:[m[K [01;36m[Knote: [m[K'[01m[Kesphome::wifi::WiFiScanResult[m[K' declared here
[0m[33m  277 | class [01;36m[KWiFiScanResult[m[K {
[0m      |       [01;36m[K^~~~~~~~~~~~~~[m[K
[33m[01m[Ksrc/esphome/components/wifi/wifi_component.h:473:28:[m[K [01;31m[Kerror: [m[K'[01m[KWiFiScanResult[m[K' was not declared in this scope; did you mean '[01m[Kesphome::wifi::WiFiScanResult[m[K'?
[0m[33m  473 |   const wifi_scan_vector_t<[01;31m[KWiFiScanResult[m[K> &get_scan_result() const { return scan_result_; }
[0m      |                            [01;31m[K^~~~~~~~~~~~~~[m[K
[33m      |                            [32m[Kesphome::wifi::WiFiScanResult[m[K
[0m[33m[01m[Ksrc/esphome/components/wifi/wifi_component.h:277:7:[m[K [01;36m[Knote: [m[K'[01m[Kesphome::wifi::WiFiScanResult[m[K' declared here
[0m[33m  277 | class [01;36m[KWiFiScanResult[m[K {
[0m      |       [01;36m[K^~~~~~~~~~~~~~[m[K
[33m[01m[Ksrc/esphome/components/wifi/wifi_component.h:473:9:[m[K [01;31m[Kerror: [m[K'[01m[Kwifi_scan_vector_t[m[K' does not name a type
[0m[33m  473 |   const [01;31m[Kwifi_scan_vector_t[m[K<WiFiScanResult> &get_scan_result() const { return scan_result_; }
[0m      |         [01;31m[K^~~~~~~~~~~~~~~~~~[m[K
[33m[01m[Ksrc/esphome/components/wifi/wifi_component.h:477:31:[m[K [01;31m[Kerror: [m[K'[01m[Kbssid_t[m[K' does not name a type
[0m[33m  477 |   bool has_sta_priority(const [01;31m[Kbssid_t[m[K &bssid) {
[0m      |                               [01;31m[K^~~~~~~[m[K
[33m[01m[Ksrc/esphome/components/wifi/wifi_component.h:484:33:[m[K [01;31m[Kerror: [m[K'[01m[Kbssid_t[m[K' does not name a type
[0m[33m  484 |   int8_t get_sta_priority(const [01;31m[Kbssid_t[m[K bssid) {
[0m      |                                 [01;31m[K^~~~~~~[m[K
[33m[01m[Ksrc/esphome/components/wifi/wifi_component.h:491:31:[m[K [01;31m[Kerror: [m[K'[01m[Kbssid_t[m[K' does not name a type
[0m[33m  491 |   void set_sta_priority(const [01;31m[Kbssid_t[m[K bssid, int8_t priority) {
[0m      |                               [01;31m[K^~~~~~~[m[K
[33m[01m[Ksrc/esphome/components/wifi/wifi_component.h:508:44:[m[K [01;31m[Kerror: [m[K'[01m[KSSID_BUFFER_SIZE[m[K' was not declared in this scope; did you mean '[01m[Kesphome::wifi::SSID_BUFFER_SIZE[m[K'?
[0m[33m  508 |   const char *wifi_ssid_to(std::span<char, [01;31m[KSSID_BUFFER_SIZE[m[K> buffer);
[0m      |                                            [01;31m[K^~~~~~~~~~~~~~~~[m[K
[33m      |                                            [32m[Kesphome::wifi::SSID_BUFFER_SIZE[m[K
[0m[33m[01m[Ksrc/esphome/components/wifi/wifi_component.h:59:25:[m[K [01;36m[Knote: [m[K'[01m[Kesphome::wifi::SSID_BUFFER_SIZE[m[K' declared here
[0m[33m   59 | static constexpr size_t [01;36m[KSSID_BUFFER_SIZE[m[K = 33;
[0m      |                         [01;36m[K^~~~~~~~~~~~~~~~[m[K
[33m[01m[Ksrc/esphome/components/wifi/wifi_component.h:508:60:[m[K [01;31m[Kerror: [m[Ktemplate argument 2 is invalid
[0m[33m  508 |   const char *wifi_ssid_to(std::span<char, SSID_BUFFER_SIZE[01;31m[K>[m[K buffer);
[0m[33m      |                                                            [01;31m[K^[m[K
[0m[33m[01m[Ksrc/esphome/components/wifi/wifi_component.h:508:28:[m[K [01;31m[Kerror: [m[K'[01m[Kstd::buffer[m[K' has not been declared
[0m[33m  508 |   const char *wifi_ssid_to([01;31m[Kstd[m[K::span<char, SSID_BUFFER_SIZE> buffer);
[0m[33m      |                            [01;31m[K^~~[m[K
[0m[33m[01m[Ksrc/esphome/components/wifi/wifi_component.h:509:3:[m[K [01;31m[Kerror: [m[K'[01m[Kbssid_t[m[K' does not name a type
[0m[33m  509 |   [01;31m[Kbssid_t[m[K wifi_bssid();
[0m      |   [01;31m[K^~~~~~~[m[K
[33m[01m[Ksrc/esphome/components/wifi/wifi_component.h:530:30:[m[K [01;31m[Kerror: [m[K'[01m[KWiFiIPStateListener[m[K' has not been declared
[0m[33m  530 |   void add_ip_state_listener([01;31m[KWiFiIPStateListener[m[K *listener) { this->ip_state_listeners_.push_back(listener); }
[0m      |                              [01;31m[K^~~~~~~~~~~~~~~~~~~[m[K
[33m[01m[Ksrc/esphome/components/wifi/wifi_component.h:542:35:[m[K [01;31m[Kerror: [m[K'[01m[KWiFiConnectStateListener[m[K' has not been declared
[0m[33m  542 |   void add_connect_state_listener([01;31m[KWiFiConnectStateListener[m[K *listener) {
[0m      |                                   [01;31m[K^~~~~~~~~~~~~~~~~~~~~~~~[m[K
[33m[01m[Ksrc/esphome/components/wifi/wifi_component.h:590:3:[m[K [01;31m[Kerror: [m[K'[01m[KWiFiAP[m[K' does not name a type
[0m[33m  590 |   [01;31m[KWiFiAP[m[K build_params_for_current_phase_();
[0m      |   [01;31m[K^~~~~~[m[K
[33m[01m[Ksrc/esphome/components/wifi/wifi_component.h:593:3:[m[K [01;31m[Kerror: [m[K'[01m[KWiFiRetryPhase[m[K' does not name a type
[0m[33m  593 |   [01;31m[KWiFiRetryPhase[m[K determine_next_phase_();
[0m      |   [01;31m[K^~~~~~~~~~~~~~[m[K
[33m[01m[Ksrc/esphome/components/wifi/wifi_component.h:596:29:[m[K [01;31m[Kerror: [m[K'[01m[KWiFiRetryPhase[m[K' has not been declared
[0m[33m  596 |   bool transition_to_phase_([01;31m[KWiFiRetryPhase[m[K new_phase);
[0m      |                             [01;31m[K^~~~~~~~~~~~~~[m[K
[33m[01m[Ksrc/esphome/components/wifi/wifi_component.h:608:37:[m[K [01;31m[Kerror: [m[K'[01m[KCompactString[m[K' does not name a type
[0m[33m  608 |   bool ssid_was_seen_in_scan_(const [01;31m[KCompactString[m[K &ssid) const;
[0m      |                                     [01;31m[K^~~~~~~~~~~~~[m[K
[33m[01m[Ksrc/esphome/components/wifi/wifi_component.h:631:9:[m[K [01;31m[Kerror: [m[K'[01m[KWiFiAP[m[K' does not name a type
[0m[33m  631 |   const [01;31m[KWiFiAP[m[K *get_selected_sta_() const {
[0m      |         [01;31m[K^~~~~~[m[K
[33m[01m[Ksrc/esphome/components/wifi/wifi_component.h:664:43:[m[K [01;31m[Kerror: [m[K'[01m[KManualIP[m[K' was not declared in this scope; did you mean '[01m[Kesphome::wifi::ManualIP[m[K'?
[0m[33m  664 |   bool wifi_sta_ip_config_(const optional<[01;31m[KManualIP[m[K> &manual_ip);
[0m      |                                           [01;31m[K^~~~~~~~[m[K
[33m      |                                           [32m[Kesphome::wifi::ManualIP[m[K
[0m[33m[01m[Ksrc/esphome/components/wifi/wifi_component.h:138:8:[m[K [01;36m[Knote: [m[K'[01m[Kesphome::wifi::ManualIP[m[K' declared here
[0m[33m  138 | struct [01;36m[KManualIP[m[K {
[0m      |        [01;36m[K^~~~~~~~[m[K
[33m[01m[Ksrc/esphome/components/wifi/wifi_component.h:664:51:[m[K [01;31m[Kerror: [m[Ktemplate argument 1 is invalid
[0m[33m  664 |   bool wifi_sta_ip_config_(const optional<ManualIP[01;31m[K>[m[K &manual_ip);
[0m[33m      |                                                   [01;31m[K^[m[K
[0m[33m[01m[Ksrc/esphome/components/wifi/wifi_component.h:666:32:[m[K [01;31m[Kerror: [m[K'[01m[KWiFiAP[m[K' does not name a type
[0m[33m  666 |   bool wifi_sta_connect_(const [01;31m[KWiFiAP[m[K &ap);
[0m      |                                [01;31m[K^~~~~~[m[K
[33m[01m[Ksrc/esphome/components/wifi/wifi_component.h:668:3:[m[K [01;31m[Kerror: [m[K'[01m[KWiFiSTAConnectStatus[m[K' does not name a type
[0m[33m  668 |   [01;31m[KWiFiSTAConnectStatus[m[K wifi_sta_connect_status_();
[0m      |   [01;31m[K^~~~~~~~~~~~~~~~~~~~[m[K
[33m[01m[Ksrc/esphome/components/wifi/wifi_component.h:672:42:[m[K [01;31m[Kerror: [m[K'[01m[KManualIP[m[K' was not declared in this scope; did you mean '[01m[Kesphome::wifi::ManualIP[m[K'?
[0m[33m  672 |   bool wifi_ap_ip_config_(const optional<[01;31m[KManualIP[m[K> &manual_ip);
[0m      |                                          [01;31m[K^~~~~~~~[m[K
[33m      |                                          [32m[Kesphome::wifi::ManualIP[m[K
[0m[33m[01m[Ksrc/esphome/components/wifi/wifi_component.h:138:8:[m[K [01;36m[Knote: [m[K'[01m[Kesphome::wifi::ManualIP[m[K' declared here
[0m[33m  138 | struct [01;36m[KManualIP[m[K {
[0m      |        [01;36m[K^~~~~~~~[m[K
[33m[01m[Ksrc/esphome/components/wifi/wifi_component.h:672:50:[m[K [01;31m[Kerror: [m[Ktemplate argument 1 is invalid
[0m[33m  672 |   bool wifi_ap_ip_config_(const optional<ManualIP[01;31m[K>[m[K &manual_ip);
[0m[33m      |                                                  [01;31m[K^[m[K
[0m[33m[01m[Ksrc/esphome/components/wifi/wifi_component.h:673:29:[m[K [01;31m[Kerror: [m[K'[01m[KWiFiAP[m[K' does not name a type
[0m[33m  673 |   bool wifi_start_ap_(const [01;31m[KWiFiAP[m[K &ap);
[0m      |                             [01;31m[K^~~~~~[m[K
[33m[01m[Ksrc/esphome/components/wifi/wifi_component.h:720:28:[m[K [01;31m[Kerror: [m[K'[01m[KIDFWiFiEvent[m[K' has not been declared
[0m[33m  720 |   void wifi_process_event_([01;31m[KIDFWiFiEvent[m[K *data);
[0m      |                            [01;31m[K^~~~~~~~~~~~[m[K
[33m[01m[Ksrc/esphome/components/wifi/wifi_component.h:735:15:[m[K [01;31m[Kerror: [m[K'[01m[KWiFiAP[m[K' was not declared in this scope; did you mean '[01m[Kesphome::wifi::WiFiAP[m[K'?
[0m[33m  735 |   FixedVector<[01;31m[KWiFiAP[m[K> sta_;
[0m      |               [01;31m[K^~~~~~[m[K
[33m      |               [32m[Kesphome::wifi::WiFiAP[m[K
[0m[33m[01m[Ksrc/esphome/components/wifi/wifi_component.h:223:7:[m[K [01;36m[Knote: [m[K'[01m[Kesphome::wifi::WiFiAP[m[K' declared here
[0m[33m  223 | class [01;36m[KWiFiAP[m[K {
[0m      |       [01;36m[K^~~~~~[m[K
[33m[01m[Ksrc/esphome/components/wifi/wifi_component.h:735:21:[m[K [01;31m[Kerror: [m[Ktemplate argument 1 is invalid
[0m[33m  735 |   FixedVector<WiFiAP[01;31m[K>[m[K sta_;
[0m[33m      |                     [01;31m[K^[m[K
[0m[33m[01m[Ksrc/esphome/components/wifi/wifi_component.h:736:15:[m[K [01;31m[Kerror: [m[K'[01m[KWiFiSTAPriority[m[K' was not declared in this scope; did you mean '[01m[Kesphome::wifi::WiFiSTAPriority[m[K'?
[0m[33m  736 |   std::vector<[01;31m[KWiFiSTAPriority[m[K> sta_priorities_;
[0m      |               [01;31m[K^~~~~~~~~~~~~~~[m[K
[33m      |               [32m[Kesphome::wifi::WiFiSTAPriority[m[K
[0m[33m[01m[Ksrc/esphome/components/wifi/wifi_component.h:310:8:[m[K [01;36m[Knote: [m[K'[01m[Kesphome::wifi::WiFiSTAPriority[m[K' declared here
[0m[33m  310 | struct [01;36m[KWiFiSTAPriority[m[K {
[0m      |        [01;36m[K^~~~~~~~~~~~~~~[m[K
[33m[01m[Ksrc/esphome/components/wifi/wifi_component.h:736:30:[m[K [01;31m[Kerror: [m[Ktemplate argument 1 is invalid
[0m[33m  736 |   std::vector<WiFiSTAPriority[01;31m[K>[m[K sta_priorities_;
[0m[33m      |                              [01;31m[K^[m[K
[0m[33m[01m[Ksrc/esphome/components/wifi/wifi_component.h:736:30:[m[K [01;31m[Kerror: [m[Ktemplate argument 2 is invalid
[0m[33m[01m[Ksrc/esphome/components/wifi/wifi_component.h:736:8:[m[K [01;31m[Kerror: [m[K'[01m[K<expression error>[m[K' in namespace '[01m[Kstd[m[K' does not name a type
[0m[33m  736 |   std::[01;31m[Kvector<WiFiSTAPriority>[m[K sta_priorities_;
[0m      |        [01;31m[K^~~~~~~~~~~~~~~~~~~~~~~[m[K
[33m[01m[Ksrc/esphome/components/wifi/wifi_component.h:737:22:[m[K [01;31m[Kerror: [m[K'[01m[KWiFiScanResult[m[K' was not declared in this scope; did you mean '[01m[Kesphome::wifi::WiFiScanResult[m[K'?
[0m[33m  737 |   wifi_scan_vector_t<[01;31m[KWiFiScanResult[m[K> scan_result_;
[0m      |                      [01;31m[K^~~~~~~~~~~~~~[m[K
[33m      |                      [32m[Kesphome::wifi::WiFiScanResult[m[K
[0m[33m[01m[Ksrc/esphome/components/wifi/wifi_component.h:277:7:[m[K [01;36m[Knote: [m[K'[01m[Kesphome::wifi::WiFiScanResult[m[K' declared here
[0m[33m  277 | class [01;36m[KWiFiScanResult[m[K {
[0m      |       [01;36m[K^~~~~~~~~~~~~~[m[K
[33m[01m[Ksrc/esphome/components/wifi/wifi_component.h:737:22:[m[K [01;31m[Kerror: [m[K'[01m[KWiFiScanResult[m[K' was not declared in this scope; did you mean '[01m[Kesphome::wifi::WiFiScanResult[m[K'?
[0m[33m  737 |   wifi_scan_vector_t<[01;31m[KWiFiScanResult[m[K> scan_result_;
[0m      |                      [01;31m[K^~~~~~~~~~~~~~[m[K
[33m      |                      [32m[Kesphome::wifi::WiFiScanResult[m[K
[0m[33m[01m[Ksrc/esphome/components/wifi/wifi_component.h:277:7:[m[K [01;36m[Knote: [m[K'[01m[Kesphome::wifi::WiFiScanResult[m[K' declared here
[0m[33m  277 | class [01;36m[KWiFiScanResult[m[K {
[0m      |       [01;36m[K^~~~~~~~~~~~~~[m[K
[33m[01m[Ksrc/esphome/components/wifi/wifi_component.h:737:22:[m[K [01;31m[Kerror: [m[K'[01m[KWiFiScanResult[m[K' was not declared in this scope; did you mean '[01m[Kesphome::wifi::WiFiScanResult[m[K'?
[0m[33m  737 |   wifi_scan_vector_t<[01;31m[KWiFiScanResult[m[K> scan_result_;
[0m      |                      [01;31m[K^~~~~~~~~~~~~~[m[K
[33m      |                      [32m[Kesphome::wifi::WiFiScanResult[m[K
[0m[33m[01m[Ksrc/esphome/components/wifi/wifi_component.h:277:7:[m[K [01;36m[Knote: [m[K'[01m[Kesphome::wifi::WiFiScanResult[m[K' declared here
[0m[33m  277 | class [01;36m[KWiFiScanResult[m[K {
[0m      |       [01;36m[K^~~~~~~~~~~~~~[m[K
[33m[01m[Ksrc/esphome/components/wifi/wifi_component.h:737:22:[m[K [01;31m[Kerror: [m[K'[01m[KWiFiScanResult[m[K' was not declared in this scope; did you mean '[01m[Kesphome::wifi::WiFiScanResult[m[K'?
[0m[33m  737 |   wifi_scan_vector_t<[01;31m[KWiFiScanResult[m[K> scan_result_;
[0m      |                      [01;31m[K^~~~~~~~~~~~~~[m[K
[33m      |                      [32m[Kesphome::wifi::WiFiScanResult[m[K
[0m[33m[01m[Ksrc/esphome/components/wifi/wifi_component.h:277:7:[m[K [01;36m[Knote: [m[K'[01m[Kesphome::wifi::WiFiScanResult[m[K' declared here
[0m[33m  277 | class [01;36m[KWiFiScanResult[m[K {
[0m      |       [01;36m[K^~~~~~~~~~~~~~[m[K
[33m[01m[Ksrc/esphome/components/wifi/wifi_component.h:737:22:[m[K [01;31m[Kerror: [m[K'[01m[KWiFiScanResult[m[K' was not declared in this scope; did you mean '[01m[Kesphome::wifi::WiFiScanResult[m[K'?
[0m[33m  737 |   wifi_scan_vector_t<[01;31m[KWiFiScanResult[m[K> scan_result_;
[0m      |                      [01;31m[K^~~~~~~~~~~~~~[m[K
[33m      |                      [32m[Kesphome::wifi::WiFiScanResult[m[K
[0m[33m[01m[Ksrc/esphome/components/wifi/wifi_component.h:277:7:[m[K [01;36m[Knote: [m[K'[01m[Kesphome::wifi::WiFiScanResult[m[K' declared here
[0m[33m  277 | class [01;36m[KWiFiScanResult[m[K {
[0m      |       [01;36m[K^~~~~~~~~~~~~~[m[K
[33m[01m[Ksrc/esphome/components/wifi/wifi_component.h:737:22:[m[K [01;31m[Kerror: [m[K'[01m[KWiFiScanResult[m[K' was not declared in this scope; did you mean '[01m[Kesphome::wifi::WiFiScanResult[m[K'?
[0m[33m  737 |   wifi_scan_vector_t<[01;31m[KWiFiScanResult[m[K> scan_result_;
[0m      |                      [01;31m[K^~~~~~~~~~~~~~[m[K
[33m      |                      [32m[Kesphome::wifi::WiFiScanResult[m[K
[0m[33m[01m[Ksrc/esphome/components/wifi/wifi_component.h:277:7:[m[K [01;36m[Knote: [m[K'[01m[Kesphome::wifi::WiFiScanResult[m[K' declared here
[0m[33m  277 | class [01;36m[KWiFiScanResult[m[K {
[0m      |       [01;36m[K^~~~~~~~~~~~~~[m[K
[33m[01m[Ksrc/esphome/components/wifi/wifi_component.h:737:22:[m[K [01;31m[Kerror: [m[K'[01m[KWiFiScanResult[m[K' was not declared in this scope; did you mean '[01m[Kesphome::wifi::WiFiScanResult[m[K'?
[0m[33m  737 |   wifi_scan_vector_t<[01;31m[KWiFiScanResult[m[K> scan_result_;
[0m      |                      [01;31m[K^~~~~~~~~~~~~~[m[K
[33m      |                      [32m[Kesphome::wifi::WiFiScanResult[m[K
[0m[33m[01m[Ksrc/esphome/components/wifi/wifi_component.h:277:7:[m[K [01;36m[Knote: [m[K'[01m[Kesphome::wifi::WiFiScanResult[m[K' declared here
[0m[33m  277 | class [01;36m[KWiFiScanResult[m[K {
[0m      |       [01;36m[K^~~~~~~~~~~~~~[m[K
[33m[01m[Ksrc/esphome/components/wifi/wifi_component.h:737:22:[m[K [01;31m[Kerror: [m[K'[01m[KWiFiScanResult[m[K' was not declared in this scope; did you mean '[01m[Kesphome::wifi::WiFiScanResult[m[K'?
[0m[33m  737 |   wifi_scan_vector_t<[01;31m[KWiFiScanResult[m[K> scan_result_;
[0m      |                      [01;31m[K^~~~~~~~~~~~~~[m[K
[33m      |                      [32m[Kesphome::wifi::WiFiScanResult[m[K
[0m[33m[01m[Ksrc/esphome/components/wifi/wifi_component.h:277:7:[m[K [01;36m[Knote: [m[K'[01m[Kesphome::wifi::WiFiScanResult[m[K' declared here
[0m[33m  277 | class [01;36m[KWiFiScanResult[m[K {
[0m      |       [01;36m[K^~~~~~~~~~~~~~[m[K
[33m[01m[Ksrc/esphome/components/wifi/wifi_component.h:737:22:[m[K [01;31m[Kerror: [m[K'[01m[KWiFiScanResult[m[K' was not declared in this scope; did you mean '[01m[Kesphome::wifi::WiFiScanResult[m[K'?
[0m[33m  737 |   wifi_scan_vector_t<[01;31m[KWiFiScanResult[m[K> scan_result_;
[0m      |                      [01;31m[K^~~~~~~~~~~~~~[m[K
[33m      |                      [32m[Kesphome::wifi::WiFiScanResult[m[K
[0m[33m[01m[Ksrc/esphome/components/wifi/wifi_component.h:277:7:[m[K [01;36m[Knote: [m[K'[01m[Kesphome::wifi::WiFiScanResult[m[K' declared here
[0m[33m  277 | class [01;36m[KWiFiScanResult[m[K {
[0m      |       [01;36m[K^~~~~~~~~~~~~~[m[K
[33m[01m[Ksrc/esphome/components/wifi/wifi_component.h:737:22:[m[K [01;31m[Kerror: [m[K'[01m[KWiFiScanResult[m[K' was not declared in this scope; did you mean '[01m[Kesphome::wifi::WiFiScanResult[m[K'?
[0m[33m  737 |   wifi_scan_vector_t<[01;31m[KWiFiScanResult[m[K> scan_result_;
[0m      |                      [01;31m[K^~~~~~~~~~~~~~[m[K
[33m      |                      [32m[Kesphome::wifi::WiFiScanResult[m[K
[0m[33m[01m[Ksrc/esphome/components/wifi/wifi_component.h:277:7:[m[K [01;36m[Knote: [m[K'[01m[Kesphome::wifi::WiFiScanResult[m[K' declared here
[0m[33m  277 | class [01;36m[KWiFiScanResult[m[K {
[0m      |       [01;36m[K^~~~~~~~~~~~~~[m[K
[33m[01m[Ksrc/esphome/components/wifi/wifi_component.h:737:3:[m[K [01;31m[Kerror: [m[K'[01m[Kwifi_scan_vector_t[m[K' does not name a type
[0m[33m  737 |   [01;31m[Kwifi_scan_vector_t[m[K<WiFiScanResult> scan_result_;
[0m      |   [01;31m[K^~~~~~~~~~~~~~~~~~[m[K
[33m[01m[Ksrc/esphome/components/wifi/wifi_component.h:739:3:[m[K [01;31m[Kerror: [m[K'[01m[KWiFiAP[m[K' does not name a type
[0m[33m  739 |   [01;31m[KWiFiAP[m[K ap_;
[0m      |   [01;31m[K^~~~~~[m[K
[33m[01m[Ksrc/esphome/components/wifi/wifi_component.h:742:16:[m[K [01;31m[Kerror: [m[K'[01m[KWiFiIPStateListener[m[K' was not declared in this scope; did you mean '[01m[Kesphome::wifi::WiFiIPStateListener[m[K'?
[0m[33m  742 |   StaticVector<[01;31m[KWiFiIPStateListener[m[K *, ESPHOME_WIFI_IP_STATE_LISTENERS> ip_state_listeners_;
[0m      |                [01;31m[K^~~~~~~~~~~~~~~~~~~[m[K
[33m      |                [32m[Kesphome::wifi::WiFiIPStateListener[m[K
[0m[33m[01m[Ksrc/esphome/components/wifi/wifi_component.h:343:7:[m[K [01;36m[Knote: [m[K'[01m[Kesphome::wifi::WiFiIPStateListener[m[K' declared here
[0m[33m  343 | class [01;36m[KWiFiIPStateListener[m[K {
[0m      |       [01;36m[K^~~~~~~~~~~~~~~~~~~[m[K
[33m[01m[Ksrc/esphome/components/wifi/wifi_component.h:742:70:[m[K [01;31m[Kerror: [m[Ktemplate argument 1 is invalid
[0m[33m  742 |   StaticVector<WiFiIPStateListener *, ESPHOME_WIFI_IP_STATE_LISTENERS[01;31m[K>[m[K ip_state_listeners_;
[0m[33m      |                                                                      [01;31m[K^[m[K
[0m[33m[01m[Ksrc/esphome/components/wifi/wifi_component.h:742:70:[m[K [01;31m[Kerror: [m[Ktemplate argument 2 is invalid
[0m[33m[01m[Ksrc/esphome/components/wifi/wifi_component.h:748:16:[m[K [01;31m[Kerror: [m[K'[01m[KWiFiConnectStateListener[m[K' was not declared in this scope; did you mean '[01m[Kesphome::wifi::WiFiConnectStateListener[m[K'?
[0m[33m  748 |   StaticVector<[01;31m[KWiFiConnectStateListener[m[K *, ESPHOME_WIFI_CONNECT_STATE_LISTENERS> connect_state_listeners_;
[0m      |                [01;31m[K^~~~~~~~~~~~~~~~~~~~~~~~[m[K
[33m      |                [32m[Kesphome::wifi::WiFiConnectStateListener[m[K
[0m[33m[01m[Ksrc/esphome/components/wifi/wifi_component.h:370:7:[m[K [01;36m[Knote: [m[K'[01m[Kesphome::wifi::WiFiConnectStateListener[m[K' declared here
[0m[33m  370 | class [01;36m[KWiFiConnectStateListener[m[K {
[0m      |       [01;36m[K^~~~~~~~~~~~~~~~~~~~~~~~[m[K
[33m[01m[Ksrc/esphome/components/wifi/wifi_component.h:748:80:[m[K [01;31m[Kerror: [m[Ktemplate argument 1 is invalid
[0m[33m  748 |   StaticVector<WiFiConnectStateListener *, ESPHOME_WIFI_CONNECT_STATE_LISTENERS[01;31m[K>[m[K connect_state_listeners_;
[0m[33m      |                                                                                [01;31m[K^[m[K
[0m[33m[01m[Ksrc/esphome/components/wifi/wifi_component.h:748:80:[m[K [01;31m[Kerror: [m[Ktemplate argument 2 is invalid
[0m[33m[01m[Ksrc/esphome/components/wifi/wifi_component.h:784:3:[m[K [01;31m[Kerror: [m[K'[01m[KWiFiComponentState[m[K' does not name a type
[0m[33m  784 |   [01;31m[KWiFiComponentState[m[K state_{WIFI_COMPONENT_STATE_OFF};
[0m      |   [01;31m[K^~~~~~~~~~~~~~~~~~[m[K
[33m[01m[Ksrc/esphome/components/wifi/wifi_component.h:785:3:[m[K [01;31m[Kerror: [m[K'[01m[KWiFiPowerSaveMode[m[K' does not name a type
[0m[33m  785 |   [01;31m[KWiFiPowerSaveMode[m[K power_save_{WIFI_POWER_SAVE_NONE};
[0m      |   [01;31m[K^~~~~~~~~~~~~~~~~[m[K
[33m[01m[Ksrc/esphome/components/wifi/wifi_component.h:786:3:[m[K [01;31m[Kerror: [m[K'[01m[KWifiMinAuthMode[m[K' does not name a type
[0m[33m  786 |   [01;31m[KWifiMinAuthMode[m[K min_auth_mode_{WIFI_MIN_AUTH_MODE_WPA2};
[0m      |   [01;31m[K^~~~~~~~~~~~~~~[m[K
[33m[01m[Ksrc/esphome/components/wifi/wifi_component.h:787:3:[m[K [01;31m[Kerror: [m[K'[01m[KWiFiRetryPhase[m[K' does not name a type
[0m[33m  787 |   [01;31m[KWiFiRetryPhase[m[K retry_phase_{WiFiRetryPhase::INITIAL_CONNECT};
[0m      |   [01;31m[K^~~~~~~~~~~~~~[m[K
[33m[01m[Ksrc/esphome/components/wifi/wifi_component.h:798:3:[m[K [01;31m[Kerror: [m[K'[01m[KRetryHiddenMode[m[K' does not name a type
[0m[33m  798 |   [01;31m[KRetryHiddenMode[m[K retry_hidden_mode_{RetryHiddenMode::BLIND_RETRY};
[0m      |   [01;31m[K^~~~~~~~~~~~~~~[m[K
[33m[01m[Ksrc/esphome/components/wifi/wifi_component.h:799:3:[m[K [01;31m[Kerror: [m[K'[01m[KRoamingState[m[K' does not name a type
[0m[33m  799 |   [01;31m[KRoamingState[m[K roaming_state_{RoamingState::IDLE};
[0m      |   [01;31m[K^~~~~~~~~~~~[m[K
[33m[01m[Ksrc/esphome/components/wifi/wifi_component.h:[m[K In member function '[01m[Kvoid esphome::wifi::WiFiComponent::[01;32m[Kset_min_auth_mode[m[K(int)[m[K':
[0m[33m[01m[Ksrc/esphome/components/wifi/wifi_component.h:436:59:[m[K [01;31m[Kerror: [m[K'[01m[Kmin_auth_mode_[m[K' was not declared in this scope; did you mean '[01m[Kmin_auth_mode[m[K'?
[0m[33m  436 |   void set_min_auth_mode(WifiMinAuthMode min_auth_mode) { [01;31m[Kmin_auth_mode_[m[K = min_auth_mode; }
[0m      |                                                           [01;31m[K^~~~~~~~~~~~~~[m[K
[33m      |                                                           [32m[Kmin_auth_mode[m[K
[0m[33m[01m[Ksrc/esphome/components/wifi/wifi_component.h:[m[K In member function '[01m[Kbool esphome::wifi::WiFiComponent::[01;32m[Khas_sta_priority[m[K(const int&)[m[K':
[0m[33m[01m[Ksrc/esphome/components/wifi/wifi_component.h:478:27:[m[K [01;31m[Kerror: [m[K'[01m[Kclass esphome::wifi::WiFiComponent[m[K' has no member named '[01m[Ksta_priorities_[m[K'
[0m[33m  478 |     for (auto &it : this->[01;31m[Ksta_priorities_[m[K) {
[0m      |                           [01;31m[K^~~~~~~~~~~~~~~[m[K
[33m[01m[Ksrc/esphome/components/wifi/wifi_component.h:[m[K In member function '[01m[Kint8_t esphome::wifi::WiFiComponent::[01;32m[Kget_sta_priority[m[K(int)[m[K':
[0m[33m[01m[Ksrc/esphome/components/wifi/wifi_component.h:485:27:[m[K [01;31m[Kerror: [m[K'[01m[Kclass esphome::wifi::WiFiComponent[m[K' has no member named '[01m[Ksta_priorities_[m[K'
[0m[33m  485 |     for (auto &it : this->[01;31m[Ksta_priorities_[m[K) {
[0m      |                           [01;31m[K^~~~~~~~~~~~~~~[m[K
[33m[01m[Ksrc/esphome/components/wifi/wifi_component.h:[m[K In member function '[01m[Kvoid esphome::wifi::WiFiComponent::[01;32m[Kset_sta_priority[m[K(int, int8_t)[m[K':
[0m[33m[01m[Ksrc/esphome/components/wifi/wifi_component.h:492:27:[m[K [01;31m[Kerror: [m[K'[01m[Kclass esphome::wifi::WiFiComponent[m[K' has no member named '[01m[Ksta_priorities_[m[K'
[0m[33m  492 |     for (auto &it : this->[01;31m[Ksta_priorities_[m[K) {
[0m      |                           [01;31m[K^~~~~~~~~~~~~~~[m[K
[33m[01m[Ksrc/esphome/components/wifi/wifi_component.h:498:11:[m[K [01;31m[Kerror: [m[K'[01m[Kclass esphome::wifi::WiFiComponent[m[K' has no member named '[01m[Ksta_priorities_[m[K'
[0m[33m  498 |     this->[01;31m[Ksta_priorities_[m[K.push_back(WiFiSTAPriority{
[0m      |           [01;31m[K^~~~~~~~~~~~~~~[m[K
[33m[01m[Ksrc/esphome/components/wifi/wifi_component.h:498:37:[m[K [01;31m[Kerror: [m[K'[01m[KWiFiSTAPriority[m[K' was not declared in this scope; did you mean '[01m[Kesphome::wifi::WiFiSTAPriority[m[K'?
[0m[33m  498 |     this->sta_priorities_.push_back([01;31m[KWiFiSTAPriority[m[K{
[0m      |                                     [01;31m[K^~~~~~~~~~~~~~~[m[K
[33m      |                                     [32m[Kesphome::wifi::WiFiSTAPriority[m[K
[0m[33m[01m[Ksrc/esphome/components/wifi/wifi_component.h:310:8:[m[K [01;36m[Knote: [m[K'[01m[Kesphome::wifi::WiFiSTAPriority[m[K' declared here
[0m[33m  310 | struct [01;36m[KWiFiSTAPriority[m[K {
[0m      |        [01;36m[K^~~~~~~~~~~~~~~[m[K
[33m[01m[Ksrc/esphome/components/wifi/wifi_component.h:[m[K In member function '[01m[Kvoid esphome::wifi::WiFiComponent::[01;32m[Kadd_ip_state_listener[m[K(int*)[m[K':
[0m[33m[01m[Ksrc/esphome/components/wifi/wifi_component.h:530:89:[m[K [01;31m[Kerror: [m[Krequest for member '[01m[Kpush_back[m[K' in '[01m[K((esphome::wifi::WiFiComponent*)this)->esphome::wifi::WiFiComponent::ip_state_listeners_[m[K', which is of non-class type '[01m[Kint[m[K'
[0m[33m  530 |   void add_ip_state_listener(WiFiIPStateListener *listener) { this->ip_state_listeners_.[01;31m[Kpush_back[m[K(listener); }
[0m      |                                                                                         [01;31m[K^~~~~~~~~[m[K
[33m[01m[Ksrc/esphome/components/wifi/wifi_component.h:[m[K In member function '[01m[Kvoid esphome::wifi::WiFiComponent::[01;32m[Kadd_connect_state_listener[m[K(int*)[m[K':
[0m[33m[01m[Ksrc/esphome/components/wifi/wifi_component.h:543:36:[m[K [01;31m[Kerror: [m[Krequest for member '[01m[Kpush_back[m[K' in '[01m[K((esphome::wifi::WiFiComponent*)this)->esphome::wifi::WiFiComponent::connect_state_listeners_[m[K', which is of non-class type '[01m[Kint[m[K'
[0m[33m  543 |     this->connect_state_listeners_.[01;31m[Kpush_back[m[K(listener);
[0m      |                                    [01;31m[K^~~~~~~~~[m[K
[33m[01m[Ksrc/esphome/components/wifi/wifi_component.h:[m[K In member function '[01m[Kvoid esphome::wifi::WiFiComponent::[01;32m[Kreset_selected_ap_to_first_if_invalid_[m[K()[m[K':
[0m[33m[01m[Ksrc/esphome/components/wifi/wifi_component.h:639:103:[m[K [01;31m[Kerror: [m[Krequest for member '[01m[Ksize[m[K' in '[01m[K((esphome::wifi::WiFiComponent*)this)->esphome::wifi::WiFiComponent::sta_[m[K', which is of non-class type '[01m[Kint[m[K'
[0m[33m  639 |     if (this->selected_sta_index_ < 0 || static_cast<size_t>(this->selected_sta_index_) >= this->sta_.[01;31m[Ksize[m[K()) {
[0m[33m      |                                                                                                       [01;31m[K^~~~[m[K
[0m[33m[01m[Ksrc/esphome/components/wifi/wifi_component.h:640:46:[m[K [01;31m[Kerror: [m[Krequest for member '[01m[Kempty[m[K' in '[01m[K((esphome::wifi::WiFiComponent*)this)->esphome::wifi::WiFiComponent::sta_[m[K', which is of non-class type '[01m[Kint[m[K'
[0m[33m  640 |       this->selected_sta_index_ = this->sta_.[01;31m[Kempty[m[K() ? -1 : 0;
[0m      |                                              [01;31m[K^~~~~[m[K
[33m[01m[Ksrc/esphome/components/wifi/wifi_component.h:[m[K In member function '[01m[Kbool esphome::wifi::WiFiComponent::[01;32m[Kall_networks_hidden_[m[K() const[m[K':
[0m[33m[01m[Ksrc/esphome/components/wifi/wifi_component.h:645:20:[m[K [01;31m[Kerror: [m[Krequest for member '[01m[Kempty[m[K' in '[01m[K((const esphome::wifi::WiFiComponent*)this)->esphome::wifi::WiFiComponent::sta_[m[K', which is of non-class type '[01m[Kconst int[m[K'
[0m[33m  645 |     if (this->sta_.[01;31m[Kempty[m[K())
[0m      |                    [01;31m[K^~~~~[m[K
[33m[01m[Ksrc/esphome/components/wifi/wifi_component.h:647:33:[m[K [01;31m[Kerror: [m[K'[01m[Kbegin[m[K' was not declared in this scope
[0m[33m  647 |     for (const auto &ap : this->[01;31m[Ksta_[m[K) {
[0m[33m      |                                 [01;31m[K^~~~[m[K
[0m[33m[01m[Ksrc/esphome/components/wifi/wifi_component.h:647:33:[m[K [01;36m[Knote: [m[Ksuggested alternatives:
[0m[33mIn file included from [01m[K/config/.esphome/platformio/packages/toolchain-xtensa-esp-elf/xtensa-esp-elf/include/c++/14.2.0/unordered_map:42[m[K,
[0m[33m                 from [01m[K/config/.esphome/platformio/packages/toolchain-xtensa-esp-elf/xtensa-esp-elf/include/c++/14.2.0/functional:63[m[K,
[0m[33m                 from [01m[K/config/.esphome/platformio/packages/framework-arduinoespressif32/cores/esp32/HardwareSerial.h:49[m[K,
[0m[33m                 from [01m[K/config/.esphome/platformio/packages/framework-arduinoespressif32/cores/esp32/Arduino.h:202[m[K,
[0m[33m                 from [01m[Ksrc/esphome/core/macros.h:7[m[K,
[0m[33m                 from [01m[Ksrc/esphome.h:2[m[K:
[0m[33m[01m[K/config/.esphome/platformio/packages/toolchain-xtensa-esp-elf/xtensa-esp-elf/include/c++/14.2.0/bits/range_access.h:114:37:[m[K [01;36m[Knote: [m[K  '[01m[Kstd::begin[m[K'
[0m[33m  114 |   template<typename _Tp> const _Tp* [01;36m[Kbegin[m[K(const valarray<_Tp>&) noexcept;
[0m      |                                     [01;36m[K^~~~~[m[K
[33mIn file included from [01m[K/config/.esphome/platformio/packages/toolchain-xtensa-esp-elf/xtensa-esp-elf/include/c++/14.2.0/bits/ranges_algobase.h:38[m[K,
[0m[33m                 from [01m[K/config/.esphome/platformio/packages/toolchain-xtensa-esp-elf/xtensa-esp-elf/include/c++/14.2.0/bits/ranges_algo.h:38[m[K,
[0m[33m                 from [01m[K/config/.esphome/platformio/packages/toolchain-xtensa-esp-elf/xtensa-esp-elf/include/c++/14.2.0/algorithm:63[m[K,
[0m[33m                 from [01m[K/config/.esphome/platformio/packages/framework-arduinoespressif32/cores/esp32/Arduino.h:190[m[K:
[0m[33m[01m[K/config/.esphome/platformio/packages/toolchain-xtensa-esp-elf/xtensa-esp-elf/include/c++/14.2.0/bits/ranges_base.h:487:47:[m[K [01;36m[Knote: [m[K  '[01m[Kstd::ranges::_Cpo::begin[m[K'
[0m[33m  487 |     inline constexpr ranges::__access::_Begin [01;36m[Kbegin[m[K{};
[0m      |                                               [01;36m[K^~~~~[m[K
[33mIn file included from [01m[K/config/.esphome/platformio/packages/toolchain-xtensa-esp-elf/xtensa-esp-elf/include/c++/14.2.0/bits/stl_iterator_base_types.h:71[m[K,
[0m[33m                 from [01m[K/config/.esphome/platformio/packages/toolchain-xtensa-esp-elf/xtensa-esp-elf/include/c++/14.2.0/bits/stl_algobase.h:65[m[K,
[0m[33m                 from [01m[K/config/.esphome/platformio/packages/toolchain-xtensa-esp-elf/xtensa-esp-elf/include/c++/14.2.0/bits/specfun.h:43[m[K,
[0m[33m                 from [01m[K/config/.esphome/platformio/packages/toolchain-xtensa-esp-elf/xtensa-esp-elf/include/c++/14.2.0/cmath:3898[m[K,
[0m[33m                 from [01m[K/config/.esphome/platformio/packages/toolchain-xtensa-esp-elf/xtensa-esp-elf/include/c++/14.2.0/math.h:36[m[K,
[0m[33m                 from [01m[K/config/.esphome/platformio/packages/framework-arduinoespressif32/cores/esp32/esp32-hal.h:30[m[K,
[0m[33m                 from [01m[K/config/.esphome/platformio/packages/framework-arduinoespressif32/cores/esp32/Arduino.h:44[m[K:
[0m[33m[01m[K/config/.esphome/platformio/packages/toolchain-xtensa-esp-elf/xtensa-esp-elf/include/c++/14.2.0/bits/iterator_concepts.h:983:10:[m[K [01;36m[Knote: [m[K  '[01m[Kstd::ranges::__access::begin[m[K'
[0m[33m  983 |     void [01;36m[Kbegin[m[K() = delete;
[0m      |          [01;36m[K^~~~~[m[K
[33m[01m[Ksrc/esphome/components/wifi/wifi_component.h:647:33:[m[K [01;31m[Kerror: [m[K'[01m[Kend[m[K' was not declared in this scope
[0m[33m  647 |     for (const auto &ap : this->[01;31m[Ksta_[m[K) {
[0m[33m      |                                 [01;31m[K^~~~[m[K
[0m[33m[01m[Ksrc/esphome/components/wifi/wifi_component.h:647:33:[m[K [01;36m[Knote: [m[Ksuggested alternatives:
[0m[33m[01m[K/config/.esphome/platformio/packages/toolchain-xtensa-esp-elf/xtensa-esp-elf/include/c++/14.2.0/bits/range_access.h:116:37:[m[K [01;36m[Knote: [m[K  '[01m[Kstd::end[m[K'
[0m[33m  116 |   template<typename _Tp> const _Tp* [01;36m[Kend[m[K(const valarray<_Tp>&) noexcept;
[0m[33m      |                                     [01;36m[K^~~[m[K
[0m[33m[01m[K/config/.esphome/platformio/packages/toolchain-xtensa-esp-elf/xtensa-esp-elf/include/c++/14.2.0/bits/ranges_base.h:488:45:[m[K [01;36m[Knote: [m[K  '[01m[Kstd::ranges::_Cpo::end[m[K'
[0m[33m  488 |     inline constexpr ranges::__access::_End [01;36m[Kend[m[K{};
[0m[33m      |                                             [01;36m[K^~~[m[K
[0m[33m[01m[K/config/.esphome/platformio/packages/toolchain-xtensa-esp-elf/xtensa-esp-elf/include/c++/14.2.0/bits/ranges_base.h:138:10:[m[K [01;36m[Knote: [m[K  '[01m[Kstd::ranges::__access::end[m[K'
[0m[33m  138 |     void [01;36m[Kend[m[K() = delete;
[0m[33m      |          [01;36m[K^~~[m[K
[0m[33m[01m[Ksrc/esphome/components/wifi/wifi_component.h:[m[K At global scope:
[0m[33m[01m[Ksrc/esphome/components/wifi/wifi_component.h:853:8:[m[K [01;31m[Kerror: [m[K'[01m[KWiFiComponent[m[K' does not name a type
[0m[33m  853 | extern [01;31m[KWiFiComponent[m[K *global_wifi_component;  // NOLINT(cppcoreguidelines-avoid-non-const-global-variables)
[0m      |        [01;31m[K^~~~~~~~~~~~~[m[K
[33m[01m[Ksrc/esphome/components/wifi/automation.h:[m[K In member function '[01m[Kbool esphome::wifi::WiFiConnectedCondition<Ts>::[01;32m[Kcheck[m[K(const Ts& ...)[m[K':
[0m[33m[01m[Ksrc/esphome/components/wifi/automation.h:11:48:[m[K [01;31m[Kerror: [m[K'[01m[Kglobal_wifi_component[m[K' was not declared in this scope
[0m[33m   11 |   bool check(const Ts &...x) override { return [01;31m[Kglobal_wifi_component[m[K->is_connected(); }
[0m      |                                                [01;31m[K^~~~~~~~~~~~~~~~~~~~~[m[K
[33m[01m[Ksrc/esphome/components/wifi/automation.h:[m[K In member function '[01m[Kbool esphome::wifi::WiFiEnabledCondition<Ts>::[01;32m[Kcheck[m[K(const Ts& ...)[m[K':
[0m[33m[01m[Ksrc/esphome/components/wifi/automation.h:16:49:[m[K [01;31m[Kerror: [m[K'[01m[Kglobal_wifi_component[m[K' was not declared in this scope
[0m[33m   16 |   bool check(const Ts &...x) override { return ![01;31m[Kglobal_wifi_component[m[K->is_disabled(); }
[0m      |                                                 [01;31m[K^~~~~~~~~~~~~~~~~~~~~[m[K
[33m[01m[Ksrc/esphome/components/wifi/automation.h:[m[K In member function '[01m[Kbool esphome::wifi::WiFiAPActiveCondition<Ts>::[01;32m[Kcheck[m[K(const Ts& ...)[m[K':
[0m[33m[01m[Ksrc/esphome/components/wifi/automation.h:21:48:[m[K [01;31m[Kerror: [m[K'[01m[Kglobal_wifi_component[m[K' was not declared in this scope
[0m[33m   21 |   bool check(const Ts &...x) override { return [01;31m[Kglobal_wifi_component[m[K->is_ap_active(); }
[0m      |                                                [01;31m[K^~~~~~~~~~~~~~~~~~~~~[m[K
[33m[01m[Ksrc/esphome/components/wifi/automation.h:[m[K In member function '[01m[Kvoid esphome::wifi::WiFiEnableAction<Ts>::[01;32m[Kplay[m[K(const Ts& ...)[m[K':
[0m[33m[01m[Ksrc/esphome/components/wifi/automation.h:26:40:[m[K [01;31m[Kerror: [m[K'[01m[Kglobal_wifi_component[m[K' was not declared in this scope
[0m[33m   26 |   void play(const Ts &...x) override { [01;31m[Kglobal_wifi_component[m[K->enable(); }
[0m      |                                        [01;31m[K^~~~~~~~~~~~~~~~~~~~~[m[K
[33m[01m[Ksrc/esphome/components/wifi/automation.h:[m[K In member function '[01m[Kvoid esphome::wifi::WiFiDisableAction<Ts>::[01;32m[Kplay[m[K(const Ts& ...)[m[K':
[0m[33m[01m[Ksrc/esphome/components/wifi/automation.h:31:40:[m[K [01;31m[Kerror: [m[K'[01m[Kglobal_wifi_component[m[K' was not declared in this scope
[0m[33m   31 |   void play(const Ts &...x) override { [01;31m[Kglobal_wifi_component[m[K->disable(); }
[0m      |                                        [01;31m[K^~~~~~~~~~~~~~~~~~~~~[m[K
[33m[01m[Ksrc/esphome/components/wifi/automation.h:[m[K At global scope:
[0m[33m[01m[Ksrc/esphome/components/wifi/automation.h:111:3:[m[K [01;31m[Kerror: [m[K'[01m[KWiFiAP[m[K' does not name a type
[0m[33m  111 |   [01;31m[KWiFiAP[m[K new_sta_;
[0m      |   [01;31m[K^~~~~~[m[K
[33m[01m[Ksrc/esphome/components/wifi/automation.h:112:3:[m[K [01;31m[Kerror: [m[K'[01m[KWiFiAP[m[K' does not name a type
[0m[33m  112 |   [01;31m[KWiFiAP[m[K old_sta_;
[0m      |   [01;31m[K^~~~~~[m[K
[33m[01m[Ksrc/esphome/components/wifi/automation.h:[m[K In member function '[01m[Kvoid esphome::wifi::WiFiConfigureAction<Ts>::[01;32m[Kplay[m[K(const Ts& ...)[m[K':
[0m[33m[01m[Ksrc/esphome/components/wifi/automation.h:48:19:[m[K [01;31m[Kerror: [m[K'[01m[KSSID_BUFFER_SIZE[m[K' was not declared in this scope; did you mean '[01m[Kesphome::wifi::SSID_BUFFER_SIZE[m[K'?
[0m[33m   48 |     char ssid_buf[[01;31m[KSSID_BUFFER_SIZE[m[K];
[0m      |                   [01;31m[K^~~~~~~~~~~~~~~~[m[K
[33m      |                   [32m[Kesphome::wifi::SSID_BUFFER_SIZE[m[K
[0m[33m[01m[Ksrc/esphome/components/wifi/wifi_component.h:59:25:[m[K [01;36m[Knote: [m[K'[01m[Kesphome::wifi::SSID_BUFFER_SIZE[m[K' declared here
[0m[33m   59 | static constexpr size_t [01;36m[KSSID_BUFFER_SIZE[m[K = 33;
[0m      |                         [01;36m[K^~~~~~~~~~~~~~~~[m[K
[33m[01m[Ksrc/esphome/components/wifi/automation.h:49:16:[m[K [01;31m[Kerror: [m[K'[01m[Kglobal_wifi_component[m[K' was not declared in this scope
[0m[33m   49 |     if (strcmp([01;31m[Kglobal_wifi_component[m[K->wifi_ssid_to(ssid_buf), ssid.c_str()) == 0) {
[0m      |                [01;31m[K^~~~~~~~~~~~~~~~~~~~~[m[K
[33m[01m[Ksrc/esphome/components/wifi/automation.h:49:52:[m[K [01;31m[Kerror: [m[K'[01m[Kssid_buf[m[K' was not declared in this scope; did you mean '[01m[Kssid_[m[K'?
[0m[33m   49 |     if (strcmp(global_wifi_component->wifi_ssid_to([01;31m[Kssid_buf[m[K), ssid.c_str()) == 0) {
[0m      |                                                    [01;31m[K^~~~~~~~[m[K
[33m      |                                                    [32m[Kssid_[m[K
[0m[33m[01m[Ksrc/esphome/components/wifi/automation.h:58:22:[m[K [01;31m[Kerror: [m[K'[01m[Kglobal_wifi_component[m[K' was not declared in this scope
[0m[33m   58 |     this->old_sta_ = [01;31m[Kglobal_wifi_component[m[K->get_sta();
[0m      |                      [01;31m[K^~~~~~~~~~~~~~~~~~~~~[m[K
[33m[01m[Ksrc/esphome/components/wifi/automation.h:67:44:[m[K [01;31m[Kerror: [m[K'[01m[Knew_sta_[m[K' was not declared in this scope
[0m[33m   67 |       global_wifi_component->save_wifi_sta([01;31m[Knew_sta_[m[K.get_ssid(), new_sta_.get_password());
[0m      |                                            [01;31m[K^~~~~~~~[m[K
[33m[01m[Ksrc/esphome/components/wifi/automation.h:69:38:[m[K [01;31m[Kerror: [m[K'[01m[Knew_sta_[m[K' was not declared in this scope
[0m[33m   69 |       global_wifi_component->set_sta([01;31m[Knew_sta_[m[K);
[0m      |                                      [01;31m[K^~~~~~~~[m[K
[33m[01m[Ksrc/esphome/components/wifi/automation.h:[m[K In lambda function:
[0m[33m[01m[Ksrc/esphome/components/wifi/automation.h:76:7:[m[K [01;31m[Kerror: [m[K'[01m[Kglobal_wifi_component[m[K' is not captured
[0m[33m   76 |       [01;31m[Kglobal_wifi_component[m[K->disable();
[0m      |       [01;31m[K^~~~~~~~~~~~~~~~~~~~~[m[K
[33m[01m[Ksrc/esphome/components/wifi/automation.h:74:97:[m[K [01;36m[Knote: [m[Kthe lambda has no capture-default
[0m[33m   74 |     this->set_timeout("wifi-connect-timeout", this->connection_timeout_.value(x...), [this, x...[01;36m[K][m[K() {
[0m[33m      |                                                                                                 [01;36m[K^[m[K
[0m[33m[01m[Ksrc/esphome/components/wifi/automation.h:58:22:[m[K [01;36m[Knote: [m[K'[01m[K<typeprefixerror>global_wifi_component[m[K' declared here
[0m[33m   58 |     this->old_sta_ = [01;36m[Kglobal_wifi_component[m[K->get_sta();
[0m      |                      [01;36m[K^~~~~~~~~~~~~~~~~~~~~[m[K
[33m[01m[Ksrc/esphome/components/wifi/automation.h:77:7:[m[K [01;31m[Kerror: [m[K'[01m[Kglobal_wifi_component[m[K' is not captured
[0m[33m   77 |       [01;31m[Kglobal_wifi_component[m[K->save_wifi_sta(old_sta_.get_ssid(), old_sta_.get_password());
[0m      |       [01;31m[K^~~~~~~~~~~~~~~~~~~~~[m[K
[33m[01m[Ksrc/esphome/components/wifi/automation.h:74:97:[m[K [01;36m[Knote: [m[Kthe lambda has no capture-default
[0m[33m   74 |     this->set_timeout("wifi-connect-timeout", this->connection_timeout_.value(x...), [this, x...[01;36m[K][m[K() {
[0m[33m      |                                                                                                 [01;36m[K^[m[K
[0m[33m[01m[Ksrc/esphome/components/wifi/automation.h:58:22:[m[K [01;36m[Knote: [m[K'[01m[K<typeprefixerror>global_wifi_component[m[K' declared here
[0m[33m   58 |     this->old_sta_ = [01;36m[Kglobal_wifi_component[m[K->get_sta();
[0m      |                      [01;36m[K^~~~~~~~~~~~~~~~~~~~~[m[K
[33m[01m[Ksrc/esphome/components/wifi/automation.h:77:44:[m[K [01;31m[Kerror: [m[K'[01m[Kold_sta_[m[K' was not declared in this scope
[0m[33m   77 |       global_wifi_component->save_wifi_sta([01;31m[Kold_sta_[m[K.get_ssid(), old_sta_.get_password());
[0m      |                                            [01;31m[K^~~~~~~~[m[K
[33m[01m[Ksrc/esphome/components/wifi/automation.h:78:7:[m[K [01;31m[Kerror: [m[K'[01m[Kglobal_wifi_component[m[K' is not captured
[0m[33m   78 |       [01;31m[Kglobal_wifi_component[m[K->enable();
[0m      |       [01;31m[K^~~~~~~~~~~~~~~~~~~~~[m[K
[33m[01m[Ksrc/esphome/components/wifi/automation.h:74:97:[m[K [01;36m[Knote: [m[Kthe lambda has no capture-default
[0m[33m   74 |     this->set_timeout("wifi-connect-timeout", this->connection_timeout_.value(x...), [this, x...[01;36m[K][m[K() {
[0m[33m      |                                                                                                 [01;36m[K^[m[K
[0m[33m[01m[Ksrc/esphome/components/wifi/automation.h:58:22:[m[K [01;36m[Knote: [m[K'[01m[K<typeprefixerror>global_wifi_component[m[K' declared here
[0m[33m   58 |     this->old_sta_ = [01;36m[Kglobal_wifi_component[m[K->get_sta();
[0m      |                      [01;36m[K^~~~~~~~~~~~~~~~~~~~~[m[K
[31m*** [.pioenvs/johnhousegarage/src/esphome/components/pn7160/pn7160_mifare_classic.cpp.o] Error 1
[0m[31m*** [.pioenvs/johnhousegarage/src/esphome/components/pn7160/pn7160_mifare_ultralight.cpp.o] Error 1
[0m[31m*** [.pioenvs/johnhousegarage/src/esphome/components/pn7160/pn7160.cpp.o] Error 1
[0m[31m*** [.pioenvs/johnhousegarage/src/esphome/components/pn7160_i2c/pn7160_i2c.cpp.o] Error 1
[0m[33m[01m[Ksrc/esphome/components/wifi/automation.h:[m[K In member function '[01m[Kvoid esphome::wifi::WiFiConfigureAction<Ts>::[01;32m[Kloop[m[K()[m[K':
[0m[33m[01m[Ksrc/esphome/components/wifi/automation.h:93:9:[m[K [01;31m[Kerror: [m[K'[01m[Kglobal_wifi_component[m[K' was not declared in this scope
[0m[33m   93 |     if ([01;31m[Kglobal_wifi_component[m[K->is_connected()) {
[0m      |         [01;31m[K^~~~~~~~~~~~~~~~~~~~~[m[K
[33m[01m[Ksrc/esphome/components/wifi/automation.h:98:21:[m[K [01;31m[Kerror: [m[K'[01m[KSSID_BUFFER_SIZE[m[K' was not declared in this scope; did you mean '[01m[Kesphome::wifi::SSID_BUFFER_SIZE[m[K'?
[0m[33m   98 |       char ssid_buf[[01;31m[KSSID_BUFFER_SIZE[m[K];
[0m      |                     [01;31m[K^~~~~~~~~~~~~~~~[m[K
[33m      |                     [32m[Kesphome::wifi::SSID_BUFFER_SIZE[m[K
[0m[33m[01m[Ksrc/esphome/components/wifi/wifi_component.h:59:25:[m[K [01;36m[Knote: [m[K'[01m[Kesphome::wifi::SSID_BUFFER_SIZE[m[K' declared here
[0m[33m   59 | static constexpr size_t [01;36m[KSSID_BUFFER_SIZE[m[K = 33;
[0m      |                         [01;36m[K^~~~~~~~~~~~~~~~[m[K
[33m[01m[Ksrc/esphome/components/wifi/automation.h:99:54:[m[K [01;31m[Kerror: [m[K'[01m[Kssid_buf[m[K' was not declared in this scope; did you mean '[01m[Kssid_[m[K'?
[0m[33m   99 |       if (strcmp(global_wifi_component->wifi_ssid_to([01;31m[Kssid_buf[m[K), this->new_sta_.get_ssid().c_str()) == 0) {
[0m      |                                                      [01;31m[K^~~~~~~~[m[K
[33m      |                                                      [32m[Kssid_[m[K
[0m[33m[01m[Ksrc/main.cpp:[m[K In function '[01m[Kvoid esphome::nfc::[01;32m[Ksetup[m[K()[m[K':
[0m[33m[01m[Ksrc/main.cpp:171:34:[m[K [01;31m[Kerror: [m[Kcannot convert '[01m[Kesphome::wifi::WiFiAP[m[K' to '[01m[Kconst int&[m[K'
[0m[33m  171 |   wifi_wificomponent_id->add_sta([01;31m[Kwifi_wifiap_id_2[m[K);
[0m      |                                  [01;31m[K^~~~~~~~~~~~~~~~[m[K
[33m      |                                  [01;31m[K|[m[K
[0m[33m      |                                  [01;31m[Kesphome::wifi::WiFiAP[m[K
[0m[33m[01m[Ksrc/esphome/components/wifi/wifi_component.h:398:30:[m[K [01;36m[Knote: [m[K  initializing argument 1 of '[01m[Kvoid esphome::wifi::WiFiComponent::[01;32m[Kadd_sta[m[K(const int&)[m[K'
[0m[33m  398 |   void add_sta([01;36m[Kconst WiFiAP &ap[m[K);
[0m      |                [01;36m[K~~~~~~~~~~~~~~^~[m[K
[33m[01m[Ksrc/main.cpp:176:33:[m[K [01;31m[Kerror: [m[Kcannot convert '[01m[Kesphome::wifi::WiFiAP[m[K' to '[01m[Kconst int&[m[K'
[0m[33m  176 |   wifi_wificomponent_id->set_ap([01;31m[Kwifi_wifiap_id[m[K);
[0m      |                                 [01;31m[K^~~~~~~~~~~~~~[m[K
[33m      |                                 [01;31m[K|[m[K
[0m[33m      |                                 [01;31m[Kesphome::wifi::WiFiAP[m[K
[0m[33m[01m[Ksrc/esphome/components/wifi/wifi_component.h:409:29:[m[K [01;36m[Knote: [m[K  initializing argument 1 of '[01m[Kvoid esphome::wifi::WiFiComponent::[01;32m[Kset_ap[m[K(const int&)[m[K'
[0m[33m  409 |   void set_ap([01;36m[Kconst WiFiAP &ap[m[K);
[0m      |               [01;36m[K~~~~~~~~~~~~~~^~[m[K
[33mIn file included from [01m[Ksrc/esphome.h:82[m[K:
[0m[33m[01m[Ksrc/esphome/components/template/binary_sensor/template_binary_sensor.h:[m[K At global scope:
[0m[33m[01m[Ksrc/esphome/components/template/binary_sensor/template_binary_sensor.h:11:29:[m[K [01;35m[Kwarning: [m[K'[01m[Kvoid esphome::template_::TemplateBinarySensor::set_template(F&&) [with F = esphome::nfc::setup()::<lambda()>][m[K' used but never defined
[0m[33m   11 |   template<typename F> void [01;35m[Kset_template[m[K(F &&f) { this->f_.set(std::forward<F>(f)); }
[0m      |                             [01;35m[K^~~~~~~~~~~~[m[K
[33mIn file included from [01m[Ksrc/esphome.h:13[m[K:
[0m[33m[01m[Ksrc/esphome/components/api/homeassistant_service.h:123:29:[m[K [01;35m[Kwarning: [m[K'[01m[Kvoid esphome::api::HomeAssistantServiceCallAction<Ts>::add_data(const char*, V&&) [with V = esphome::nfc::setup()::<lambda(std::string, esphome::nfc::NfcTag)>; Ts = {std::__cxx11::basic_string<char, std::char_traits<char>, std::allocator<char> >, esphome::nfc::NfcTag}][m[K' used but never defined
[0m[33m  123 |   template<typename V> void [01;35m[Kadd_data[m[K(const char *key, V &&value) {
[0m      |                             [01;35m[K^~~~~~~~[m[K
[31m*** [.pioenvs/johnhousegarage/src/main.cpp.o] Error 1
[0m========================= [[31m[1mFAILED[0m] Took 21.67 seconds =========================[0m
[0m